uid,source_path,cached_path,config_hash,preprocessing_config,source_mtime,status,error,vmin,vmax,vmean,vstd,nonzero_fraction,all_finite,warnings
xaji0y6d,c:\Users\myben\OneDrive\Documents\GitHub\DaT-Parkinson\niftis\xaji0y6d.nii.gz,c:\Users\myben\OneDrive\Documents\GitHub\DaT-Parkinson\preproc_cache\xaji0y6d_f84f2b8d5a9e.npy,f84f2b8d5a9e,"{""centroid_threshold_pct"": 0.4, ""crop_size"": 64, ""intensity_p_high"": 99, ""intensity_p_low"": 1, ""target_spacing_mm"": 2.9}",1785260376.979135,cached,,0.0,1.0,0.26334699988365173,0.2392633557319641,0.8790473937988281,True,high_intensity_touches_boundary:y
pbhsahxt,c:\Users\myben\OneDrive\Documents\GitHub\DaT-Parkinson\niftis\pbhsahxt.nii.gz,c:\Users\myben\OneDrive\Documents\GitHub\DaT-Parkinson\preproc_cache\pbhsahxt_f84f2b8d5a9e.npy,f84f2b8d5a9e,"{""centroid_threshold_pct"": 0.4, ""crop_size"": 64, ""intensity_p_high"": 99, ""intensity_p_low"": 1, ""target_spacing_mm"": 2.9}",1785260372.8243015,cached,,0.0,1.0,0.20333661139011383,0.2320360392332077,0.76690673828125,True,high_intensity_touches_boundary:y
hv3a3zmf,c:\Users\myben\OneDrive\Documents\GitHub\DaT-Parkinson\niftis\hv3a3zmf.nii.gz,c:\Users\myben\OneDrive\Documents\GitHub\DaT-Parkinson\preproc_cache\hv3a3zmf_f84f2b8d5a9e.npy,f84f2b8d5a9e,"{""centroid_threshold_pct"": 0.4, ""crop_size"": 64, ""intensity_p_high"": 99, ""intensity_p_low"": 1, ""target_spacing_mm"": 2.9}",1785260368.8827028,cached,,0.0,1.0,0.20552681386470795,0.24953201413154602,0.7359237670898438,True,
8mdd4v30,c:\Users\myben\OneDrive\Documents\GitHub\DaT-Parkinson\niftis\8mdd4v30.nii.gz,c:\Users\myben\OneDrive\Documents\GitHub\DaT-Parkinson\preproc_cache\8mdd4v30_f84f2b8d5a9e.npy,f84f2b8d5a9e,"{""centroid_threshold_pct"": 0.4, ""crop_size"": 64, ""intensity_p_high"": 99, ""intensity_p_low"": 1, ""target_spacing_mm"": 2.9}",1785260363.9046826,cached,,0.0,1.0,0.23906591534614563,0.23841369152069092,0.8484916687011719,True,high_intensity_touches_boundary:y
t9nt3w5u,c:\Users\myben\OneDrive\Documents\GitHub\DaT-Parkinson\niftis\t9nt3w5u.nii.gz,c:\Users\myben\OneDrive\Documents\GitHub\DaT-Parkinson\preproc_cache\t9nt3w5u_f84f2b8d5a9e.npy,f84f2b8d5a9e,"{""centroid_threshold_pct"": 0.4, ""crop_size"": 64, ""intensity_p_high"": 99, ""intensity_p_low"": 1, ""target_spacing_mm"": 2.9}",1785260374.9231496,cached,,0.0,1.0,0.24849484860897064,0.26004284620285034,0.8399696350097656,True,
zbikcidk,c:\Users\myben\OneDrive\Documents\GitHub\DaT-Parkinson\niftis\zbikcidk.nii.gz,c:\Users\myben\OneDrive\Documents\GitHub\DaT-Parkinson\preproc_cache\zbikcidk_f84f2b8d5a9e.npy,f84f2b8d5a9e,"{""centroid_threshold_pct"": 0.4, ""crop_size"": 64, ""intensity_p_high"": 99, ""intensity_p_low"": 1, ""target_spacing_mm"": 2.9}",1785260378.201407,cached,,0.0,1.0,0.26151043176651,0.2885565757751465,0.7757530212402344,True,high_intensity_touches_boundary:y
wnnhj7xv,c:\Users\myben\OneDrive\Documents\GitHub\DaT-Parkinson\niftis\wnnhj7xv.nii.gz,c:\Users\myben\OneDrive\Documents\GitHub\DaT-Parkinson\preproc_cache\wnnhj7xv_f84f2b8d5a9e.npy,f84f2b8d5a9e,"{""centroid_threshold_pct"": 0.4, ""crop_size"": 64, ""intensity_p_high"": 99, ""intensity_p_low"": 1, ""target_spacing_mm"": 2.9}",1785260376.752545,cached,,0.0,1.0,0.27502286434173584,0.26476842164993286,0.8110885620117188,True,high_intensity_touches_boundary:y
g0fn9xuy,c:\Users\myben\OneDrive\Documents\GitHub\DaT-Parkinson\niftis\g0fn9xuy.nii.gz,c:\Users\myben\OneDrive\Documents\GitHub\DaT-Parkinson\preproc_cache\g0fn9xuy_f84f2b8d5a9e.npy,f84f2b8d5a9e,"{""centroid_threshold_pct"": 0.4, ""crop_size"": 64, ""intensity_p_high"": 99, ""intensity_p_low"": 1, ""target_spacing_mm"": 2.9}",1785260367.9476347,cached,,0.0,1.0,0.21995125710964203,0.23079922795295715,0.7753524780273438,True,high_intensity_touches_boundary:y
41ibljh7,c:\Users\myben\OneDrive\Documents\GitHub\DaT-Parkinson\niftis\41ibljh7.nii.gz,c:\Users\myben\OneDrive\Documents\GitHub\DaT-Parkinson\preproc_cache\41ibljh7_f84f2b8d5a9e.npy,f84f2b8d5a9e,"{""centroid_threshold_pct"": 0.4, ""crop_size"": 64, ""intensity_p_high"": 99, ""intensity_p_low"": 1, ""target_spacing_mm"": 2.9}",1785260361.4475255,cached,,0.0,1.0,0.23406553268432617,0.27074459195137024,0.7691726684570312,True,
5lxo6qji,c:\Users\myben\OneDrive\Documents\GitHub\DaT-Parkinson\niftis\5lxo6qji.nii.gz,c:\Users\myben\OneDrive\Documents\GitHub\DaT-Parkinson\preproc_cache\5lxo6qji_f84f2b8d5a9e.npy,f84f2b8d5a9e,"{""centroid_threshold_pct"": 0.4, ""crop_size"": 64, ""intensity_p_high"": 99, ""intensity_p_low"": 1, ""target_spacing_mm"": 2.9}",1785260362.3861184,cached,,0.0,1.0,0.2716418504714966,0.2893659770488739,0.8426284790039062,True,
ujv6oh9s,c:\Users\myben\OneDrive\Documents\GitHub\DaT-Parkinson\niftis\ujv6oh9s.nii.gz,c:\Users\myben\OneDrive\Documents\GitHub\DaT-Parkinson\preproc_cache\ujv6oh9s_f84f2b8d5a9e.npy,f84f2b8d5a9e,"{""centroid_threshold_pct"": 0.4, ""crop_size"": 64, ""intensity_p_high"": 99, ""intensity_p_low"": 1, ""target_spacing_mm"": 2.9}",1785260375.5598915,cached,,0.0,1.0,0.2602607011795044,0.2895638644695282,0.7937850952148438,True,high_intensity_touches_boundary:y
dbdw2pcn,c:\Users\myben\OneDrive\Documents\GitHub\DaT-Parkinson\niftis\dbdw2pcn.nii.gz,c:\Users\myben\OneDrive\Documents\GitHub\DaT-Parkinson\preproc_cache\dbdw2pcn_f84f2b8d5a9e.npy,f84f2b8d5a9e,"{""centroid_threshold_pct"": 0.4, ""crop_size"": 64, ""intensity_p_high"": 99, ""intensity_p_low"": 1, ""target_spacing_mm"": 2.9}",1785260366.2974622,cached,,0.0,1.0,0.2526029944419861,0.26281315088272095,0.7822303771972656,True,high_intensity_touches_boundary:y
9t84azyt,c:\Users\myben\OneDrive\Documents\GitHub\DaT-Parkinson\niftis\9t84azyt.nii.gz,c:\Users\myben\OneDrive\Documents\GitHub\DaT-Parkinson\preproc_cache\9t84azyt_f84f2b8d5a9e.npy,f84f2b8d5a9e,"{""centroid_threshold_pct"": 0.4, ""crop_size"": 64, ""intensity_p_high"": 99, ""intensity_p_low"": 1, ""target_spacing_mm"": 2.9}",1785260364.433982,cached,,0.0,1.0,0.21175450086593628,0.28086939454078674,0.6379470825195312,True,
jxepq85j,c:\Users\myben\OneDrive\Documents\GitHub\DaT-Parkinson\niftis\jxepq85j.nii.gz,c:\Users\myben\OneDrive\Documents\GitHub\DaT-Parkinson\preproc_cache\jxepq85j_f84f2b8d5a9e.npy,f84f2b8d5a9e,"{""centroid_threshold_pct"": 0.4, ""crop_size"": 64, ""intensity_p_high"": 99, ""intensity_p_low"": 1, ""target_spacing_mm"": 2.9}",1785260369.8866785,cached,,0.0,1.0,0.2900693118572235,0.2539895176887512,0.8800544738769531,True,high_intensity_touches_boundary:y
sg65kxvf,c:\Users\myben\OneDrive\Documents\GitHub\DaT-Parkinson\niftis\sg65kxvf.nii.gz,c:\Users\myben\OneDrive\Documents\GitHub\DaT-Parkinson\preproc_cache\sg65kxvf_f84f2b8d5a9e.npy,f84f2b8d5a9e,"{""centroid_threshold_pct"": 0.4, ""crop_size"": 64, ""intensity_p_high"": 99, ""intensity_p_low"": 1, ""target_spacing_mm"": 2.9}",1785260374.5117135,cached,,0.0,1.0,0.3168036937713623,0.29640746116638184,0.8590316772460938,True,high_intensity_touches_boundary:y
1t2tala7,c:\Users\myben\OneDrive\Documents\GitHub\DaT-Parkinson\niftis\1t2tala7.nii.gz,c:\Users\myben\OneDrive\Documents\GitHub\DaT-Parkinson\preproc_cache\1t2tala7_f84f2b8d5a9e.npy,f84f2b8d5a9e,"{""centroid_threshold_pct"": 0.4, ""crop_size"": 64, ""intensity_p_high"": 99, ""intensity_p_low"": 1, ""target_spacing_mm"": 2.9}",1785260360.2144022,cached,,0.0,1.0,0.22566184401512146,0.2756115198135376,0.7826194763183594,True,
53lc58dr,c:\Users\myben\OneDrive\Documents\GitHub\DaT-Parkinson\niftis\53lc58dr.nii.gz,c:\Users\myben\OneDrive\Documents\GitHub\DaT-Parkinson\preproc_cache\53lc58dr_f84f2b8d5a9e.npy,f84f2b8d5a9e,"{""centroid_threshold_pct"": 0.4, ""crop_size"": 64, ""intensity_p_high"": 99, ""intensity_p_low"": 1, ""target_spacing_mm"": 2.9}",1785260362.134935,cached,,0.0,1.0,0.2972508668899536,0.28635403513908386,0.8576202392578125,True,high_intensity_touches_boundary:y
c11ertj5,c:\Users\myben\OneDrive\Documents\GitHub\DaT-Parkinson\niftis\c11ertj5.nii.gz,c:\Users\myben\OneDrive\Documents\GitHub\DaT-Parkinson\preproc_cache\c11ertj5_f84f2b8d5a9e.npy,f84f2b8d5a9e,"{""centroid_threshold_pct"": 0.4, ""crop_size"": 64, ""intensity_p_high"": 99, ""intensity_p_low"": 1, ""target_spacing_mm"": 2.9}",1785260365.4399092,cached,,0.0,1.0,0.2019871026277542,0.2975296676158905,0.5611839294433594,True,
9mx2x18h,c:\Users\myben\OneDrive\Documents\GitHub\DaT-Parkinson\niftis\9mx2x18h.nii.gz,c:\Users\myben\OneDrive\Documents\GitHub\DaT-Parkinson\preproc_cache\9mx2x18h_f84f2b8d5a9e.npy,f84f2b8d5a9e,"{""centroid_threshold_pct"": 0.4, ""crop_size"": 64, ""intensity_p_high"": 99, ""intensity_p_low"": 1, ""target_spacing_mm"": 2.9}",1785260364.336567,cached,,0.0,1.0,0.29605191946029663,0.23887744545936584,0.8480453491210938,True,"high_intensity_touches_boundary:x,y"
afeyuhz1,c:\Users\myben\OneDrive\Documents\GitHub\DaT-Parkinson\niftis\afeyuhz1.nii.gz,c:\Users\myben\OneDrive\Documents\GitHub\DaT-Parkinson\preproc_cache\afeyuhz1_f84f2b8d5a9e.npy,f84f2b8d5a9e,"{""centroid_threshold_pct"": 0.4, ""crop_size"": 64, ""intensity_p_high"": 99, ""intensity_p_low"": 1, ""target_spacing_mm"": 2.9}",1785260364.6847048,cached,,0.0,1.0,0.3098970651626587,0.29326432943344116,0.6696014404296875,True,"high_intensity_touches_boundary:y,z"
gv0e38da,c:\Users\myben\OneDrive\Documents\GitHub\DaT-Parkinson\niftis\gv0e38da.nii.gz,c:\Users\myben\OneDrive\Documents\GitHub\DaT-Parkinson\preproc_cache\gv0e38da_f84f2b8d5a9e.npy,f84f2b8d5a9e,"{""centroid_threshold_pct"": 0.4, ""crop_size"": 64, ""intensity_p_high"": 99, ""intensity_p_low"": 1, ""target_spacing_mm"": 2.9}",1785260368.451895,cached,,0.0,1.0,0.20326641201972961,0.2691883146762848,0.5718231201171875,True,high_intensity_touches_boundary:y
ly8ozcyw,c:\Users\myben\OneDrive\Documents\GitHub\DaT-Parkinson\niftis\ly8ozcyw.nii.gz,c:\Users\myben\OneDrive\Documents\GitHub\DaT-Parkinson\preproc_cache\ly8ozcyw_f84f2b8d5a9e.npy,f84f2b8d5a9e,"{""centroid_threshold_pct"": 0.4, ""crop_size"": 64, ""intensity_p_high"": 99, ""intensity_p_low"": 1, ""target_spacing_mm"": 2.9}",1785260370.9651976,cached,,0.0,1.0,0.25712108612060547,0.28072282671928406,0.5641212463378906,True,high_intensity_touches_boundary:y
d14ve92m,c:\Users\myben\OneDrive\Documents\GitHub\DaT-Parkinson\niftis\d14ve92m.nii.gz,c:\Users\myben\OneDrive\Documents\GitHub\DaT-Parkinson\preproc_cache\d14ve92m_f84f2b8d5a9e.npy,f84f2b8d5a9e,"{""centroid_threshold_pct"": 0.4, ""crop_size"": 64, ""intensity_p_high"": 99, ""intensity_p_low"": 1, ""target_spacing_mm"": 2.9}",1785260366.036474,cached,,0.0,1.0,0.310258686542511,0.2610797584056854,0.768402099609375,True,"high_intensity_touches_boundary:y,z"
pnsm43d8,c:\Users\myben\OneDrive\Documents\GitHub\DaT-Parkinson\niftis\pnsm43d8.nii.gz,c:\Users\myben\OneDrive\Documents\GitHub\DaT-Parkinson\preproc_cache\pnsm43d8_f84f2b8d5a9e.npy,f84f2b8d5a9e,"{""centroid_threshold_pct"": 0.4, ""crop_size"": 64, ""intensity_p_high"": 99, ""intensity_p_low"": 1, ""target_spacing_mm"": 2.9}",1785260373.0034432,cached,,0.0,1.0,0.13142257928848267,0.2502867877483368,0.2793464660644531,True,
w3zp08j3,c:\Users\myben\OneDrive\Documents\GitHub\DaT-Parkinson\niftis\w3zp08j3.nii.gz,c:\Users\myben\OneDrive\Documents\GitHub\DaT-Parkinson\preproc_cache\w3zp08j3_f84f2b8d5a9e.npy,f84f2b8d5a9e,"{""centroid_threshold_pct"": 0.4, ""crop_size"": 64, ""intensity_p_high"": 99, ""intensity_p_low"": 1, ""target_spacing_mm"": 2.9}",1785260376.4608028,cached,,0.0,1.0,0.31364911794662476,0.3004845380783081,0.644683837890625,True,high_intensity_touches_boundary:y
trp0j43d,c:\Users\myben\OneDrive\Documents\GitHub\DaT-Parkinson\niftis\trp0j43d.nii.gz,c:\Users\myben\OneDrive\Documents\GitHub\DaT-Parkinson\preproc_cache\trp0j43d_f84f2b8d5a9e.npy,f84f2b8d5a9e,"{""centroid_threshold_pct"": 0.4, ""crop_size"": 64, ""intensity_p_high"": 99, ""intensity_p_low"": 1, ""target_spacing_mm"": 2.9}",1785260375.1486483,cached,,0.0,1.0,0.2556900978088379,0.2805576026439667,0.59442138671875,True,high_intensity_touches_boundary:y
5iqvnb4g,c:\Users\myben\OneDrive\Documents\GitHub\DaT-Parkinson\niftis\5iqvnb4g.nii.gz,c:\Users\myben\OneDrive\Documents\GitHub\DaT-Parkinson\preproc_cache\5iqvnb4g_f84f2b8d5a9e.npy,f84f2b8d5a9e,"{""centroid_threshold_pct"": 0.4, ""crop_size"": 64, ""intensity_p_high"": 99, ""intensity_p_low"": 1, ""target_spacing_mm"": 2.9}",1785260362.3590815,cached,,0.0,1.0,0.3216707408428192,0.2520556151866913,0.8731307983398438,True,high_intensity_touches_boundary:y
h2m5zja8,c:\Users\myben\OneDrive\Documents\GitHub\DaT-Parkinson\niftis\h2m5zja8.nii.gz,c:\Users\myben\OneDrive\Documents\GitHub\DaT-Parkinson\preproc_cache\h2m5zja8_f84f2b8d5a9e.npy,f84f2b8d5a9e,"{""centroid_threshold_pct"": 0.4, ""crop_size"": 64, ""intensity_p_high"": 99, ""intensity_p_low"": 1, ""target_spacing_mm"": 2.9}",1785260368.5604994,cached,,0.0,1.0,0.30249568819999695,0.2828158140182495,0.7267990112304688,True,high_intensity_touches_boundary:y
dzr1yxr2,c:\Users\myben\OneDrive\Documents\GitHub\DaT-Parkinson\niftis\dzr1yxr2.nii.gz,c:\Users\myben\OneDrive\Documents\GitHub\DaT-Parkinson\preproc_cache\dzr1yxr2_f84f2b8d5a9e.npy,f84f2b8d5a9e,"{""centroid_threshold_pct"": 0.4, ""crop_size"": 64, ""intensity_p_high"": 99, ""intensity_p_low"": 1, ""target_spacing_mm"": 2.9}",1785260366.6097152,cached,,0.0,1.0,0.31183934211730957,0.27700701355934143,0.7417259216308594,True,"high_intensity_touches_boundary:x,y"
dhylurtp,c:\Users\myben\OneDrive\Documents\GitHub\DaT-Parkinson\niftis\dhylurtp.nii.gz,c:\Users\myben\OneDrive\Documents\GitHub\DaT-Parkinson\preproc_cache\dhylurtp_f84f2b8d5a9e.npy,f84f2b8d5a9e,"{""centroid_threshold_pct"": 0.4, ""crop_size"": 64, ""intensity_p_high"": 99, ""intensity_p_low"": 1, ""target_spacing_mm"": 2.9}",1785260366.4020512,cached,,0.0,1.0,0.35047560930252075,0.25313472747802734,0.82196044921875,True,"high_intensity_touches_boundary:y,z"
0lzjjege,c:\Users\myben\OneDrive\Documents\GitHub\DaT-Parkinson\niftis\0lzjjege.nii.gz,c:\Users\myben\OneDrive\Documents\GitHub\DaT-Parkinson\preproc_cache\0lzjjege_f84f2b8d5a9e.npy,f84f2b8d5a9e,"{""centroid_threshold_pct"": 0.4, ""crop_size"": 64, ""intensity_p_high"": 99, ""intensity_p_low"": 1, ""target_spacing_mm"": 2.9}",1785260359.53831,cached,,0.0,1.0,0.26252031326293945,0.28773781657218933,0.5512771606445312,True,high_intensity_touches_boundary:y
t1ghr09s,c:\Users\myben\OneDrive\Documents\GitHub\DaT-Parkinson\niftis\t1ghr09s.nii.gz,c:\Users\myben\OneDrive\Documents\GitHub\DaT-Parkinson\preproc_cache\t1ghr09s_f84f2b8d5a9e.npy,f84f2b8d5a9e,"{""centroid_threshold_pct"": 0.4, ""crop_size"": 64, ""intensity_p_high"": 99, ""intensity_p_low"": 1, ""target_spacing_mm"": 2.9}",1785260374.762281,cached,,0.0,1.0,0.28827613592147827,0.224639430642128,0.989837646484375,True,"high_intensity_touches_boundary:y,z"
kdgigatj,c:\Users\myben\OneDrive\Documents\GitHub\DaT-Parkinson\niftis\kdgigatj.nii.gz,c:\Users\myben\OneDrive\Documents\GitHub\DaT-Parkinson\preproc_cache\kdgigatj_f84f2b8d5a9e.npy,f84f2b8d5a9e,"{""centroid_threshold_pct"": 0.4, ""crop_size"": 64, ""intensity_p_high"": 99, ""intensity_p_low"": 1, ""target_spacing_mm"": 2.9}",1785260370.2365682,cached,,0.0,1.0,0.23089277744293213,0.2928084433078766,0.4866371154785156,True,high_intensity_touches_boundary:y
9tze5r5u,c:\Users\myben\OneDrive\Documents\GitHub\DaT-Parkinson\niftis\9tze5r5u.nii.gz,c:\Users\myben\OneDrive\Documents\GitHub\DaT-Parkinson\preproc_cache\9tze5r5u_f84f2b8d5a9e.npy,f84f2b8d5a9e,"{""centroid_threshold_pct"": 0.4, ""crop_size"": 64, ""intensity_p_high"": 99, ""intensity_p_low"": 1, ""target_spacing_mm"": 2.9}",1785260364.4444044,cached,,0.0,1.0,0.3004552721977234,0.28496915102005005,0.76409912109375,True,high_intensity_touches_boundary:y
qpgb7r3o,c:\Users\myben\OneDrive\Documents\GitHub\DaT-Parkinson\niftis\qpgb7r3o.nii.gz,c:\Users\myben\OneDrive\Documents\GitHub\DaT-Parkinson\preproc_cache\qpgb7r3o_f84f2b8d5a9e.npy,f84f2b8d5a9e,"{""centroid_threshold_pct"": 0.4, ""crop_size"": 64, ""intensity_p_high"": 99, ""intensity_p_low"": 1, ""target_spacing_mm"": 2.9}",1785260373.5402286,cached,,0.0,1.0,0.23440635204315186,0.24543125927448273,0.6337776184082031,True,high_intensity_touches_boundary:y
cwbfuk9e,c:\Users\myben\OneDrive\Documents\GitHub\DaT-Parkinson\niftis\cwbfuk9e.nii.gz,c:\Users\myben\OneDrive\Documents\GitHub\DaT-Parkinson\preproc_cache\cwbfuk9e_f84f2b8d5a9e.npy,f84f2b8d5a9e,"{""centroid_threshold_pct"": 0.4, ""crop_size"": 64, ""intensity_p_high"": 99, ""intensity_p_low"": 1, ""target_spacing_mm"": 2.9}",1785260365.9128354,cached,,0.0,1.0,0.2939249873161316,0.22663575410842896,0.8374404907226562,True,"high_intensity_touches_boundary:y,z"
1v2isqp4,c:\Users\myben\OneDrive\Documents\GitHub\DaT-Parkinson\niftis\1v2isqp4.nii.gz,c:\Users\myben\OneDrive\Documents\GitHub\DaT-Parkinson\preproc_cache\1v2isqp4_f84f2b8d5a9e.npy,f84f2b8d5a9e,"{""centroid_threshold_pct"": 0.4, ""crop_size"": 64, ""intensity_p_high"": 99, ""intensity_p_low"": 1, ""target_spacing_mm"": 2.9}",1785260360.2244997,cached,,0.0,1.0,0.26865920424461365,0.30503982305526733,0.5442848205566406,True,high_intensity_touches_boundary:y
9kwv08hh,c:\Users\myben\OneDrive\Documents\GitHub\DaT-Parkinson\niftis\9kwv08hh.nii.gz,c:\Users\myben\OneDrive\Documents\GitHub\DaT-Parkinson\preproc_cache\9kwv08hh_f84f2b8d5a9e.npy,f84f2b8d5a9e,"{""centroid_threshold_pct"": 0.4, ""crop_size"": 64, ""intensity_p_high"": 99, ""intensity_p_low"": 1, ""target_spacing_mm"": 2.9}",1785260364.285287,cached,,0.0,1.0,0.33667516708374023,0.2820393741130829,0.7507476806640625,True,"high_intensity_touches_boundary:y,z"
xfgcaqvk,c:\Users\myben\OneDrive\Documents\GitHub\DaT-Parkinson\niftis\xfgcaqvk.nii.gz,c:\Users\myben\OneDrive\Documents\GitHub\DaT-Parkinson\preproc_cache\xfgcaqvk_f84f2b8d5a9e.npy,f84f2b8d5a9e,"{""centroid_threshold_pct"": 0.4, ""crop_size"": 64, ""intensity_p_high"": 99, ""intensity_p_low"": 1, ""target_spacing_mm"": 2.9}",1785260377.017681,cached,,0.0,1.0,0.28006914258003235,0.25637286901474,0.7804641723632812,True,high_intensity_touches_boundary:y
izzqy72w,c:\Users\myben\OneDrive\Documents\GitHub\DaT-Parkinson\niftis\izzqy72w.nii.gz,c:\Users\myben\OneDrive\Documents\GitHub\DaT-Parkinson\preproc_cache\izzqy72w_f84f2b8d5a9e.npy,f84f2b8d5a9e,"{""centroid_threshold_pct"": 0.4, ""crop_size"": 64, ""intensity_p_high"": 99, ""intensity_p_low"": 1, ""target_spacing_mm"": 2.9}",1785260369.2997823,cached,,0.0,1.0,0.2582872807979584,0.30200690031051636,0.4992179870605469,True,high_intensity_touches_boundary:y
x7ptx63c,c:\Users\myben\OneDrive\Documents\GitHub\DaT-Parkinson\niftis\x7ptx63c.nii.gz,c:\Users\myben\OneDrive\Documents\GitHub\DaT-Parkinson\preproc_cache\x7ptx63c_f84f2b8d5a9e.npy,f84f2b8d5a9e,"{""centroid_threshold_pct"": 0.4, ""crop_size"": 64, ""intensity_p_high"": 99, ""intensity_p_low"": 1, ""target_spacing_mm"": 2.9}",1785260376.9554143,cached,,0.0,1.0,0.31412482261657715,0.23845207691192627,0.8447990417480469,True,"high_intensity_touches_boundary:y,z"
fl0ukeyz,c:\Users\myben\OneDrive\Documents\GitHub\DaT-Parkinson\niftis\fl0ukeyz.nii.gz,c:\Users\myben\OneDrive\Documents\GitHub\DaT-Parkinson\preproc_cache\fl0ukeyz_f84f2b8d5a9e.npy,f84f2b8d5a9e,"{""centroid_threshold_pct"": 0.4, ""crop_size"": 64, ""intensity_p_high"": 99, ""intensity_p_low"": 1, ""target_spacing_mm"": 2.9}",1785260367.7178898,cached,,0.0,1.0,0.30835869908332825,0.2776322066783905,0.7415122985839844,True,high_intensity_touches_boundary:y
7srcbplj,c:\Users\myben\OneDrive\Documents\GitHub\DaT-Parkinson\niftis\7srcbplj.nii.gz,c:\Users\myben\OneDrive\Documents\GitHub\DaT-Parkinson\preproc_cache\7srcbplj_f84f2b8d5a9e.npy,f84f2b8d5a9e,"{""centroid_threshold_pct"": 0.4, ""crop_size"": 64, ""intensity_p_high"": 99, ""intensity_p_low"": 1, ""target_spacing_mm"": 2.9}",1785260363.3906014,cached,,0.0,1.0,0.21889042854309082,0.3027964234352112,0.42082977294921875,True,high_intensity_touches_boundary:y
d84u89yj,c:\Users\myben\OneDrive\Documents\GitHub\DaT-Parkinson\niftis\d84u89yj.nii.gz,c:\Users\myben\OneDrive\Documents\GitHub\DaT-Parkinson\preproc_cache\d84u89yj_f84f2b8d5a9e.npy,f84f2b8d5a9e,"{""centroid_threshold_pct"": 0.4, ""crop_size"": 64, ""intensity_p_high"": 99, ""intensity_p_low"": 1, ""target_spacing_mm"": 2.9}",1785260366.2353945,cached,,0.0,1.0,0.2247094362974167,0.3033512532711029,0.4667167663574219,True,high_intensity_touches_boundary:y
b1qx6gvw,c:\Users\myben\OneDrive\Documents\GitHub\DaT-Parkinson\niftis\b1qx6gvw.nii.gz,c:\Users\myben\OneDrive\Documents\GitHub\DaT-Parkinson\preproc_cache\b1qx6gvw_f84f2b8d5a9e.npy,f84f2b8d5a9e,"{""centroid_threshold_pct"": 0.4, ""crop_size"": 64, ""intensity_p_high"": 99, ""intensity_p_low"": 1, ""target_spacing_mm"": 2.9}",1785260364.8923323,cached,,0.0,1.0,0.27692246437072754,0.27999433875083923,0.6640396118164062,True,high_intensity_touches_boundary:y
rdmly4ly,c:\Users\myben\OneDrive\Documents\GitHub\DaT-Parkinson\niftis\rdmly4ly.nii.gz,c:\Users\myben\OneDrive\Documents\GitHub\DaT-Parkinson\preproc_cache\rdmly4ly_f84f2b8d5a9e.npy,f84f2b8d5a9e,"{""centroid_threshold_pct"": 0.4, ""crop_size"": 64, ""intensity_p_high"": 99, ""intensity_p_low"": 1, ""target_spacing_mm"": 2.9}",1785260373.8890417,cached,,0.0,1.0,0.268349826335907,0.2701350450515747,0.696868896484375,True,high_intensity_touches_boundary:y
k83tqll8,c:\Users\myben\OneDrive\Documents\GitHub\DaT-Parkinson\niftis\k83tqll8.nii.gz,c:\Users\myben\OneDrive\Documents\GitHub\DaT-Parkinson\preproc_cache\k83tqll8_f84f2b8d5a9e.npy,f84f2b8d5a9e,"{""centroid_threshold_pct"": 0.4, ""crop_size"": 64, ""intensity_p_high"": 99, ""intensity_p_low"": 1, ""target_spacing_mm"": 2.9}",1785260370.1265187,cached,,0.0,1.0,0.27773138880729675,0.2594534158706665,0.7534751892089844,True,high_intensity_touches_boundary:y
os9xtogn,c:\Users\myben\OneDrive\Documents\GitHub\DaT-Parkinson\niftis\os9xtogn.nii.gz,c:\Users\myben\OneDrive\Documents\GitHub\DaT-Parkinson\preproc_cache\os9xtogn_f84f2b8d5a9e.npy,f84f2b8d5a9e,"{""centroid_threshold_pct"": 0.4, ""crop_size"": 64, ""intensity_p_high"": 99, ""intensity_p_low"": 1, ""target_spacing_mm"": 2.9}",1785260372.5771642,cached,,0.0,1.0,0.24370665848255157,0.3110305070877075,0.5530853271484375,True,high_intensity_touches_boundary:y
1w1ht7pz,c:\Users\myben\OneDrive\Documents\GitHub\DaT-Parkinson\niftis\1w1ht7pz.nii.gz,c:\Users\myben\OneDrive\Documents\GitHub\DaT-Parkinson\preproc_cache\1w1ht7pz_f84f2b8d5a9e.npy,f84f2b8d5a9e,"{""centroid_threshold_pct"": 0.4, ""crop_size"": 64, ""intensity_p_high"": 99, ""intensity_p_low"": 1, ""target_spacing_mm"": 2.9}",1785260360.2357037,cached,,0.0,1.0,0.32106202840805054,0.2858910858631134,0.7726478576660156,True,"high_intensity_touches_boundary:x,y"
e9vifttd,c:\Users\myben\OneDrive\Documents\GitHub\DaT-Parkinson\niftis\e9vifttd.nii.gz,c:\Users\myben\OneDrive\Documents\GitHub\DaT-Parkinson\preproc_cache\e9vifttd_f84f2b8d5a9e.npy,f84f2b8d5a9e,"{""centroid_threshold_pct"": 0.4, ""crop_size"": 64, ""intensity_p_high"": 99, ""intensity_p_low"": 1, ""target_spacing_mm"": 2.9}",1785260366.8092387,cached,,0.0,1.0,0.24816735088825226,0.2774137854576111,0.601776123046875,True,high_intensity_touches_boundary:y
96qe3rzs,c:\Users\myben\OneDrive\Documents\GitHub\DaT-Parkinson\niftis\96qe3rzs.nii.gz,c:\Users\myben\OneDrive\Documents\GitHub\DaT-Parkinson\preproc_cache\96qe3rzs_f84f2b8d5a9e.npy,f84f2b8d5a9e,"{""centroid_threshold_pct"": 0.4, ""crop_size"": 64, ""intensity_p_high"": 99, ""intensity_p_low"": 1, ""target_spacing_mm"": 2.9}",1785260364.1250749,cached,,0.0,1.0,0.269396036863327,0.2982211112976074,0.5847434997558594,True,high_intensity_touches_boundary:y
j49itn7s,c:\Users\myben\OneDrive\Documents\GitHub\DaT-Parkinson\niftis\j49itn7s.nii.gz,c:\Users\myben\OneDrive\Documents\GitHub\DaT-Parkinson\preproc_cache\j49itn7s_f84f2b8d5a9e.npy,f84f2b8d5a9e,"{""centroid_threshold_pct"": 0.4, ""crop_size"": 64, ""intensity_p_high"": 99, ""intensity_p_low"": 1, ""target_spacing_mm"": 2.9}",1785260369.37115,cached,,0.0,1.0,0.3480950891971588,0.25664108991622925,0.934814453125,True,high_intensity_touches_boundary:y
55j2o7s3,c:\Users\myben\OneDrive\Documents\GitHub\DaT-Parkinson\niftis\55j2o7s3.nii.gz,c:\Users\myben\OneDrive\Documents\GitHub\DaT-Parkinson\preproc_cache\55j2o7s3_f84f2b8d5a9e.npy,f84f2b8d5a9e,"{""centroid_threshold_pct"": 0.4, ""crop_size"": 64, ""intensity_p_high"": 99, ""intensity_p_low"": 1, ""target_spacing_mm"": 2.9}",1785260362.1787684,cached,,0.0,1.0,0.23301087319850922,0.29394036531448364,0.482269287109375,True,high_intensity_touches_boundary:y
kkv9rftm,c:\Users\myben\OneDrive\Documents\GitHub\DaT-Parkinson\niftis\kkv9rftm.nii.gz,c:\Users\myben\OneDrive\Documents\GitHub\DaT-Parkinson\preproc_cache\kkv9rftm_f84f2b8d5a9e.npy,f84f2b8d5a9e,"{""centroid_threshold_pct"": 0.4, ""crop_size"": 64, ""intensity_p_high"": 99, ""intensity_p_low"": 1, ""target_spacing_mm"": 2.9}",1785260370.3954573,cached,,0.0,1.0,0.29933542013168335,0.2554307281970978,0.80474853515625,True,"high_intensity_touches_boundary:x,y,z"
ttqlgzui,c:\Users\myben\OneDrive\Documents\GitHub\DaT-Parkinson\niftis\ttqlgzui.nii.gz,c:\Users\myben\OneDrive\Documents\GitHub\DaT-Parkinson\preproc_cache\ttqlgzui_f84f2b8d5a9e.npy,f84f2b8d5a9e,"{""centroid_threshold_pct"": 0.4, ""crop_size"": 64, ""intensity_p_high"": 99, ""intensity_p_low"": 1, ""target_spacing_mm"": 2.9}",1785260375.1695101,cached,,0.0,1.0,0.24202755093574524,0.2730400860309601,0.6171112060546875,True,high_intensity_touches_boundary:y
1b0z3nx3,c:\Users\myben\OneDrive\Documents\GitHub\DaT-Parkinson\niftis\1b0z3nx3.nii.gz,c:\Users\myben\OneDrive\Documents\GitHub\DaT-Parkinson\preproc_cache\1b0z3nx3_f84f2b8d5a9e.npy,f84f2b8d5a9e,"{""centroid_threshold_pct"": 0.4, ""crop_size"": 64, ""intensity_p_high"": 99, ""intensity_p_low"": 1, ""target_spacing_mm"": 2.9}",1785260359.9125683,cached,,0.0,1.0,0.2773560881614685,0.2979980707168579,0.6050758361816406,True,high_intensity_touches_boundary:y
9rbsv55p,c:\Users\myben\OneDrive\Documents\GitHub\DaT-Parkinson\niftis\9rbsv55p.nii.gz,c:\Users\myben\OneDrive\Documents\GitHub\DaT-Parkinson\preproc_cache\9rbsv55p_f84f2b8d5a9e.npy,f84f2b8d5a9e,"{""centroid_threshold_pct"": 0.4, ""crop_size"": 64, ""intensity_p_high"": 99, ""intensity_p_low"": 1, ""target_spacing_mm"": 2.9}",1785260364.4079397,cached,,0.0,1.0,0.34342509508132935,0.27205613255500793,0.8449974060058594,True,"high_intensity_touches_boundary:y,z"
sq0oxfq8,c:\Users\myben\OneDrive\Documents\GitHub\DaT-Parkinson\niftis\sq0oxfq8.nii.gz,c:\Users\myben\OneDrive\Documents\GitHub\DaT-Parkinson\preproc_cache\sq0oxfq8_f84f2b8d5a9e.npy,f84f2b8d5a9e,"{""centroid_threshold_pct"": 0.4, ""crop_size"": 64, ""intensity_p_high"": 99, ""intensity_p_low"": 1, ""target_spacing_mm"": 2.9}",1785260374.6534064,cached,,0.0,1.0,0.2866692543029785,0.27286040782928467,0.7242355346679688,True,high_intensity_touches_boundary:y
myx444nl,c:\Users\myben\OneDrive\Documents\GitHub\DaT-Parkinson\niftis\myx444nl.nii.gz,c:\Users\myben\OneDrive\Documents\GitHub\DaT-Parkinson\preproc_cache\myx444nl_f84f2b8d5a9e.npy,f84f2b8d5a9e,"{""centroid_threshold_pct"": 0.4, ""crop_size"": 64, ""intensity_p_high"": 99, ""intensity_p_low"": 1, ""target_spacing_mm"": 2.9}",1785260371.4015918,cached,,0.0,1.0,0.2875480651855469,0.2696899175643921,0.7284965515136719,True,high_intensity_touches_boundary:y
z15bcw79,c:\Users\myben\OneDrive\Documents\GitHub\DaT-Parkinson\niftis\z15bcw79.nii.gz,c:\Users\myben\OneDrive\Documents\GitHub\DaT-Parkinson\preproc_cache\z15bcw79_f84f2b8d5a9e.npy,f84f2b8d5a9e,"{""centroid_threshold_pct"": 0.4, ""crop_size"": 64, ""intensity_p_high"": 99, ""intensity_p_low"": 1, ""target_spacing_mm"": 2.9}",1785260378.0479672,cached,,0.0,1.0,0.20792677998542786,0.2921081483364105,0.4281730651855469,True,high_intensity_touches_boundary:y
0pdw5py6,c:\Users\myben\OneDrive\Documents\GitHub\DaT-Parkinson\niftis\0pdw5py6.nii.gz,c:\Users\myben\OneDrive\Documents\GitHub\DaT-Parkinson\preproc_cache\0pdw5py6_f84f2b8d5a9e.npy,f84f2b8d5a9e,"{""centroid_threshold_pct"": 0.4, ""crop_size"": 64, ""intensity_p_high"": 99, ""intensity_p_low"": 1, ""target_spacing_mm"": 2.9}",1785260359.561031,cached,,0.0,1.0,0.34820136427879333,0.25667694211006165,0.8462448120117188,True,"high_intensity_touches_boundary:y,z"
b2knftu2,c:\Users\myben\OneDrive\Documents\GitHub\DaT-Parkinson\niftis\b2knftu2.nii.gz,c:\Users\myben\OneDrive\Documents\GitHub\DaT-Parkinson\preproc_cache\b2knftu2_f84f2b8d5a9e.npy,f84f2b8d5a9e,"{""centroid_threshold_pct"": 0.4, ""crop_size"": 64, ""intensity_p_high"": 99, ""intensity_p_low"": 1, ""target_spacing_mm"": 2.9}",1785260364.9028573,cached,,0.0,1.0,0.2437012940645218,0.29579445719718933,0.5043525695800781,True,high_intensity_touches_boundary:y
gc5wi6fq,c:\Users\myben\OneDrive\Documents\GitHub\DaT-Parkinson\niftis\gc5wi6fq.nii.gz,c:\Users\myben\OneDrive\Documents\GitHub\DaT-Parkinson\preproc_cache\gc5wi6fq_f84f2b8d5a9e.npy,f84f2b8d5a9e,"{""centroid_threshold_pct"": 0.4, ""crop_size"": 64, ""intensity_p_high"": 99, ""intensity_p_low"": 1, ""target_spacing_mm"": 2.9}",1785260368.0667212,cached,,0.0,1.0,0.22668586671352386,0.2898954153060913,0.46295166015625,True,high_intensity_touches_boundary:y
jja26yfp,c:\Users\myben\OneDrive\Documents\GitHub\DaT-Parkinson\niftis\jja26yfp.nii.gz,c:\Users\myben\OneDrive\Documents\GitHub\DaT-Parkinson\preproc_cache\jja26yfp_f84f2b8d5a9e.npy,f84f2b8d5a9e,"{""centroid_threshold_pct"": 0.4, ""crop_size"": 64, ""intensity_p_high"": 99, ""intensity_p_low"": 1, ""target_spacing_mm"": 2.9}",1785260369.7105043,cached,,0.0,1.0,0.2948222756385803,0.2880426049232483,0.7716217041015625,True,high_intensity_touches_boundary:y
mvxpj4hn,c:\Users\myben\OneDrive\Documents\GitHub\DaT-Parkinson\niftis\mvxpj4hn.nii.gz,c:\Users\myben\OneDrive\Documents\GitHub\DaT-Parkinson\preproc_cache\mvxpj4hn_f84f2b8d5a9e.npy,f84f2b8d5a9e,"{""centroid_threshold_pct"": 0.4, ""crop_size"": 64, ""intensity_p_high"": 99, ""intensity_p_low"": 1, ""target_spacing_mm"": 2.9}",1785260371.3575702,cached,,0.0,1.0,0.3102891445159912,0.26177486777305603,0.7961387634277344,True,"high_intensity_touches_boundary:y,z"
riuu9k9x,c:\Users\myben\OneDrive\Documents\GitHub\DaT-Parkinson\niftis\riuu9k9x.nii.gz,c:\Users\myben\OneDrive\Documents\GitHub\DaT-Parkinson\preproc_cache\riuu9k9x_f84f2b8d5a9e.npy,f84f2b8d5a9e,"{""centroid_threshold_pct"": 0.4, ""crop_size"": 64, ""intensity_p_high"": 99, ""intensity_p_low"": 1, ""target_spacing_mm"": 2.9}",1785260373.9630303,cached,,0.0,1.0,0.22612719237804413,0.305065780878067,0.4467964172363281,True,
juy0bvr6,c:\Users\myben\OneDrive\Documents\GitHub\DaT-Parkinson\niftis\juy0bvr6.nii.gz,c:\Users\myben\OneDrive\Documents\GitHub\DaT-Parkinson\preproc_cache\juy0bvr6_f84f2b8d5a9e.npy,f84f2b8d5a9e,"{""centroid_threshold_pct"": 0.4, ""crop_size"": 64, ""intensity_p_high"": 99, ""intensity_p_low"": 1, ""target_spacing_mm"": 2.9}",1785260369.8417325,cached,,0.0,1.0,0.29287511110305786,0.2608891427516937,0.7045440673828125,True,high_intensity_touches_boundary:y
k2vmwwyz,c:\Users\myben\OneDrive\Documents\GitHub\DaT-Parkinson\niftis\k2vmwwyz.nii.gz,c:\Users\myben\OneDrive\Documents\GitHub\DaT-Parkinson\preproc_cache\k2vmwwyz_f84f2b8d5a9e.npy,f84f2b8d5a9e,"{""centroid_threshold_pct"": 0.4, ""crop_size"": 64, ""intensity_p_high"": 99, ""intensity_p_low"": 1, ""target_spacing_mm"": 2.9}",1785260370.0139058,cached,,0.0,1.0,0.21547657251358032,0.2918682098388672,0.44036865234375,True,high_intensity_touches_boundary:y
x4w6xlpu,c:\Users\myben\OneDrive\Documents\GitHub\DaT-Parkinson\niftis\x4w6xlpu.nii.gz,c:\Users\myben\OneDrive\Documents\GitHub\DaT-Parkinson\preproc_cache\x4w6xlpu_f84f2b8d5a9e.npy,f84f2b8d5a9e,"{""centroid_threshold_pct"": 0.4, ""crop_size"": 64, ""intensity_p_high"": 99, ""intensity_p_low"": 1, ""target_spacing_mm"": 2.9}",1785260376.9052846,cached,,0.0,1.0,0.2897081673145294,0.2634788751602173,0.7256088256835938,True,high_intensity_touches_boundary:y
0dk0get8,c:\Users\myben\OneDrive\Documents\GitHub\DaT-Parkinson\niftis\0dk0get8.nii.gz,c:\Users\myben\OneDrive\Documents\GitHub\DaT-Parkinson\preproc_cache\0dk0get8_f84f2b8d5a9e.npy,f84f2b8d5a9e,"{""centroid_threshold_pct"": 0.4, ""crop_size"": 64, ""intensity_p_high"": 99, ""intensity_p_low"": 1, ""target_spacing_mm"": 2.9}",1785260359.3531723,cached,,0.0,1.0,0.23698797821998596,0.2884136736392975,0.5225982666015625,True,high_intensity_touches_boundary:y
t63j3r30,c:\Users\myben\OneDrive\Documents\GitHub\DaT-Parkinson\niftis\t63j3r30.nii.gz,c:\Users\myben\OneDrive\Documents\GitHub\DaT-Parkinson\preproc_cache\t63j3r30_f84f2b8d5a9e.npy,f84f2b8d5a9e,"{""centroid_threshold_pct"": 0.4, ""crop_size"": 64, ""intensity_p_high"": 99, ""intensity_p_low"": 1, ""target_spacing_mm"": 2.9}",1785260374.8000581,cached,,0.0,1.0,0.24160686135292053,0.2981131672859192,0.4844398498535156,True,high_intensity_touches_boundary:y
me8f8409,c:\Users\myben\OneDrive\Documents\GitHub\DaT-Parkinson\niftis\me8f8409.nii.gz,c:\Users\myben\OneDrive\Documents\GitHub\DaT-Parkinson\preproc_cache\me8f8409_f84f2b8d5a9e.npy,f84f2b8d5a9e,"{""centroid_threshold_pct"": 0.4, ""crop_size"": 64, ""intensity_p_high"": 99, ""intensity_p_low"": 1, ""target_spacing_mm"": 2.9}",1785260371.1034632,cached,,0.0,1.0,0.1986980140209198,0.28101885318756104,0.4437522888183594,True,high_intensity_touches_boundary:y
82n2atqy,c:\Users\myben\OneDrive\Documents\GitHub\DaT-Parkinson\niftis\82n2atqy.nii.gz,c:\Users\myben\OneDrive\Documents\GitHub\DaT-Parkinson\preproc_cache\82n2atqy_f84f2b8d5a9e.npy,f84f2b8d5a9e,"{""centroid_threshold_pct"": 0.4, ""crop_size"": 64, ""intensity_p_high"": 99, ""intensity_p_low"": 1, ""target_spacing_mm"": 2.9}",1785260363.482536,cached,,0.0,1.0,0.27088961005210876,0.29523369669914246,0.5979804992675781,True,high_intensity_touches_boundary:y
yv37dia5,c:\Users\myben\OneDrive\Documents\GitHub\DaT-Parkinson\niftis\yv37dia5.nii.gz,c:\Users\myben\OneDrive\Documents\GitHub\DaT-Parkinson\preproc_cache\yv37dia5_f84f2b8d5a9e.npy,f84f2b8d5a9e,"{""centroid_threshold_pct"": 0.4, ""crop_size"": 64, ""intensity_p_high"": 99, ""intensity_p_low"": 1, ""target_spacing_mm"": 2.9}",1785260377.9670272,cached,,0.0,1.0,0.3053852915763855,0.2822582721710205,0.7121047973632812,True,high_intensity_touches_boundary:y
u6hc36ko,c:\Users\myben\OneDrive\Documents\GitHub\DaT-Parkinson\niftis\u6hc36ko.nii.gz,c:\Users\myben\OneDrive\Documents\GitHub\DaT-Parkinson\preproc_cache\u6hc36ko_f84f2b8d5a9e.npy,f84f2b8d5a9e,"{""centroid_threshold_pct"": 0.4, ""crop_size"": 64, ""intensity_p_high"": 99, ""intensity_p_low"": 1, ""target_spacing_mm"": 2.9}",1785260375.3127818,cached,,0.0,1.0,0.3153561055660248,0.2560998797416687,0.8562545776367188,True,high_intensity_touches_boundary:y
f8krd5eq,c:\Users\myben\OneDrive\Documents\GitHub\DaT-Parkinson\niftis\f8krd5eq.nii.gz,c:\Users\myben\OneDrive\Documents\GitHub\DaT-Parkinson\preproc_cache\f8krd5eq_f84f2b8d5a9e.npy,f84f2b8d5a9e,"{""centroid_threshold_pct"": 0.4, ""crop_size"": 64, ""intensity_p_high"": 99, ""intensity_p_low"": 1, ""target_spacing_mm"": 2.9}",1785260367.525931,cached,,0.0,1.0,0.290933758020401,0.2713969647884369,0.7402534484863281,True,high_intensity_touches_boundary:y
y08p0fod,c:\Users\myben\OneDrive\Documents\GitHub\DaT-Parkinson\niftis\y08p0fod.nii.gz,c:\Users\myben\OneDrive\Documents\GitHub\DaT-Parkinson\preproc_cache\y08p0fod_f84f2b8d5a9e.npy,f84f2b8d5a9e,"{""centroid_threshold_pct"": 0.4, ""crop_size"": 64, ""intensity_p_high"": 99, ""intensity_p_low"": 1, ""target_spacing_mm"": 2.9}",1785260377.5227022,cached,,0.0,1.0,0.32281798124313354,0.26208266615867615,0.9898109436035156,True,"high_intensity_touches_boundary:y,z"
ro8bnp84,c:\Users\myben\OneDrive\Documents\GitHub\DaT-Parkinson\niftis\ro8bnp84.nii.gz,c:\Users\myben\OneDrive\Documents\GitHub\DaT-Parkinson\preproc_cache\ro8bnp84_f84f2b8d5a9e.npy,f84f2b8d5a9e,"{""centroid_threshold_pct"": 0.4, ""crop_size"": 64, ""intensity_p_high"": 99, ""intensity_p_low"": 1, ""target_spacing_mm"": 2.9}",1785260374.007717,cached,,0.0,1.0,0.30999940633773804,0.26591920852661133,0.7854957580566406,True,"high_intensity_touches_boundary:y,z"
dyt9moge,c:\Users\myben\OneDrive\Documents\GitHub\DaT-Parkinson\niftis\dyt9moge.nii.gz,c:\Users\myben\OneDrive\Documents\GitHub\DaT-Parkinson\preproc_cache\dyt9moge_f84f2b8d5a9e.npy,f84f2b8d5a9e,"{""centroid_threshold_pct"": 0.4, ""crop_size"": 64, ""intensity_p_high"": 99, ""intensity_p_low"": 1, ""target_spacing_mm"": 2.9}",1785260366.5958574,cached,,0.0,1.0,0.32643648982048035,0.2643309235572815,0.7673797607421875,True,"high_intensity_touches_boundary:y,z"
4qxxva2i,c:\Users\myben\OneDrive\Documents\GitHub\DaT-Parkinson\niftis\4qxxva2i.nii.gz,c:\Users\myben\OneDrive\Documents\GitHub\DaT-Parkinson\preproc_cache\4qxxva2i_f84f2b8d5a9e.npy,f84f2b8d5a9e,"{""centroid_threshold_pct"": 0.4, ""crop_size"": 64, ""intensity_p_high"": 99, ""intensity_p_low"": 1, ""target_spacing_mm"": 2.9}",1785260361.920357,cached,,0.0,1.0,0.2406984567642212,0.29022350907325745,0.5579376220703125,True,high_intensity_touches_boundary:y
euc1hh5l,c:\Users\myben\OneDrive\Documents\GitHub\DaT-Parkinson\niftis\euc1hh5l.nii.gz,c:\Users\myben\OneDrive\Documents\GitHub\DaT-Parkinson\preproc_cache\euc1hh5l_f84f2b8d5a9e.npy,f84f2b8d5a9e,"{""centroid_threshold_pct"": 0.4, ""crop_size"": 64, ""intensity_p_high"": 99, ""intensity_p_low"": 1, ""target_spacing_mm"": 2.9}",1785260367.3638818,cached,,0.0,1.0,0.3376425504684448,0.2736321687698364,0.8028450012207031,True,high_intensity_touches_boundary:y
f6a4fejg,c:\Users\myben\OneDrive\Documents\GitHub\DaT-Parkinson\niftis\f6a4fejg.nii.gz,c:\Users\myben\OneDrive\Documents\GitHub\DaT-Parkinson\preproc_cache\f6a4fejg_f84f2b8d5a9e.npy,f84f2b8d5a9e,"{""centroid_threshold_pct"": 0.4, ""crop_size"": 64, ""intensity_p_high"": 99, ""intensity_p_low"": 1, ""target_spacing_mm"": 2.9}",1785260367.5134766,cached,,0.0,1.0,0.29997944831848145,0.284336656332016,0.6343421936035156,True,"high_intensity_touches_boundary:x,y,z"
xaa2ilgb,c:\Users\myben\OneDrive\Documents\GitHub\DaT-Parkinson\niftis\xaa2ilgb.nii.gz,c:\Users\myben\OneDrive\Documents\GitHub\DaT-Parkinson\preproc_cache\xaa2ilgb_f84f2b8d5a9e.npy,f84f2b8d5a9e,"{""centroid_threshold_pct"": 0.4, ""crop_size"": 64, ""intensity_p_high"": 99, ""intensity_p_low"": 1, ""target_spacing_mm"": 2.9}",1785260376.9662824,cached,,0.0,1.0,0.24291108548641205,0.2833509147167206,0.6040191650390625,True,high_intensity_touches_boundary:y
0s0r2sds,c:\Users\myben\OneDrive\Documents\GitHub\DaT-Parkinson\niftis\0s0r2sds.nii.gz,c:\Users\myben\OneDrive\Documents\GitHub\DaT-Parkinson\preproc_cache\0s0r2sds_f84f2b8d5a9e.npy,f84f2b8d5a9e,"{""centroid_threshold_pct"": 0.4, ""crop_size"": 64, ""intensity_p_high"": 99, ""intensity_p_low"": 1, ""target_spacing_mm"": 2.9}",1785260359.5898807,cached,,0.0,1.0,0.29980844259262085,0.2691020965576172,0.8082046508789062,True,high_intensity_touches_boundary:y
8b25sq8c,c:\Users\myben\OneDrive\Documents\GitHub\DaT-Parkinson\niftis\8b25sq8c.nii.gz,c:\Users\myben\OneDrive\Documents\GitHub\DaT-Parkinson\preproc_cache\8b25sq8c_f84f2b8d5a9e.npy,f84f2b8d5a9e,"{""centroid_threshold_pct"": 0.4, ""crop_size"": 64, ""intensity_p_high"": 99, ""intensity_p_low"": 1, ""target_spacing_mm"": 2.9}",1785260363.6377492,cached,,0.0,1.0,0.2206159234046936,0.27696728706359863,0.5273475646972656,True,high_intensity_touches_boundary:y
royr6ccv,c:\Users\myben\OneDrive\Documents\GitHub\DaT-Parkinson\niftis\royr6ccv.nii.gz,c:\Users\myben\OneDrive\Documents\GitHub\DaT-Parkinson\preproc_cache\royr6ccv_f84f2b8d5a9e.npy,f84f2b8d5a9e,"{""centroid_threshold_pct"": 0.4, ""crop_size"": 64, ""intensity_p_high"": 99, ""intensity_p_low"": 1, ""target_spacing_mm"": 2.9}",1785260374.0339718,cached,,0.0,1.0,0.23551321029663086,0.31115731596946716,0.45758056640625,True,high_intensity_touches_boundary:y
cjwtl9tq,c:\Users\myben\OneDrive\Documents\GitHub\DaT-Parkinson\niftis\cjwtl9tq.nii.gz,c:\Users\myben\OneDrive\Documents\GitHub\DaT-Parkinson\preproc_cache\cjwtl9tq_f84f2b8d5a9e.npy,f84f2b8d5a9e,"{""centroid_threshold_pct"": 0.4, ""crop_size"": 64, ""intensity_p_high"": 99, ""intensity_p_low"": 1, ""target_spacing_mm"": 2.9}",1785260365.742436,cached,,0.0,1.0,0.29756098985671997,0.2881799042224884,0.6776275634765625,True,high_intensity_touches_boundary:y
vdz4x1zh,c:\Users\myben\OneDrive\Documents\GitHub\DaT-Parkinson\niftis\vdz4x1zh.nii.gz,c:\Users\myben\OneDrive\Documents\GitHub\DaT-Parkinson\preproc_cache\vdz4x1zh_f84f2b8d5a9e.npy,f84f2b8d5a9e,"{""centroid_threshold_pct"": 0.4, ""crop_size"": 64, ""intensity_p_high"": 99, ""intensity_p_low"": 1, ""target_spacing_mm"": 2.9}",1785260376.0693967,cached,,0.0,1.0,0.30694982409477234,0.25058481097221375,0.7971611022949219,True,"high_intensity_touches_boundary:y,z"
qimqodpx,c:\Users\myben\OneDrive\Documents\GitHub\DaT-Parkinson\niftis\qimqodpx.nii.gz,c:\Users\myben\OneDrive\Documents\GitHub\DaT-Parkinson\preproc_cache\qimqodpx_f84f2b8d5a9e.npy,f84f2b8d5a9e,"{""centroid_threshold_pct"": 0.4, ""crop_size"": 64, ""intensity_p_high"": 99, ""intensity_p_low"": 1, ""target_spacing_mm"": 2.9}",1785260373.4167464,cached,,0.0,1.0,0.25006648898124695,0.29298895597457886,0.553497314453125,True,high_intensity_touches_boundary:y
nf7c3dd0,c:\Users\myben\OneDrive\Documents\GitHub\DaT-Parkinson\niftis\nf7c3dd0.nii.gz,c:\Users\myben\OneDrive\Documents\GitHub\DaT-Parkinson\preproc_cache\nf7c3dd0_f84f2b8d5a9e.npy,f84f2b8d5a9e,"{""centroid_threshold_pct"": 0.4, ""crop_size"": 64, ""intensity_p_high"": 99, ""intensity_p_low"": 1, ""target_spacing_mm"": 2.9}",1785260371.6368926,cached,,0.0,1.0,0.25662505626678467,0.3048941195011139,0.4918212890625,True,high_intensity_touches_boundary:y
3uvulemx,c:\Users\myben\OneDrive\Documents\GitHub\DaT-Parkinson\niftis\3uvulemx.nii.gz,c:\Users\myben\OneDrive\Documents\GitHub\DaT-Parkinson\preproc_cache\3uvulemx_f84f2b8d5a9e.npy,f84f2b8d5a9e,"{""centroid_threshold_pct"": 0.4, ""crop_size"": 64, ""intensity_p_high"": 99, ""intensity_p_low"": 1, ""target_spacing_mm"": 2.9}",1785260361.3540058,cached,,0.0,1.0,0.25354012846946716,0.2783961892127991,0.6596107482910156,True,high_intensity_touches_boundary:y
15z8vmuh,c:\Users\myben\OneDrive\Documents\GitHub\DaT-Parkinson\niftis\15z8vmuh.nii.gz,c:\Users\myben\OneDrive\Documents\GitHub\DaT-Parkinson\preproc_cache\15z8vmuh_f84f2b8d5a9e.npy,f84f2b8d5a9e,"{""centroid_threshold_pct"": 0.4, ""crop_size"": 64, ""intensity_p_high"": 99, ""intensity_p_low"": 1, ""target_spacing_mm"": 2.9}",1785260359.8697095,cached,,0.0,1.0,0.24159295856952667,0.27610039710998535,0.6504440307617188,True,high_intensity_touches_boundary:y
xid4n1u3,c:\Users\myben\OneDrive\Documents\GitHub\DaT-Parkinson\niftis\xid4n1u3.nii.gz,c:\Users\myben\OneDrive\Documents\GitHub\DaT-Parkinson\preproc_cache\xid4n1u3_f84f2b8d5a9e.npy,f84f2b8d5a9e,"{""centroid_threshold_pct"": 0.4, ""crop_size"": 64, ""intensity_p_high"": 99, ""intensity_p_low"": 1, ""target_spacing_mm"": 2.9}",1785260377.088367,cached,,0.0,1.0,0.19567057490348816,0.2635107636451721,0.42230224609375,True,high_intensity_touches_boundary:y
493wxa73,c:\Users\myben\OneDrive\Documents\GitHub\DaT-Parkinson\niftis\493wxa73.nii.gz,c:\Users\myben\OneDrive\Documents\GitHub\DaT-Parkinson\preproc_cache\493wxa73_f84f2b8d5a9e.npy,f84f2b8d5a9e,"{""centroid_threshold_pct"": 0.4, ""crop_size"": 64, ""intensity_p_high"": 99, ""intensity_p_low"": 1, ""target_spacing_mm"": 2.9}",1785260361.6144032,cached,,0.0,1.0,0.24898585677146912,0.26781153678894043,0.665924072265625,True,high_intensity_touches_boundary:y
jgzlma5u,c:\Users\myben\OneDrive\Documents\GitHub\DaT-Parkinson\niftis\jgzlma5u.nii.gz,c:\Users\myben\OneDrive\Documents\GitHub\DaT-Parkinson\preproc_cache\jgzlma5u_f84f2b8d5a9e.npy,f84f2b8d5a9e,"{""centroid_threshold_pct"": 0.4, ""crop_size"": 64, ""intensity_p_high"": 99, ""intensity_p_low"": 1, ""target_spacing_mm"": 2.9}",1785260369.658088,cached,,0.0,1.0,0.24988272786140442,0.2939642071723938,0.6365623474121094,True,high_intensity_touches_boundary:y
ofwb0hpm,c:\Users\myben\OneDrive\Documents\GitHub\DaT-Parkinson\niftis\ofwb0hpm.nii.gz,c:\Users\myben\OneDrive\Documents\GitHub\DaT-Parkinson\preproc_cache\ofwb0hpm_f84f2b8d5a9e.npy,f84f2b8d5a9e,"{""centroid_threshold_pct"": 0.4, ""crop_size"": 64, ""intensity_p_high"": 99, ""intensity_p_low"": 1, ""target_spacing_mm"": 2.9}",1785260372.3205557,cached,,0.0,1.0,0.24112969636917114,0.24875107407569885,0.6567649841308594,True,"high_intensity_touches_boundary:x,y"
nz1udbfw,c:\Users\myben\OneDrive\Documents\GitHub\DaT-Parkinson\niftis\nz1udbfw.nii.gz,c:\Users\myben\OneDrive\Documents\GitHub\DaT-Parkinson\preproc_cache\nz1udbfw_f84f2b8d5a9e.npy,f84f2b8d5a9e,"{""centroid_threshold_pct"": 0.4, ""crop_size"": 64, ""intensity_p_high"": 99, ""intensity_p_low"": 1, ""target_spacing_mm"": 2.9}",1785260372.015703,cached,,0.0,1.0,0.28570857644081116,0.29624074697494507,0.6650962829589844,True,high_intensity_touches_boundary:y
yjxrpj1e,c:\Users\myben\OneDrive\Documents\GitHub\DaT-Parkinson\niftis\yjxrpj1e.nii.gz,c:\Users\myben\OneDrive\Documents\GitHub\DaT-Parkinson\preproc_cache\yjxrpj1e_f84f2b8d5a9e.npy,f84f2b8d5a9e,"{""centroid_threshold_pct"": 0.4, ""crop_size"": 64, ""intensity_p_high"": 99, ""intensity_p_low"": 1, ""target_spacing_mm"": 2.9}",1785260377.8156364,cached,,0.0,1.0,0.28199779987335205,0.31645962595939636,0.6749839782714844,True,
pkyrybov,c:\Users\myben\OneDrive\Documents\GitHub\DaT-Parkinson\niftis\pkyrybov.nii.gz,c:\Users\myben\OneDrive\Documents\GitHub\DaT-Parkinson\preproc_cache\pkyrybov_f84f2b8d5a9e.npy,f84f2b8d5a9e,"{""centroid_threshold_pct"": 0.4, ""crop_size"": 64, ""intensity_p_high"": 99, ""intensity_p_low"": 1, ""target_spacing_mm"": 2.9}",1785260372.9798143,cached,,0.0,1.0,0.27711451053619385,0.28444811701774597,0.692047119140625,True,high_intensity_touches_boundary:y
akhejla0,c:\Users\myben\OneDrive\Documents\GitHub\DaT-Parkinson\niftis\akhejla0.nii.gz,c:\Users\myben\OneDrive\Documents\GitHub\DaT-Parkinson\preproc_cache\akhejla0_f84f2b8d5a9e.npy,f84f2b8d5a9e,"{""centroid_threshold_pct"": 0.4, ""crop_size"": 64, ""intensity_p_high"": 99, ""intensity_p_low"": 1, ""target_spacing_mm"": 2.9}",1785260364.728448,cached,,0.0,1.0,0.2913435399532318,0.3080545961856842,0.6703147888183594,True,high_intensity_touches_boundary:y
gnzs43c5,c:\Users\myben\OneDrive\Documents\GitHub\DaT-Parkinson\niftis\gnzs43c5.nii.gz,c:\Users\myben\OneDrive\Documents\GitHub\DaT-Parkinson\preproc_cache\gnzs43c5_f84f2b8d5a9e.npy,f84f2b8d5a9e,"{""centroid_threshold_pct"": 0.4, ""crop_size"": 64, ""intensity_p_high"": 99, ""intensity_p_low"": 1, ""target_spacing_mm"": 2.9}",1785260368.3131437,cached,,0.0,1.0,0.3104420304298401,0.3255094587802887,0.6559028625488281,True,high_intensity_touches_boundary:y
ba75uuzp,c:\Users\myben\OneDrive\Documents\GitHub\DaT-Parkinson\niftis\ba75uuzp.nii.gz,c:\Users\myben\OneDrive\Documents\GitHub\DaT-Parkinson\preproc_cache\ba75uuzp_f84f2b8d5a9e.npy,f84f2b8d5a9e,"{""centroid_threshold_pct"": 0.4, ""crop_size"": 64, ""intensity_p_high"": 99, ""intensity_p_low"": 1, ""target_spacing_mm"": 2.9}",1785260365.0011685,cached,,0.0,1.0,0.22482505440711975,0.2719026505947113,0.6357803344726562,True,high_intensity_touches_boundary:y
eal2w37d,c:\Users\myben\OneDrive\Documents\GitHub\DaT-Parkinson\niftis\eal2w37d.nii.gz,c:\Users\myben\OneDrive\Documents\GitHub\DaT-Parkinson\preproc_cache\eal2w37d_f84f2b8d5a9e.npy,f84f2b8d5a9e,"{""centroid_threshold_pct"": 0.4, ""crop_size"": 64, ""intensity_p_high"": 99, ""intensity_p_low"": 1, ""target_spacing_mm"": 2.9}",1785260366.8360066,cached,,0.0,1.0,0.2204836905002594,0.2567441165447235,0.6006889343261719,True,
4ivsolml,c:\Users\myben\OneDrive\Documents\GitHub\DaT-Parkinson\niftis\4ivsolml.nii.gz,c:\Users\myben\OneDrive\Documents\GitHub\DaT-Parkinson\preproc_cache\4ivsolml_f84f2b8d5a9e.npy,f84f2b8d5a9e,"{""centroid_threshold_pct"": 0.4, ""crop_size"": 64, ""intensity_p_high"": 99, ""intensity_p_low"": 1, ""target_spacing_mm"": 2.9}",1785260361.7621293,cached,,0.0,1.0,0.24759617447853088,0.2798665165901184,0.6298370361328125,True,high_intensity_touches_boundary:y
gses6m03,c:\Users\myben\OneDrive\Documents\GitHub\DaT-Parkinson\niftis\gses6m03.nii.gz,c:\Users\myben\OneDrive\Documents\GitHub\DaT-Parkinson\preproc_cache\gses6m03_f84f2b8d5a9e.npy,f84f2b8d5a9e,"{""centroid_threshold_pct"": 0.4, ""crop_size"": 64, ""intensity_p_high"": 99, ""intensity_p_low"": 1, ""target_spacing_mm"": 2.9}",1785260368.3986924,cached,,0.0,1.0,0.25776374340057373,0.2966209948062897,0.6483230590820312,True,high_intensity_touches_boundary:y
3ifhv1xg,c:\Users\myben\OneDrive\Documents\GitHub\DaT-Parkinson\niftis\3ifhv1xg.nii.gz,c:\Users\myben\OneDrive\Documents\GitHub\DaT-Parkinson\preproc_cache\3ifhv1xg_f84f2b8d5a9e.npy,f84f2b8d5a9e,"{""centroid_threshold_pct"": 0.4, ""crop_size"": 64, ""intensity_p_high"": 99, ""intensity_p_low"": 1, ""target_spacing_mm"": 2.9}",1785260361.1484282,cached,,0.0,1.0,0.24996410310268402,0.26758334040641785,0.63824462890625,True,"high_intensity_touches_boundary:x,y"
1r11q7uw,c:\Users\myben\OneDrive\Documents\GitHub\DaT-Parkinson\niftis\1r11q7uw.nii.gz,c:\Users\myben\OneDrive\Documents\GitHub\DaT-Parkinson\preproc_cache\1r11q7uw_f84f2b8d5a9e.npy,f84f2b8d5a9e,"{""centroid_threshold_pct"": 0.4, ""crop_size"": 64, ""intensity_p_high"": 99, ""intensity_p_low"": 1, ""target_spacing_mm"": 2.9}",1785260360.1736088,cached,,0.0,1.0,0.2454967200756073,0.2661988139152527,0.7106590270996094,True,high_intensity_touches_boundary:y
w5wfcpkj,c:\Users\myben\OneDrive\Documents\GitHub\DaT-Parkinson\niftis\w5wfcpkj.nii.gz,c:\Users\myben\OneDrive\Documents\GitHub\DaT-Parkinson\preproc_cache\w5wfcpkj_f84f2b8d5a9e.npy,f84f2b8d5a9e,"{""centroid_threshold_pct"": 0.4, ""crop_size"": 64, ""intensity_p_high"": 99, ""intensity_p_low"": 1, ""target_spacing_mm"": 2.9}",1785260376.5200438,cached,,0.0,1.0,0.24927210807800293,0.27707725763320923,0.6230697631835938,True,high_intensity_touches_boundary:y
cslqc3c5,c:\Users\myben\OneDrive\Documents\GitHub\DaT-Parkinson\niftis\cslqc3c5.nii.gz,c:\Users\myben\OneDrive\Documents\GitHub\DaT-Parkinson\preproc_cache\cslqc3c5_f84f2b8d5a9e.npy,f84f2b8d5a9e,"{""centroid_threshold_pct"": 0.4, ""crop_size"": 64, ""intensity_p_high"": 99, ""intensity_p_low"": 1, ""target_spacing_mm"": 2.9}",1785260365.83683,cached,,0.0,1.0,0.23127639293670654,0.28876084089279175,0.5882453918457031,True,high_intensity_touches_boundary:y
4wsqt26q,c:\Users\myben\OneDrive\Documents\GitHub\DaT-Parkinson\niftis\4wsqt26q.nii.gz,c:\Users\myben\OneDrive\Documents\GitHub\DaT-Parkinson\preproc_cache\4wsqt26q_f84f2b8d5a9e.npy,f84f2b8d5a9e,"{""centroid_threshold_pct"": 0.4, ""crop_size"": 64, ""intensity_p_high"": 99, ""intensity_p_low"": 1, ""target_spacing_mm"": 2.9}",1785260362.0287714,cached,,0.0,1.0,0.2684701085090637,0.2857041358947754,0.6612434387207031,True,high_intensity_touches_boundary:y
3xlrfcd6,c:\Users\myben\OneDrive\Documents\GitHub\DaT-Parkinson\niftis\3xlrfcd6.nii.gz,c:\Users\myben\OneDrive\Documents\GitHub\DaT-Parkinson\preproc_cache\3xlrfcd6_f84f2b8d5a9e.npy,f84f2b8d5a9e,"{""centroid_threshold_pct"": 0.4, ""crop_size"": 64, ""intensity_p_high"": 99, ""intensity_p_low"": 1, ""target_spacing_mm"": 2.9}",1785260361.410288,cached,,0.0,1.0,0.22486889362335205,0.2638987898826599,0.6208572387695312,True,high_intensity_touches_boundary:y
mzsgipps,c:\Users\myben\OneDrive\Documents\GitHub\DaT-Parkinson\niftis\mzsgipps.nii.gz,c:\Users\myben\OneDrive\Documents\GitHub\DaT-Parkinson\preproc_cache\mzsgipps_f84f2b8d5a9e.npy,f84f2b8d5a9e,"{""centroid_threshold_pct"": 0.4, ""crop_size"": 64, ""intensity_p_high"": 99, ""intensity_p_low"": 1, ""target_spacing_mm"": 2.9}",1785260371.433804,cached,,0.0,1.0,0.265779584646225,0.287868857383728,0.7186927795410156,True,high_intensity_touches_boundary:y
fnkomv2x,c:\Users\myben\OneDrive\Documents\GitHub\DaT-Parkinson\niftis\fnkomv2x.nii.gz,c:\Users\myben\OneDrive\Documents\GitHub\DaT-Parkinson\preproc_cache\fnkomv2x_f84f2b8d5a9e.npy,f84f2b8d5a9e,"{""centroid_threshold_pct"": 0.4, ""crop_size"": 64, ""intensity_p_high"": 99, ""intensity_p_low"": 1, ""target_spacing_mm"": 2.9}",1785260367.7784967,cached,,0.0,1.0,0.23034065961837769,0.24535278975963593,0.7058830261230469,True,high_intensity_touches_boundary:y
cdyk0x65,c:\Users\myben\OneDrive\Documents\GitHub\DaT-Parkinson\niftis\cdyk0x65.nii.gz,c:\Users\myben\OneDrive\Documents\GitHub\DaT-Parkinson\preproc_cache\cdyk0x65_f84f2b8d5a9e.npy,f84f2b8d5a9e,"{""centroid_threshold_pct"": 0.4, ""crop_size"": 64, ""intensity_p_high"": 99, ""intensity_p_low"": 1, ""target_spacing_mm"": 2.9}",1785260365.677629,cached,,0.0,1.0,0.294680118560791,0.2634468376636505,0.8101272583007812,True,high_intensity_touches_boundary:y
mufm8zov,c:\Users\myben\OneDrive\Documents\GitHub\DaT-Parkinson\niftis\mufm8zov.nii.gz,c:\Users\myben\OneDrive\Documents\GitHub\DaT-Parkinson\preproc_cache\mufm8zov_f84f2b8d5a9e.npy,f84f2b8d5a9e,"{""centroid_threshold_pct"": 0.4, ""crop_size"": 64, ""intensity_p_high"": 99, ""intensity_p_low"": 1, ""target_spacing_mm"": 2.9}",1785260371.318969,cached,,0.0,1.0,0.30037322640419006,0.3195022940635681,0.6937370300292969,True,high_intensity_touches_boundary:y
7ln23y30,c:\Users\myben\OneDrive\Documents\GitHub\DaT-Parkinson\niftis\7ln23y30.nii.gz,c:\Users\myben\OneDrive\Documents\GitHub\DaT-Parkinson\preproc_cache\7ln23y30_f84f2b8d5a9e.npy,f84f2b8d5a9e,"{""centroid_threshold_pct"": 0.4, ""crop_size"": 64, ""intensity_p_high"": 99, ""intensity_p_low"": 1, ""target_spacing_mm"": 2.9}",1785260363.314463,cached,,0.0,1.0,0.31965720653533936,0.3055533468723297,0.724945068359375,True,high_intensity_touches_boundary:y
ysxpnngh,c:\Users\myben\OneDrive\Documents\GitHub\DaT-Parkinson\niftis\ysxpnngh.nii.gz,c:\Users\myben\OneDrive\Documents\GitHub\DaT-Parkinson\preproc_cache\ysxpnngh_f84f2b8d5a9e.npy,f84f2b8d5a9e,"{""centroid_threshold_pct"": 0.4, ""crop_size"": 64, ""intensity_p_high"": 99, ""intensity_p_low"": 1, ""target_spacing_mm"": 2.9}",1785260377.8966212,cached,,0.0,1.0,0.3205234110355377,0.3205798268318176,0.67724609375,True,high_intensity_touches_boundary:y
8riec4d1,c:\Users\myben\OneDrive\Documents\GitHub\DaT-Parkinson\niftis\8riec4d1.nii.gz,c:\Users\myben\OneDrive\Documents\GitHub\DaT-Parkinson\preproc_cache\8riec4d1_f84f2b8d5a9e.npy,f84f2b8d5a9e,"{""centroid_threshold_pct"": 0.4, ""crop_size"": 64, ""intensity_p_high"": 99, ""intensity_p_low"": 1, ""target_spacing_mm"": 2.9}",1785260363.9993062,cached,,0.0,1.0,0.2594825327396393,0.28540918231010437,0.6730308532714844,True,high_intensity_touches_boundary:y
45bm1enf,c:\Users\myben\OneDrive\Documents\GitHub\DaT-Parkinson\niftis\45bm1enf.nii.gz,c:\Users\myben\OneDrive\Documents\GitHub\DaT-Parkinson\preproc_cache\45bm1enf_f84f2b8d5a9e.npy,f84f2b8d5a9e,"{""centroid_threshold_pct"": 0.4, ""crop_size"": 64, ""intensity_p_high"": 99, ""intensity_p_low"": 1, ""target_spacing_mm"": 2.9}",1785260361.5484486,cached,,0.0,1.0,0.2631508708000183,0.3046899735927582,0.6301116943359375,True,high_intensity_touches_boundary:y
313fpoyi,c:\Users\myben\OneDrive\Documents\GitHub\DaT-Parkinson\niftis\313fpoyi.nii.gz,c:\Users\myben\OneDrive\Documents\GitHub\DaT-Parkinson\preproc_cache\313fpoyi_f84f2b8d5a9e.npy,f84f2b8d5a9e,"{""centroid_threshold_pct"": 0.4, ""crop_size"": 64, ""intensity_p_high"": 99, ""intensity_p_low"": 1, ""target_spacing_mm"": 2.9}",1785260360.8368556,cached,,0.0,1.0,0.22880873084068298,0.27586108446121216,0.5388908386230469,True,
pk0qtl3q,c:\Users\myben\OneDrive\Documents\GitHub\DaT-Parkinson\niftis\pk0qtl3q.nii.gz,c:\Users\myben\OneDrive\Documents\GitHub\DaT-Parkinson\preproc_cache\pk0qtl3q_f84f2b8d5a9e.npy,f84f2b8d5a9e,"{""centroid_threshold_pct"": 0.4, ""crop_size"": 64, ""intensity_p_high"": 99, ""intensity_p_low"": 1, ""target_spacing_mm"": 2.9}",1785260372.947451,cached,,0.0,1.0,0.2523523271083832,0.2539407014846802,0.7203254699707031,True,high_intensity_touches_boundary:y
4n89qkns,c:\Users\myben\OneDrive\Documents\GitHub\DaT-Parkinson\niftis\4n89qkns.nii.gz,c:\Users\myben\OneDrive\Documents\GitHub\DaT-Parkinson\preproc_cache\4n89qkns_f84f2b8d5a9e.npy,f84f2b8d5a9e,"{""centroid_threshold_pct"": 0.4, ""crop_size"": 64, ""intensity_p_high"": 99, ""intensity_p_low"": 1, ""target_spacing_mm"": 2.9}",1785260361.8859305,cached,,0.0,1.0,0.26768600940704346,0.3053080439567566,0.6568069458007812,True,high_intensity_touches_boundary:y
832ejx5t,c:\Users\myben\OneDrive\Documents\GitHub\DaT-Parkinson\niftis\832ejx5t.nii.gz,c:\Users\myben\OneDrive\Documents\GitHub\DaT-Parkinson\preproc_cache\832ejx5t_f84f2b8d5a9e.npy,f84f2b8d5a9e,"{""centroid_threshold_pct"": 0.4, ""crop_size"": 64, ""intensity_p_high"": 99, ""intensity_p_low"": 1, ""target_spacing_mm"": 2.9}",1785260363.501016,cached,,0.0,1.0,0.25294357538223267,0.2710961401462555,0.6572151184082031,True,high_intensity_touches_boundary:y
d44k1j6f,c:\Users\myben\OneDrive\Documents\GitHub\DaT-Parkinson\niftis\d44k1j6f.nii.gz,c:\Users\myben\OneDrive\Documents\GitHub\DaT-Parkinson\preproc_cache\d44k1j6f_f84f2b8d5a9e.npy,f84f2b8d5a9e,"{""centroid_threshold_pct"": 0.4, ""crop_size"": 64, ""intensity_p_high"": 99, ""intensity_p_low"": 1, ""target_spacing_mm"": 2.9}",1785260366.2009509,cached,,0.0,1.0,0.21507912874221802,0.27823406457901,0.5363693237304688,True,
p8hqmabs,c:\Users\myben\OneDrive\Documents\GitHub\DaT-Parkinson\niftis\p8hqmabs.nii.gz,c:\Users\myben\OneDrive\Documents\GitHub\DaT-Parkinson\preproc_cache\p8hqmabs_f84f2b8d5a9e.npy,f84f2b8d5a9e,"{""centroid_threshold_pct"": 0.4, ""crop_size"": 64, ""intensity_p_high"": 99, ""intensity_p_low"": 1, ""target_spacing_mm"": 2.9}",1785260372.7575853,cached,,0.0,1.0,0.267204225063324,0.2813889682292938,0.6732330322265625,True,high_intensity_touches_boundary:y
i9nb74x2,c:\Users\myben\OneDrive\Documents\GitHub\DaT-Parkinson\niftis\i9nb74x2.nii.gz,c:\Users\myben\OneDrive\Documents\GitHub\DaT-Parkinson\preproc_cache\i9nb74x2_f84f2b8d5a9e.npy,f84f2b8d5a9e,"{""centroid_threshold_pct"": 0.4, ""crop_size"": 64, ""intensity_p_high"": 99, ""intensity_p_low"": 1, ""target_spacing_mm"": 2.9}",1785260369.0468822,cached,,0.0,1.0,0.25289374589920044,0.28082334995269775,0.6316680908203125,True,
ek3zezqa,c:\Users\myben\OneDrive\Documents\GitHub\DaT-Parkinson\niftis\ek3zezqa.nii.gz,c:\Users\myben\OneDrive\Documents\GitHub\DaT-Parkinson\preproc_cache\ek3zezqa_f84f2b8d5a9e.npy,f84f2b8d5a9e,"{""centroid_threshold_pct"": 0.4, ""crop_size"": 64, ""intensity_p_high"": 99, ""intensity_p_low"": 1, ""target_spacing_mm"": 2.9}",1785260367.1429987,cached,,0.0,1.0,0.28491905331611633,0.2964605689048767,0.6544723510742188,True,high_intensity_touches_boundary:y
cj4t0sek,c:\Users\myben\OneDrive\Documents\GitHub\DaT-Parkinson\niftis\cj4t0sek.nii.gz,c:\Users\myben\OneDrive\Documents\GitHub\DaT-Parkinson\preproc_cache\cj4t0sek_f84f2b8d5a9e.npy,f84f2b8d5a9e,"{""centroid_threshold_pct"": 0.4, ""crop_size"": 64, ""intensity_p_high"": 99, ""intensity_p_low"": 1, ""target_spacing_mm"": 2.9}",1785260365.718968,cached,,0.0,1.0,0.27935415506362915,0.2726578116416931,0.7475700378417969,True,"high_intensity_touches_boundary:x,y"
kbp2qd6v,c:\Users\myben\OneDrive\Documents\GitHub\DaT-Parkinson\niftis\kbp2qd6v.nii.gz,c:\Users\myben\OneDrive\Documents\GitHub\DaT-Parkinson\preproc_cache\kbp2qd6v_f84f2b8d5a9e.npy,f84f2b8d5a9e,"{""centroid_threshold_pct"": 0.4, ""crop_size"": 64, ""intensity_p_high"": 99, ""intensity_p_low"": 1, ""target_spacing_mm"": 2.9}",1785260370.1957839,cached,,0.0,1.0,0.28552332520484924,0.2904990315437317,0.6794509887695312,True,high_intensity_touches_boundary:y
asifpwio,c:\Users\myben\OneDrive\Documents\GitHub\DaT-Parkinson\niftis\asifpwio.nii.gz,c:\Users\myben\OneDrive\Documents\GitHub\DaT-Parkinson\preproc_cache\asifpwio_f84f2b8d5a9e.npy,f84f2b8d5a9e,"{""centroid_threshold_pct"": 0.4, ""crop_size"": 64, ""intensity_p_high"": 99, ""intensity_p_low"": 1, ""target_spacing_mm"": 2.9}",1785260364.777676,cached,,0.0,1.0,0.3363538682460785,0.30552178621292114,0.8349723815917969,True,high_intensity_touches_boundary:y
xd9css9t,c:\Users\myben\OneDrive\Documents\GitHub\DaT-Parkinson\niftis\xd9css9t.nii.gz,c:\Users\myben\OneDrive\Documents\GitHub\DaT-Parkinson\preproc_cache\xd9css9t_f84f2b8d5a9e.npy,f84f2b8d5a9e,"{""centroid_threshold_pct"": 0.4, ""crop_size"": 64, ""intensity_p_high"": 99, ""intensity_p_low"": 1, ""target_spacing_mm"": 2.9}",1785260377.0077057,cached,,0.0,1.0,0.3012201189994812,0.27434760332107544,0.7990798950195312,True,high_intensity_touches_boundary:y
oqw9ja2m,c:\Users\myben\OneDrive\Documents\GitHub\DaT-Parkinson\niftis\oqw9ja2m.nii.gz,c:\Users\myben\OneDrive\Documents\GitHub\DaT-Parkinson\preproc_cache\oqw9ja2m_f84f2b8d5a9e.npy,f84f2b8d5a9e,"{""centroid_threshold_pct"": 0.4, ""crop_size"": 64, ""intensity_p_high"": 99, ""intensity_p_low"": 1, ""target_spacing_mm"": 2.9}",1785260372.5307665,cached,,0.0,1.0,0.2496190071105957,0.2893781363964081,0.6307601928710938,True,high_intensity_touches_boundary:y
0w10lbt3,c:\Users\myben\OneDrive\Documents\GitHub\DaT-Parkinson\niftis\0w10lbt3.nii.gz,c:\Users\myben\OneDrive\Documents\GitHub\DaT-Parkinson\preproc_cache\0w10lbt3_f84f2b8d5a9e.npy,f84f2b8d5a9e,"{""centroid_threshold_pct"": 0.4, ""crop_size"": 64, ""intensity_p_high"": 99, ""intensity_p_low"": 1, ""target_spacing_mm"": 2.9}",1785260359.674485,cached,,0.0,1.0,0.2638551592826843,0.275654673576355,0.7063407897949219,True,high_intensity_touches_boundary:y
g2qzw3c1,c:\Users\myben\OneDrive\Documents\GitHub\DaT-Parkinson\niftis\g2qzw3c1.nii.gz,c:\Users\myben\OneDrive\Documents\GitHub\DaT-Parkinson\preproc_cache\g2qzw3c1_f84f2b8d5a9e.npy,f84f2b8d5a9e,"{""centroid_threshold_pct"": 0.4, ""crop_size"": 64, ""intensity_p_high"": 99, ""intensity_p_low"": 1, ""target_spacing_mm"": 2.9}",1785260367.9651673,cached,,0.0,1.0,0.26274991035461426,0.29321765899658203,0.6909866333007812,True,high_intensity_touches_boundary:y
qkbhb7s9,c:\Users\myben\OneDrive\Documents\GitHub\DaT-Parkinson\niftis\qkbhb7s9.nii.gz,c:\Users\myben\OneDrive\Documents\GitHub\DaT-Parkinson\preproc_cache\qkbhb7s9_f84f2b8d5a9e.npy,f84f2b8d5a9e,"{""centroid_threshold_pct"": 0.4, ""crop_size"": 64, ""intensity_p_high"": 99, ""intensity_p_low"": 1, ""target_spacing_mm"": 2.9}",1785260373.4698498,cached,,0.0,1.0,0.27513402700424194,0.25544705986976624,0.7977561950683594,True,high_intensity_touches_boundary:y
t64z7w2s,c:\Users\myben\OneDrive\Documents\GitHub\DaT-Parkinson\niftis\t64z7w2s.nii.gz,c:\Users\myben\OneDrive\Documents\GitHub\DaT-Parkinson\preproc_cache\t64z7w2s_f84f2b8d5a9e.npy,f84f2b8d5a9e,"{""centroid_threshold_pct"": 0.4, ""crop_size"": 64, ""intensity_p_high"": 99, ""intensity_p_low"": 1, ""target_spacing_mm"": 2.9}",1785260374.815532,cached,,0.0,1.0,0.2585254907608032,0.2885240316390991,0.6006278991699219,True,high_intensity_touches_boundary:y
ehe2atn2,c:\Users\myben\OneDrive\Documents\GitHub\DaT-Parkinson\niftis\ehe2atn2.nii.gz,c:\Users\myben\OneDrive\Documents\GitHub\DaT-Parkinson\preproc_cache\ehe2atn2_f84f2b8d5a9e.npy,f84f2b8d5a9e,"{""centroid_threshold_pct"": 0.4, ""crop_size"": 64, ""intensity_p_high"": 99, ""intensity_p_low"": 1, ""target_spacing_mm"": 2.9}",1785260367.0432246,cached,,0.0,1.0,0.26376497745513916,0.2951468825340271,0.6459274291992188,True,high_intensity_touches_boundary:y
twdl9zs1,c:\Users\myben\OneDrive\Documents\GitHub\DaT-Parkinson\niftis\twdl9zs1.nii.gz,c:\Users\myben\OneDrive\Documents\GitHub\DaT-Parkinson\preproc_cache\twdl9zs1_f84f2b8d5a9e.npy,f84f2b8d5a9e,"{""centroid_threshold_pct"": 0.4, ""crop_size"": 64, ""intensity_p_high"": 99, ""intensity_p_low"": 1, ""target_spacing_mm"": 2.9}",1785260375.2061758,cached,,0.0,1.0,0.2586449980735779,0.28357455134391785,0.6745872497558594,True,
3c9xqym5,c:\Users\myben\OneDrive\Documents\GitHub\DaT-Parkinson\niftis\3c9xqym5.nii.gz,c:\Users\myben\OneDrive\Documents\GitHub\DaT-Parkinson\preproc_cache\3c9xqym5_f84f2b8d5a9e.npy,f84f2b8d5a9e,"{""centroid_threshold_pct"": 0.4, ""crop_size"": 64, ""intensity_p_high"": 99, ""intensity_p_low"": 1, ""target_spacing_mm"": 2.9}",1785260361.019097,cached,,0.0,1.0,0.322302907705307,0.3079131841659546,0.7404670715332031,True,high_intensity_touches_boundary:y
2xg8p6be,c:\Users\myben\OneDrive\Documents\GitHub\DaT-Parkinson\niftis\2xg8p6be.nii.gz,c:\Users\myben\OneDrive\Documents\GitHub\DaT-Parkinson\preproc_cache\2xg8p6be_f84f2b8d5a9e.npy,f84f2b8d5a9e,"{""centroid_threshold_pct"": 0.4, ""crop_size"": 64, ""intensity_p_high"": 99, ""intensity_p_low"": 1, ""target_spacing_mm"": 2.9}",1785260360.7626767,cached,,0.0,1.0,0.2629331350326538,0.2774737775325775,0.6754302978515625,True,high_intensity_touches_boundary:y
fflzm764,c:\Users\myben\OneDrive\Documents\GitHub\DaT-Parkinson\niftis\fflzm764.nii.gz,c:\Users\myben\OneDrive\Documents\GitHub\DaT-Parkinson\preproc_cache\fflzm764_f84f2b8d5a9e.npy,f84f2b8d5a9e,"{""centroid_threshold_pct"": 0.4, ""crop_size"": 64, ""intensity_p_high"": 99, ""intensity_p_low"": 1, ""target_spacing_mm"": 2.9}",1785260367.6654637,cached,,0.0,1.0,0.2637847065925598,0.2526143193244934,0.7558975219726562,True,high_intensity_touches_boundary:y
jwtektsg,c:\Users\myben\OneDrive\Documents\GitHub\DaT-Parkinson\niftis\jwtektsg.nii.gz,c:\Users\myben\OneDrive\Documents\GitHub\DaT-Parkinson\preproc_cache\jwtektsg_f84f2b8d5a9e.npy,f84f2b8d5a9e,"{""centroid_threshold_pct"": 0.4, ""crop_size"": 64, ""intensity_p_high"": 99, ""intensity_p_low"": 1, ""target_spacing_mm"": 2.9}",1785260369.8574357,cached,,0.0,1.0,0.247621551156044,0.2913550138473511,0.6548957824707031,True,high_intensity_touches_boundary:y
7fxzv4u3,c:\Users\myben\OneDrive\Documents\GitHub\DaT-Parkinson\niftis\7fxzv4u3.nii.gz,c:\Users\myben\OneDrive\Documents\GitHub\DaT-Parkinson\preproc_cache\7fxzv4u3_f84f2b8d5a9e.npy,f84f2b8d5a9e,"{""centroid_threshold_pct"": 0.4, ""crop_size"": 64, ""intensity_p_high"": 99, ""intensity_p_low"": 1, ""target_spacing_mm"": 2.9}",1785260363.2620873,cached,,0.0,1.0,0.2814956605434418,0.31860795617103577,0.6523284912109375,True,high_intensity_touches_boundary:y
bbxux1ox,c:\Users\myben\OneDrive\Documents\GitHub\DaT-Parkinson\niftis\bbxux1ox.nii.gz,c:\Users\myben\OneDrive\Documents\GitHub\DaT-Parkinson\preproc_cache\bbxux1ox_f84f2b8d5a9e.npy,f84f2b8d5a9e,"{""centroid_threshold_pct"": 0.4, ""crop_size"": 64, ""intensity_p_high"": 99, ""intensity_p_low"": 1, ""target_spacing_mm"": 2.9}",1785260365.0301118,cached,,0.0,1.0,0.2824844717979431,0.29174935817718506,0.6908607482910156,True,high_intensity_touches_boundary:y
rwk8r2yk,c:\Users\myben\OneDrive\Documents\GitHub\DaT-Parkinson\niftis\rwk8r2yk.nii.gz,c:\Users\myben\OneDrive\Documents\GitHub\DaT-Parkinson\preproc_cache\rwk8r2yk_f84f2b8d5a9e.npy,f84f2b8d5a9e,"{""centroid_threshold_pct"": 0.4, ""crop_size"": 64, ""intensity_p_high"": 99, ""intensity_p_low"": 1, ""target_spacing_mm"": 2.9}",1785260374.2120535,cached,,0.0,1.0,0.2882983088493347,0.30133795738220215,0.6860847473144531,True,high_intensity_touches_boundary:y
ccprhvlz,c:\Users\myben\OneDrive\Documents\GitHub\DaT-Parkinson\niftis\ccprhvlz.nii.gz,c:\Users\myben\OneDrive\Documents\GitHub\DaT-Parkinson\preproc_cache\ccprhvlz_f84f2b8d5a9e.npy,f84f2b8d5a9e,"{""centroid_threshold_pct"": 0.4, ""crop_size"": 64, ""intensity_p_high"": 99, ""intensity_p_low"": 1, ""target_spacing_mm"": 2.9}",1785260365.6271145,cached,,0.0,1.0,0.306766152381897,0.294537216424942,0.7450981140136719,True,high_intensity_touches_boundary:y
049enulq,c:\Users\myben\OneDrive\Documents\GitHub\DaT-Parkinson\niftis\049enulq.nii.gz,c:\Users\myben\OneDrive\Documents\GitHub\DaT-Parkinson\preproc_cache\049enulq_f84f2b8d5a9e.npy,f84f2b8d5a9e,"{""centroid_threshold_pct"": 0.4, ""crop_size"": 64, ""intensity_p_high"": 99, ""intensity_p_low"": 1, ""target_spacing_mm"": 2.9}",1785260359.1568158,cached,,0.0,1.0,0.26171383261680603,0.2912849187850952,0.6662750244140625,True,high_intensity_touches_boundary:y
jidknwi5,c:\Users\myben\OneDrive\Documents\GitHub\DaT-Parkinson\niftis\jidknwi5.nii.gz,c:\Users\myben\OneDrive\Documents\GitHub\DaT-Parkinson\preproc_cache\jidknwi5_f84f2b8d5a9e.npy,f84f2b8d5a9e,"{""centroid_threshold_pct"": 0.4, ""crop_size"": 64, ""intensity_p_high"": 99, ""intensity_p_low"": 1, ""target_spacing_mm"": 2.9}",1785260369.6979406,cached,,0.0,1.0,0.24675098061561584,0.2999567985534668,0.6015205383300781,True,high_intensity_touches_boundary:y
flul1rsr,c:\Users\myben\OneDrive\Documents\GitHub\DaT-Parkinson\niftis\flul1rsr.nii.gz,c:\Users\myben\OneDrive\Documents\GitHub\DaT-Parkinson\preproc_cache\flul1rsr_f84f2b8d5a9e.npy,f84f2b8d5a9e,"{""centroid_threshold_pct"": 0.4, ""crop_size"": 64, ""intensity_p_high"": 99, ""intensity_p_low"": 1, ""target_spacing_mm"": 2.9}",1785260367.749811,cached,,0.0,1.0,0.27156490087509155,0.2501371502876282,0.7501449584960938,True,high_intensity_touches_boundary:y
la8s8hmb,c:\Users\myben\OneDrive\Documents\GitHub\DaT-Parkinson\niftis\la8s8hmb.nii.gz,c:\Users\myben\OneDrive\Documents\GitHub\DaT-Parkinson\preproc_cache\la8s8hmb_f84f2b8d5a9e.npy,f84f2b8d5a9e,"{""centroid_threshold_pct"": 0.4, ""crop_size"": 64, ""intensity_p_high"": 99, ""intensity_p_low"": 1, ""target_spacing_mm"": 2.9}",1785260370.6650753,cached,,0.0,1.0,0.301628440618515,0.2511419653892517,0.8233451843261719,True,high_intensity_touches_boundary:y
r5xqt4p5,c:\Users\myben\OneDrive\Documents\GitHub\DaT-Parkinson\niftis\r5xqt4p5.nii.gz,c:\Users\myben\OneDrive\Documents\GitHub\DaT-Parkinson\preproc_cache\r5xqt4p5_f84f2b8d5a9e.npy,f84f2b8d5a9e,"{""centroid_threshold_pct"": 0.4, ""crop_size"": 64, ""intensity_p_high"": 99, ""intensity_p_low"": 1, ""target_spacing_mm"": 2.9}",1785260373.8353732,cached,,0.0,1.0,0.25542277097702026,0.2557235360145569,0.6603126525878906,True,high_intensity_touches_boundary:y
01nouhtc,c:\Users\myben\OneDrive\Documents\GitHub\DaT-Parkinson\niftis\01nouhtc.nii.gz,c:\Users\myben\OneDrive\Documents\GitHub\DaT-Parkinson\preproc_cache\01nouhtc_f84f2b8d5a9e.npy,f84f2b8d5a9e,"{""centroid_threshold_pct"": 0.4, ""crop_size"": 64, ""intensity_p_high"": 99, ""intensity_p_low"": 1, ""target_spacing_mm"": 2.9}",1785260359.1127868,cached,,0.0,1.0,0.2615770995616913,0.2837812006473541,0.6744346618652344,True,high_intensity_touches_boundary:y
s1k9ye9o,c:\Users\myben\OneDrive\Documents\GitHub\DaT-Parkinson\niftis\s1k9ye9o.nii.gz,c:\Users\myben\OneDrive\Documents\GitHub\DaT-Parkinson\preproc_cache\s1k9ye9o_f84f2b8d5a9e.npy,f84f2b8d5a9e,"{""centroid_threshold_pct"": 0.4, ""crop_size"": 64, ""intensity_p_high"": 99, ""intensity_p_low"": 1, ""target_spacing_mm"": 2.9}",1785260374.3346229,cached,,0.0,1.0,0.24610477685928345,0.26245442032814026,0.6527214050292969,True,high_intensity_touches_boundary:y
2m71hssb,c:\Users\myben\OneDrive\Documents\GitHub\DaT-Parkinson\niftis\2m71hssb.nii.gz,c:\Users\myben\OneDrive\Documents\GitHub\DaT-Parkinson\preproc_cache\2m71hssb_f84f2b8d5a9e.npy,f84f2b8d5a9e,"{""centroid_threshold_pct"": 0.4, ""crop_size"": 64, ""intensity_p_high"": 99, ""intensity_p_low"": 1, ""target_spacing_mm"": 2.9}",1785260360.6286268,cached,,0.0,1.0,0.2904943823814392,0.29417672753334045,0.7191505432128906,True,high_intensity_touches_boundary:y
elrqvslw,c:\Users\myben\OneDrive\Documents\GitHub\DaT-Parkinson\niftis\elrqvslw.nii.gz,c:\Users\myben\OneDrive\Documents\GitHub\DaT-Parkinson\preproc_cache\elrqvslw_f84f2b8d5a9e.npy,f84f2b8d5a9e,"{""centroid_threshold_pct"": 0.4, ""crop_size"": 64, ""intensity_p_high"": 99, ""intensity_p_low"": 1, ""target_spacing_mm"": 2.9}",1785260367.1994925,cached,,0.0,1.0,0.22948618233203888,0.27946802973747253,0.6060066223144531,True,high_intensity_touches_boundary:y
f90km3tz,c:\Users\myben\OneDrive\Documents\GitHub\DaT-Parkinson\niftis\f90km3tz.nii.gz,c:\Users\myben\OneDrive\Documents\GitHub\DaT-Parkinson\preproc_cache\f90km3tz_f84f2b8d5a9e.npy,f84f2b8d5a9e,"{""centroid_threshold_pct"": 0.4, ""crop_size"": 64, ""intensity_p_high"": 99, ""intensity_p_low"": 1, ""target_spacing_mm"": 2.9}",1785260367.5578854,cached,,0.0,1.0,0.2531442642211914,0.301687091588974,0.6128005981445312,True,
k3ny9v20,c:\Users\myben\OneDrive\Documents\GitHub\DaT-Parkinson\niftis\k3ny9v20.nii.gz,c:\Users\myben\OneDrive\Documents\GitHub\DaT-Parkinson\preproc_cache\k3ny9v20_f84f2b8d5a9e.npy,f84f2b8d5a9e,"{""centroid_threshold_pct"": 0.4, ""crop_size"": 64, ""intensity_p_high"": 99, ""intensity_p_low"": 1, ""target_spacing_mm"": 2.9}",1785260370.0631385,cached,,0.0,1.0,0.24136078357696533,0.2618406414985657,0.6398429870605469,True,high_intensity_touches_boundary:y
yar821uz,c:\Users\myben\OneDrive\Documents\GitHub\DaT-Parkinson\niftis\yar821uz.nii.gz,c:\Users\myben\OneDrive\Documents\GitHub\DaT-Parkinson\preproc_cache\yar821uz_f84f2b8d5a9e.npy,f84f2b8d5a9e,"{""centroid_threshold_pct"": 0.4, ""crop_size"": 64, ""intensity_p_high"": 99, ""intensity_p_low"": 1, ""target_spacing_mm"": 2.9}",1785260377.6422498,cached,,0.0,1.0,0.286872535943985,0.3093668222427368,0.659912109375,True,high_intensity_touches_boundary:y
vgww4fyb,c:\Users\myben\OneDrive\Documents\GitHub\DaT-Parkinson\niftis\vgww4fyb.nii.gz,c:\Users\myben\OneDrive\Documents\GitHub\DaT-Parkinson\preproc_cache\vgww4fyb_f84f2b8d5a9e.npy,f84f2b8d5a9e,"{""centroid_threshold_pct"": 0.4, ""crop_size"": 64, ""intensity_p_high"": 99, ""intensity_p_low"": 1, ""target_spacing_mm"": 2.9}",1785260376.137397,cached,,0.0,1.0,0.31908923387527466,0.24046622216701508,0.89044189453125,True,"high_intensity_touches_boundary:y,z"
8dalfyo1,c:\Users\myben\OneDrive\Documents\GitHub\DaT-Parkinson\niftis\8dalfyo1.nii.gz,c:\Users\myben\OneDrive\Documents\GitHub\DaT-Parkinson\preproc_cache\8dalfyo1_f84f2b8d5a9e.npy,f84f2b8d5a9e,"{""centroid_threshold_pct"": 0.4, ""crop_size"": 64, ""intensity_p_high"": 99, ""intensity_p_low"": 1, ""target_spacing_mm"": 2.9}",1785260363.7325296,cached,,0.0,1.0,0.27189433574676514,0.2874021828174591,0.6702804565429688,True,high_intensity_touches_boundary:y
750cehlx,c:\Users\myben\OneDrive\Documents\GitHub\DaT-Parkinson\niftis\750cehlx.nii.gz,c:\Users\myben\OneDrive\Documents\GitHub\DaT-Parkinson\preproc_cache\750cehlx_f84f2b8d5a9e.npy,f84f2b8d5a9e,"{""centroid_threshold_pct"": 0.4, ""crop_size"": 64, ""intensity_p_high"": 99, ""intensity_p_low"": 1, ""target_spacing_mm"": 2.9}",1785260363.150572,cached,,0.0,1.0,0.2829425632953644,0.2840597927570343,0.6872367858886719,True,high_intensity_touches_boundary:y
slg6mm1z,c:\Users\myben\OneDrive\Documents\GitHub\DaT-Parkinson\niftis\slg6mm1z.nii.gz,c:\Users\myben\OneDrive\Documents\GitHub\DaT-Parkinson\preproc_cache\slg6mm1z_f84f2b8d5a9e.npy,f84f2b8d5a9e,"{""centroid_threshold_pct"": 0.4, ""crop_size"": 64, ""intensity_p_high"": 99, ""intensity_p_low"": 1, ""target_spacing_mm"": 2.9}",1785260374.5747592,cached,,0.0,1.0,0.27525070309638977,0.31011348962783813,0.6590957641601562,True,high_intensity_touches_boundary:y
xyvgiui9,c:\Users\myben\OneDrive\Documents\GitHub\DaT-Parkinson\niftis\xyvgiui9.nii.gz,c:\Users\myben\OneDrive\Documents\GitHub\DaT-Parkinson\preproc_cache\xyvgiui9_f84f2b8d5a9e.npy,f84f2b8d5a9e,"{""centroid_threshold_pct"": 0.4, ""crop_size"": 64, ""intensity_p_high"": 99, ""intensity_p_low"": 1, ""target_spacing_mm"": 2.9}",1785260377.4919991,cached,,0.0,1.0,0.28557246923446655,0.24342966079711914,0.8228225708007812,True,"high_intensity_touches_boundary:y,z"
kkhzlm72,c:\Users\myben\OneDrive\Documents\GitHub\DaT-Parkinson\niftis\kkhzlm72.nii.gz,c:\Users\myben\OneDrive\Documents\GitHub\DaT-Parkinson\preproc_cache\kkhzlm72_f84f2b8d5a9e.npy,f84f2b8d5a9e,"{""centroid_threshold_pct"": 0.4, ""crop_size"": 64, ""intensity_p_high"": 99, ""intensity_p_low"": 1, ""target_spacing_mm"": 2.9}",1785260370.3848512,cached,,0.0,1.0,0.22451847791671753,0.2634084224700928,0.6346969604492188,True,
jeyn9382,c:\Users\myben\OneDrive\Documents\GitHub\DaT-Parkinson\niftis\jeyn9382.nii.gz,c:\Users\myben\OneDrive\Documents\GitHub\DaT-Parkinson\preproc_cache\jeyn9382_f84f2b8d5a9e.npy,f84f2b8d5a9e,"{""centroid_threshold_pct"": 0.4, ""crop_size"": 64, ""intensity_p_high"": 99, ""intensity_p_low"": 1, ""target_spacing_mm"": 2.9}",1785260369.6402762,cached,,0.0,1.0,0.2972745895385742,0.31481438875198364,0.7290000915527344,True,high_intensity_touches_boundary:y
kkzmpjrh,c:\Users\myben\OneDrive\Documents\GitHub\DaT-Parkinson\niftis\kkzmpjrh.nii.gz,c:\Users\myben\OneDrive\Documents\GitHub\DaT-Parkinson\preproc_cache\kkzmpjrh_f84f2b8d5a9e.npy,f84f2b8d5a9e,"{""centroid_threshold_pct"": 0.4, ""crop_size"": 64, ""intensity_p_high"": 99, ""intensity_p_low"": 1, ""target_spacing_mm"": 2.9}",1785260370.4148803,cached,,0.0,1.0,0.3200491666793823,0.3283301591873169,0.7209854125976562,True,high_intensity_touches_boundary:y
t7zewviy,c:\Users\myben\OneDrive\Documents\GitHub\DaT-Parkinson\niftis\t7zewviy.nii.gz,c:\Users\myben\OneDrive\Documents\GitHub\DaT-Parkinson\preproc_cache\t7zewviy_f84f2b8d5a9e.npy,f84f2b8d5a9e,"{""centroid_threshold_pct"": 0.4, ""crop_size"": 64, ""intensity_p_high"": 99, ""intensity_p_low"": 1, ""target_spacing_mm"": 2.9}",1785260374.857021,cached,,0.0,1.0,0.22510768473148346,0.2600671052932739,0.6557159423828125,True,high_intensity_touches_boundary:y
twbozd1a,c:\Users\myben\OneDrive\Documents\GitHub\DaT-Parkinson\niftis\twbozd1a.nii.gz,c:\Users\myben\OneDrive\Documents\GitHub\DaT-Parkinson\preproc_cache\twbozd1a_f84f2b8d5a9e.npy,f84f2b8d5a9e,"{""centroid_threshold_pct"": 0.4, ""crop_size"": 64, ""intensity_p_high"": 99, ""intensity_p_low"": 1, ""target_spacing_mm"": 2.9}",1785260375.1883414,cached,,0.0,1.0,0.27297836542129517,0.2970293462276459,0.6719551086425781,True,high_intensity_touches_boundary:y
t7o75rh8,c:\Users\myben\OneDrive\Documents\GitHub\DaT-Parkinson\niftis\t7o75rh8.nii.gz,c:\Users\myben\OneDrive\Documents\GitHub\DaT-Parkinson\preproc_cache\t7o75rh8_f84f2b8d5a9e.npy,f84f2b8d5a9e,"{""centroid_threshold_pct"": 0.4, ""crop_size"": 64, ""intensity_p_high"": 99, ""intensity_p_low"": 1, ""target_spacing_mm"": 2.9}",1785260374.8399975,cached,,0.0,1.0,0.26195254921913147,0.2905035614967346,0.64544677734375,True,high_intensity_touches_boundary:y
lx6dut07,c:\Users\myben\OneDrive\Documents\GitHub\DaT-Parkinson\niftis\lx6dut07.nii.gz,c:\Users\myben\OneDrive\Documents\GitHub\DaT-Parkinson\preproc_cache\lx6dut07_f84f2b8d5a9e.npy,f84f2b8d5a9e,"{""centroid_threshold_pct"": 0.4, ""crop_size"": 64, ""intensity_p_high"": 99, ""intensity_p_low"": 1, ""target_spacing_mm"": 2.9}",1785260370.9530458,cached,,0.0,1.0,0.3004814386367798,0.29641079902648926,0.6852951049804688,True,high_intensity_touches_boundary:y
6g5g79or,c:\Users\myben\OneDrive\Documents\GitHub\DaT-Parkinson\niftis\6g5g79or.nii.gz,c:\Users\myben\OneDrive\Documents\GitHub\DaT-Parkinson\preproc_cache\6g5g79or_f84f2b8d5a9e.npy,f84f2b8d5a9e,"{""centroid_threshold_pct"": 0.4, ""crop_size"": 64, ""intensity_p_high"": 99, ""intensity_p_low"": 1, ""target_spacing_mm"": 2.9}",1785260362.7226858,cached,,0.0,1.0,0.26613157987594604,0.30936816334724426,0.6488990783691406,True,high_intensity_touches_boundary:y
7875aud9,c:\Users\myben\OneDrive\Documents\GitHub\DaT-Parkinson\niftis\7875aud9.nii.gz,c:\Users\myben\OneDrive\Documents\GitHub\DaT-Parkinson\preproc_cache\7875aud9_f84f2b8d5a9e.npy,f84f2b8d5a9e,"{""centroid_threshold_pct"": 0.4, ""crop_size"": 64, ""intensity_p_high"": 99, ""intensity_p_low"": 1, ""target_spacing_mm"": 2.9}",1785260363.1782315,cached,,0.0,1.0,0.24653160572052002,0.26905694603919983,0.6678962707519531,True,high_intensity_touches_boundary:y
k9tr74qg,c:\Users\myben\OneDrive\Documents\GitHub\DaT-Parkinson\niftis\k9tr74qg.nii.gz,c:\Users\myben\OneDrive\Documents\GitHub\DaT-Parkinson\preproc_cache\k9tr74qg_f84f2b8d5a9e.npy,f84f2b8d5a9e,"{""centroid_threshold_pct"": 0.4, ""crop_size"": 64, ""intensity_p_high"": 99, ""intensity_p_low"": 1, ""target_spacing_mm"": 2.9}",1785260370.157124,cached,,0.0,1.0,0.2801453769207001,0.2958790361881256,0.6617240905761719,True,high_intensity_touches_boundary:y
efqjg02u,c:\Users\myben\OneDrive\Documents\GitHub\DaT-Parkinson\niftis\efqjg02u.nii.gz,c:\Users\myben\OneDrive\Documents\GitHub\DaT-Parkinson\preproc_cache\efqjg02u_f84f2b8d5a9e.npy,f84f2b8d5a9e,"{""centroid_threshold_pct"": 0.4, ""crop_size"": 64, ""intensity_p_high"": 99, ""intensity_p_low"": 1, ""target_spacing_mm"": 2.9}",1785260366.982912,cached,,0.0,1.0,0.28837040066719055,0.3244093656539917,0.6461944580078125,True,high_intensity_touches_boundary:y
1g463sdy,c:\Users\myben\OneDrive\Documents\GitHub\DaT-Parkinson\niftis\1g463sdy.nii.gz,c:\Users\myben\OneDrive\Documents\GitHub\DaT-Parkinson\preproc_cache\1g463sdy_f84f2b8d5a9e.npy,f84f2b8d5a9e,"{""centroid_threshold_pct"": 0.4, ""crop_size"": 64, ""intensity_p_high"": 99, ""intensity_p_low"": 1, ""target_spacing_mm"": 2.9}",1785260360.0169392,cached,,0.0,1.0,0.22461187839508057,0.2781257927417755,0.6504325866699219,True,high_intensity_touches_boundary:y
gfliji18,c:\Users\myben\OneDrive\Documents\GitHub\DaT-Parkinson\niftis\gfliji18.nii.gz,c:\Users\myben\OneDrive\Documents\GitHub\DaT-Parkinson\preproc_cache\gfliji18_f84f2b8d5a9e.npy,f84f2b8d5a9e,"{""centroid_threshold_pct"": 0.4, ""crop_size"": 64, ""intensity_p_high"": 99, ""intensity_p_low"": 1, ""target_spacing_mm"": 2.9}",1785260368.1054502,cached,,0.0,1.0,0.2936297655105591,0.2599274814128876,0.8669662475585938,True,high_intensity_touches_boundary:y
k0axycel,c:\Users\myben\OneDrive\Documents\GitHub\DaT-Parkinson\niftis\k0axycel.nii.gz,c:\Users\myben\OneDrive\Documents\GitHub\DaT-Parkinson\preproc_cache\k0axycel_f84f2b8d5a9e.npy,f84f2b8d5a9e,"{""centroid_threshold_pct"": 0.4, ""crop_size"": 64, ""intensity_p_high"": 99, ""intensity_p_low"": 1, ""target_spacing_mm"": 2.9}",1785260369.9580567,cached,,0.0,1.0,0.3077327609062195,0.24485662579536438,0.9498863220214844,True,high_intensity_touches_boundary:y
os6zle6k,c:\Users\myben\OneDrive\Documents\GitHub\DaT-Parkinson\niftis\os6zle6k.nii.gz,c:\Users\myben\OneDrive\Documents\GitHub\DaT-Parkinson\preproc_cache\os6zle6k_f84f2b8d5a9e.npy,f84f2b8d5a9e,"{""centroid_threshold_pct"": 0.4, ""crop_size"": 64, ""intensity_p_high"": 99, ""intensity_p_low"": 1, ""target_spacing_mm"": 2.9}",1785260372.5676806,cached,,0.0,1.0,0.2700270414352417,0.2743648588657379,0.8579368591308594,True,high_intensity_touches_boundary:y
whef0vot,c:\Users\myben\OneDrive\Documents\GitHub\DaT-Parkinson\niftis\whef0vot.nii.gz,c:\Users\myben\OneDrive\Documents\GitHub\DaT-Parkinson\preproc_cache\whef0vot_f84f2b8d5a9e.npy,f84f2b8d5a9e,"{""centroid_threshold_pct"": 0.4, ""crop_size"": 64, ""intensity_p_high"": 99, ""intensity_p_low"": 1, ""target_spacing_mm"": 2.9}",1785260376.678255,cached,,0.0,1.0,0.29390934109687805,0.2712477445602417,0.9114303588867188,True,high_intensity_touches_boundary:y
qtxhi15c,c:\Users\myben\OneDrive\Documents\GitHub\DaT-Parkinson\niftis\qtxhi15c.nii.gz,c:\Users\myben\OneDrive\Documents\GitHub\DaT-Parkinson\preproc_cache\qtxhi15c_f84f2b8d5a9e.npy,f84f2b8d5a9e,"{""centroid_threshold_pct"": 0.4, ""crop_size"": 64, ""intensity_p_high"": 99, ""intensity_p_low"": 1, ""target_spacing_mm"": 2.9}",1785260373.567676,cached,,0.0,1.0,0.3118331730365753,0.27071884274482727,0.8798141479492188,True,high_intensity_touches_boundary:y
qzcuctsu,c:\Users\myben\OneDrive\Documents\GitHub\DaT-Parkinson\niftis\qzcuctsu.nii.gz,c:\Users\myben\OneDrive\Documents\GitHub\DaT-Parkinson\preproc_cache\qzcuctsu_f84f2b8d5a9e.npy,f84f2b8d5a9e,"{""centroid_threshold_pct"": 0.4, ""crop_size"": 64, ""intensity_p_high"": 99, ""intensity_p_low"": 1, ""target_spacing_mm"": 2.9}",1785260373.7343786,cached,,0.0,1.0,0.3323734402656555,0.2620631456375122,0.8713150024414062,True,high_intensity_touches_boundary:y
flsehuds,c:\Users\myben\OneDrive\Documents\GitHub\DaT-Parkinson\niftis\flsehuds.nii.gz,c:\Users\myben\OneDrive\Documents\GitHub\DaT-Parkinson\preproc_cache\flsehuds_f84f2b8d5a9e.npy,f84f2b8d5a9e,"{""centroid_threshold_pct"": 0.4, ""crop_size"": 64, ""intensity_p_high"": 99, ""intensity_p_low"": 1, ""target_spacing_mm"": 2.9}",1785260367.7335877,cached,,0.0,1.0,0.295301616191864,0.25079911947250366,0.9467430114746094,True,high_intensity_touches_boundary:y
3qsqcq30,c:\Users\myben\OneDrive\Documents\GitHub\DaT-Parkinson\niftis\3qsqcq30.nii.gz,c:\Users\myben\OneDrive\Documents\GitHub\DaT-Parkinson\preproc_cache\3qsqcq30_f84f2b8d5a9e.npy,f84f2b8d5a9e,"{""centroid_threshold_pct"": 0.4, ""crop_size"": 64, ""intensity_p_high"": 99, ""intensity_p_low"": 1, ""target_spacing_mm"": 2.9}",1785260361.3225286,cached,,0.0,1.0,0.3323352634906769,0.22174477577209473,0.934112548828125,True,"high_intensity_touches_boundary:y,z"
o30ubmc9,c:\Users\myben\OneDrive\Documents\GitHub\DaT-Parkinson\niftis\o30ubmc9.nii.gz,c:\Users\myben\OneDrive\Documents\GitHub\DaT-Parkinson\preproc_cache\o30ubmc9_f84f2b8d5a9e.npy,f84f2b8d5a9e,"{""centroid_threshold_pct"": 0.4, ""crop_size"": 64, ""intensity_p_high"": 99, ""intensity_p_low"": 1, ""target_spacing_mm"": 2.9}",1785260372.0816858,cached,,0.0,1.0,0.300865113735199,0.2715316116809845,0.8837623596191406,True,high_intensity_touches_boundary:y
7c7bo119,c:\Users\myben\OneDrive\Documents\GitHub\DaT-Parkinson\niftis\7c7bo119.nii.gz,c:\Users\myben\OneDrive\Documents\GitHub\DaT-Parkinson\preproc_cache\7c7bo119_f84f2b8d5a9e.npy,f84f2b8d5a9e,"{""centroid_threshold_pct"": 0.4, ""crop_size"": 64, ""intensity_p_high"": 99, ""intensity_p_low"": 1, ""target_spacing_mm"": 2.9}",1785260363.2329423,cached,,0.0,1.0,0.30737584829330444,0.2623226046562195,0.9148635864257812,True,
xp9n56ny,c:\Users\myben\OneDrive\Documents\GitHub\DaT-Parkinson\niftis\xp9n56ny.nii.gz,c:\Users\myben\OneDrive\Documents\GitHub\DaT-Parkinson\preproc_cache\xp9n56ny_f84f2b8d5a9e.npy,f84f2b8d5a9e,"{""centroid_threshold_pct"": 0.4, ""crop_size"": 64, ""intensity_p_high"": 99, ""intensity_p_low"": 1, ""target_spacing_mm"": 2.9}",1785260377.2522771,cached,,0.0,1.0,0.3286910951137543,0.2524726688861847,0.906097412109375,True,high_intensity_touches_boundary:y
xtxmgtt0,c:\Users\myben\OneDrive\Documents\GitHub\DaT-Parkinson\niftis\xtxmgtt0.nii.gz,c:\Users\myben\OneDrive\Documents\GitHub\DaT-Parkinson\preproc_cache\xtxmgtt0_f84f2b8d5a9e.npy,f84f2b8d5a9e,"{""centroid_threshold_pct"": 0.4, ""crop_size"": 64, ""intensity_p_high"": 99, ""intensity_p_low"": 1, ""target_spacing_mm"": 2.9}",1785260377.3939147,cached,,0.0,1.0,0.2917443513870239,0.2604731619358063,0.8354072570800781,True,high_intensity_touches_boundary:y
iaakytt3,c:\Users\myben\OneDrive\Documents\GitHub\DaT-Parkinson\niftis\iaakytt3.nii.gz,c:\Users\myben\OneDrive\Documents\GitHub\DaT-Parkinson\preproc_cache\iaakytt3_f84f2b8d5a9e.npy,f84f2b8d5a9e,"{""centroid_threshold_pct"": 0.4, ""crop_size"": 64, ""intensity_p_high"": 99, ""intensity_p_low"": 1, ""target_spacing_mm"": 2.9}",1785260369.059821,cached,,0.0,1.0,0.3024299144744873,0.2660970389842987,0.8714752197265625,True,high_intensity_touches_boundary:y
imj70e3p,c:\Users\myben\OneDrive\Documents\GitHub\DaT-Parkinson\niftis\imj70e3p.nii.gz,c:\Users\myben\OneDrive\Documents\GitHub\DaT-Parkinson\preproc_cache\imj70e3p_f84f2b8d5a9e.npy,f84f2b8d5a9e,"{""centroid_threshold_pct"": 0.4, ""crop_size"": 64, ""intensity_p_high"": 99, ""intensity_p_low"": 1, ""target_spacing_mm"": 2.9}",1785260369.135804,cached,,0.0,1.0,0.292010098695755,0.2704758048057556,0.8920516967773438,True,high_intensity_touches_boundary:y
15ahdbvz,c:\Users\myben\OneDrive\Documents\GitHub\DaT-Parkinson\niftis\15ahdbvz.nii.gz,c:\Users\myben\OneDrive\Documents\GitHub\DaT-Parkinson\preproc_cache\15ahdbvz_f84f2b8d5a9e.npy,f84f2b8d5a9e,"{""centroid_threshold_pct"": 0.4, ""crop_size"": 64, ""intensity_p_high"": 99, ""intensity_p_low"": 1, ""target_spacing_mm"": 2.9}",1785260359.83832,cached,,0.0,1.0,0.31440019607543945,0.218659445643425,0.8926048278808594,True,"high_intensity_touches_boundary:y,z"
b0oih5cs,c:\Users\myben\OneDrive\Documents\GitHub\DaT-Parkinson\niftis\b0oih5cs.nii.gz,c:\Users\myben\OneDrive\Documents\GitHub\DaT-Parkinson\preproc_cache\b0oih5cs_f84f2b8d5a9e.npy,f84f2b8d5a9e,"{""centroid_threshold_pct"": 0.4, ""crop_size"": 64, ""intensity_p_high"": 99, ""intensity_p_low"": 1, ""target_spacing_mm"": 2.9}",1785260364.8817687,cached,,0.0,1.0,0.2822455167770386,0.2701921761035919,0.8997421264648438,True,high_intensity_touches_boundary:y
k30lvylk,c:\Users\myben\OneDrive\Documents\GitHub\DaT-Parkinson\niftis\k30lvylk.nii.gz,c:\Users\myben\OneDrive\Documents\GitHub\DaT-Parkinson\preproc_cache\k30lvylk_f84f2b8d5a9e.npy,f84f2b8d5a9e,"{""centroid_threshold_pct"": 0.4, ""crop_size"": 64, ""intensity_p_high"": 99, ""intensity_p_low"": 1, ""target_spacing_mm"": 2.9}",1785260370.028912,cached,,0.0,1.0,0.2752078175544739,0.25303971767425537,0.8657875061035156,True,high_intensity_touches_boundary:y
fxhkc856,c:\Users\myben\OneDrive\Documents\GitHub\DaT-Parkinson\niftis\fxhkc856.nii.gz,c:\Users\myben\OneDrive\Documents\GitHub\DaT-Parkinson\preproc_cache\fxhkc856_f84f2b8d5a9e.npy,f84f2b8d5a9e,"{""centroid_threshold_pct"": 0.4, ""crop_size"": 64, ""intensity_p_high"": 99, ""intensity_p_low"": 1, ""target_spacing_mm"": 2.9}",1785260367.9226453,cached,,0.0,1.0,0.2859497666358948,0.2624834179878235,0.8627166748046875,True,high_intensity_touches_boundary:y
wpr97y2l,c:\Users\myben\OneDrive\Documents\GitHub\DaT-Parkinson\niftis\wpr97y2l.nii.gz,c:\Users\myben\OneDrive\Documents\GitHub\DaT-Parkinson\preproc_cache\wpr97y2l_f84f2b8d5a9e.npy,f84f2b8d5a9e,"{""centroid_threshold_pct"": 0.4, ""crop_size"": 64, ""intensity_p_high"": 99, ""intensity_p_low"": 1, ""target_spacing_mm"": 2.9}",1785260376.7847466,cached,,0.0,1.0,0.3226523995399475,0.2904866933822632,0.8949165344238281,True,high_intensity_touches_boundary:y
ofn1r4kz,c:\Users\myben\OneDrive\Documents\GitHub\DaT-Parkinson\niftis\ofn1r4kz.nii.gz,c:\Users\myben\OneDrive\Documents\GitHub\DaT-Parkinson\preproc_cache\ofn1r4kz_f84f2b8d5a9e.npy,f84f2b8d5a9e,"{""centroid_threshold_pct"": 0.4, ""crop_size"": 64, ""intensity_p_high"": 99, ""intensity_p_low"": 1, ""target_spacing_mm"": 2.9}",1785260372.303767,cached,,0.0,1.0,0.3162803053855896,0.26838061213493347,0.9320755004882812,True,high_intensity_touches_boundary:y
36u8ueih,c:\Users\myben\OneDrive\Documents\GitHub\DaT-Parkinson\niftis\36u8ueih.nii.gz,c:\Users\myben\OneDrive\Documents\GitHub\DaT-Parkinson\preproc_cache\36u8ueih_f84f2b8d5a9e.npy,f84f2b8d5a9e,"{""centroid_threshold_pct"": 0.4, ""crop_size"": 64, ""intensity_p_high"": 99, ""intensity_p_low"": 1, ""target_spacing_mm"": 2.9}",1785260360.950166,cached,,0.0,1.0,0.2696879208087921,0.2599181830883026,0.8830795288085938,True,high_intensity_touches_boundary:y
x74d0gjy,c:\Users\myben\OneDrive\Documents\GitHub\DaT-Parkinson\niftis\x74d0gjy.nii.gz,c:\Users\myben\OneDrive\Documents\GitHub\DaT-Parkinson\preproc_cache\x74d0gjy_f84f2b8d5a9e.npy,f84f2b8d5a9e,"{""centroid_threshold_pct"": 0.4, ""crop_size"": 64, ""intensity_p_high"": 99, ""intensity_p_low"": 1, ""target_spacing_mm"": 2.9}",1785260376.9334104,cached,,0.0,1.0,0.25226324796676636,0.23975703120231628,0.8520774841308594,True,high_intensity_touches_boundary:y
v5g10ur5,c:\Users\myben\OneDrive\Documents\GitHub\DaT-Parkinson\niftis\v5g10ur5.nii.gz,c:\Users\myben\OneDrive\Documents\GitHub\DaT-Parkinson\preproc_cache\v5g10ur5_f84f2b8d5a9e.npy,f84f2b8d5a9e,"{""centroid_threshold_pct"": 0.4, ""crop_size"": 64, ""intensity_p_high"": 99, ""intensity_p_low"": 1, ""target_spacing_mm"": 2.9}",1785260375.9211547,cached,,0.0,1.0,0.292303204536438,0.26367565989494324,0.8836097717285156,True,high_intensity_touches_boundary:y
l8a78e9r,c:\Users\myben\OneDrive\Documents\GitHub\DaT-Parkinson\niftis\l8a78e9r.nii.gz,c:\Users\myben\OneDrive\Documents\GitHub\DaT-Parkinson\preproc_cache\l8a78e9r_f84f2b8d5a9e.npy,f84f2b8d5a9e,"{""centroid_threshold_pct"": 0.4, ""crop_size"": 64, ""intensity_p_high"": 99, ""intensity_p_low"": 1, ""target_spacing_mm"": 2.9}",1785260370.6346633,cached,,0.0,1.0,0.297049880027771,0.26641517877578735,0.9113807678222656,True,high_intensity_touches_boundary:y
ivh6t1nt,c:\Users\myben\OneDrive\Documents\GitHub\DaT-Parkinson\niftis\ivh6t1nt.nii.gz,c:\Users\myben\OneDrive\Documents\GitHub\DaT-Parkinson\preproc_cache\ivh6t1nt_f84f2b8d5a9e.npy,f84f2b8d5a9e,"{""centroid_threshold_pct"": 0.4, ""crop_size"": 64, ""intensity_p_high"": 99, ""intensity_p_low"": 1, ""target_spacing_mm"": 2.9}",1785260369.236999,cached,,0.0,1.0,0.299244225025177,0.28011125326156616,0.8551712036132812,True,high_intensity_touches_boundary:y
mjsrd9q4,c:\Users\myben\OneDrive\Documents\GitHub\DaT-Parkinson\niftis\mjsrd9q4.nii.gz,c:\Users\myben\OneDrive\Documents\GitHub\DaT-Parkinson\preproc_cache\mjsrd9q4_f84f2b8d5a9e.npy,f84f2b8d5a9e,"{""centroid_threshold_pct"": 0.4, ""crop_size"": 64, ""intensity_p_high"": 99, ""intensity_p_low"": 1, ""target_spacing_mm"": 2.9}",1785260371.1911666,cached,,0.0,1.0,0.33450847864151,0.255737841129303,0.8847579956054688,True,high_intensity_touches_boundary:y
6nouhfj7,c:\Users\myben\OneDrive\Documents\GitHub\DaT-Parkinson\niftis\6nouhfj7.nii.gz,c:\Users\myben\OneDrive\Documents\GitHub\DaT-Parkinson\preproc_cache\6nouhfj7_f84f2b8d5a9e.npy,f84f2b8d5a9e,"{""centroid_threshold_pct"": 0.4, ""crop_size"": 64, ""intensity_p_high"": 99, ""intensity_p_low"": 1, ""target_spacing_mm"": 2.9}",1785260362.8348908,cached,,0.0,1.0,0.3173708915710449,0.2662354111671448,0.8324775695800781,True,high_intensity_touches_boundary:y
upfln4rx,c:\Users\myben\OneDrive\Documents\GitHub\DaT-Parkinson\niftis\upfln4rx.nii.gz,c:\Users\myben\OneDrive\Documents\GitHub\DaT-Parkinson\preproc_cache\upfln4rx_f84f2b8d5a9e.npy,f84f2b8d5a9e,"{""centroid_threshold_pct"": 0.4, ""crop_size"": 64, ""intensity_p_high"": 99, ""intensity_p_low"": 1, ""target_spacing_mm"": 2.9}",1785260375.6817505,cached,,0.0,1.0,0.3004404306411743,0.239694744348526,0.9539260864257812,True,"high_intensity_touches_boundary:y,z"
yj38xrg2,c:\Users\myben\OneDrive\Documents\GitHub\DaT-Parkinson\niftis\yj38xrg2.nii.gz,c:\Users\myben\OneDrive\Documents\GitHub\DaT-Parkinson\preproc_cache\yj38xrg2_f84f2b8d5a9e.npy,f84f2b8d5a9e,"{""centroid_threshold_pct"": 0.4, ""crop_size"": 64, ""intensity_p_high"": 99, ""intensity_p_low"": 1, ""target_spacing_mm"": 2.9}",1785260377.7713268,cached,,0.0,1.0,0.29722559452056885,0.24003808200359344,0.8387184143066406,True,"high_intensity_touches_boundary:x,y"
gzr7txcb,c:\Users\myben\OneDrive\Documents\GitHub\DaT-Parkinson\niftis\gzr7txcb.nii.gz,c:\Users\myben\OneDrive\Documents\GitHub\DaT-Parkinson\preproc_cache\gzr7txcb_f84f2b8d5a9e.npy,f84f2b8d5a9e,"{""centroid_threshold_pct"": 0.4, ""crop_size"": 64, ""intensity_p_high"": 99, ""intensity_p_low"": 1, ""target_spacing_mm"": 2.9}",1785260368.5249364,cached,,0.0,1.0,0.2658025324344635,0.2452770471572876,0.8283767700195312,True,high_intensity_touches_boundary:y
48y1o4iz,c:\Users\myben\OneDrive\Documents\GitHub\DaT-Parkinson\niftis\48y1o4iz.nii.gz,c:\Users\myben\OneDrive\Documents\GitHub\DaT-Parkinson\preproc_cache\48y1o4iz_f84f2b8d5a9e.npy,f84f2b8d5a9e,"{""centroid_threshold_pct"": 0.4, ""crop_size"": 64, ""intensity_p_high"": 99, ""intensity_p_low"": 1, ""target_spacing_mm"": 2.9}",1785260361.59694,cached,,0.0,1.0,0.3088850975036621,0.25476154685020447,0.9255599975585938,True,high_intensity_touches_boundary:y
asnwywrr,c:\Users\myben\OneDrive\Documents\GitHub\DaT-Parkinson\niftis\asnwywrr.nii.gz,c:\Users\myben\OneDrive\Documents\GitHub\DaT-Parkinson\preproc_cache\asnwywrr_f84f2b8d5a9e.npy,f84f2b8d5a9e,"{""centroid_threshold_pct"": 0.4, ""crop_size"": 64, ""intensity_p_high"": 99, ""intensity_p_low"": 1, ""target_spacing_mm"": 2.9}",1785260364.793583,cached,,0.0,1.0,0.3620455265045166,0.24319316446781158,0.9436187744140625,True,"high_intensity_touches_boundary:y,z"
atatj9a3,c:\Users\myben\OneDrive\Documents\GitHub\DaT-Parkinson\niftis\atatj9a3.nii.gz,c:\Users\myben\OneDrive\Documents\GitHub\DaT-Parkinson\preproc_cache\atatj9a3_f84f2b8d5a9e.npy,f84f2b8d5a9e,"{""centroid_threshold_pct"": 0.4, ""crop_size"": 64, ""intensity_p_high"": 99, ""intensity_p_low"": 1, ""target_spacing_mm"": 2.9}",1785260364.8087106,cached,,0.0,1.0,0.292229562997818,0.25559407472610474,0.8480148315429688,True,high_intensity_touches_boundary:y
y36ddfgs,c:\Users\myben\OneDrive\Documents\GitHub\DaT-Parkinson\niftis\y36ddfgs.nii.gz,c:\Users\myben\OneDrive\Documents\GitHub\DaT-Parkinson\preproc_cache\y36ddfgs_f84f2b8d5a9e.npy,f84f2b8d5a9e,"{""centroid_threshold_pct"": 0.4, ""crop_size"": 64, ""intensity_p_high"": 99, ""intensity_p_low"": 1, ""target_spacing_mm"": 2.9}",1785260377.549486,cached,,0.0,1.0,0.28713148832321167,0.2488282471895218,0.8200035095214844,True,"high_intensity_touches_boundary:x,y"
3jonou9i,c:\Users\myben\OneDrive\Documents\GitHub\DaT-Parkinson\niftis\3jonou9i.nii.gz,c:\Users\myben\OneDrive\Documents\GitHub\DaT-Parkinson\preproc_cache\3jonou9i_f84f2b8d5a9e.npy,f84f2b8d5a9e,"{""centroid_threshold_pct"": 0.4, ""crop_size"": 64, ""intensity_p_high"": 99, ""intensity_p_low"": 1, ""target_spacing_mm"": 2.9}",1785260361.1929252,cached,,0.0,1.0,0.30013343691825867,0.2741488218307495,0.898284912109375,True,high_intensity_touches_boundary:y
y4x41dnt,c:\Users\myben\OneDrive\Documents\GitHub\DaT-Parkinson\niftis\y4x41dnt.nii.gz,c:\Users\myben\OneDrive\Documents\GitHub\DaT-Parkinson\preproc_cache\y4x41dnt_f84f2b8d5a9e.npy,f84f2b8d5a9e,"{""centroid_threshold_pct"": 0.4, ""crop_size"": 64, ""intensity_p_high"": 99, ""intensity_p_low"": 1, ""target_spacing_mm"": 2.9}",1785260377.5833743,cached,,0.0,1.0,0.3321387767791748,0.24242326617240906,0.8920783996582031,True,"high_intensity_touches_boundary:x,y,z"
cagrp2u4,c:\Users\myben\OneDrive\Documents\GitHub\DaT-Parkinson\niftis\cagrp2u4.nii.gz,c:\Users\myben\OneDrive\Documents\GitHub\DaT-Parkinson\preproc_cache\cagrp2u4_f84f2b8d5a9e.npy,f84f2b8d5a9e,"{""centroid_threshold_pct"": 0.4, ""crop_size"": 64, ""intensity_p_high"": 99, ""intensity_p_low"": 1, ""target_spacing_mm"": 2.9}",1785260365.6076052,cached,,0.0,1.0,0.3418673872947693,0.26248404383659363,0.879180908203125,True,high_intensity_touches_boundary:y
dtbh55rb,c:\Users\myben\OneDrive\Documents\GitHub\DaT-Parkinson\niftis\dtbh55rb.nii.gz,c:\Users\myben\OneDrive\Documents\GitHub\DaT-Parkinson\preproc_cache\dtbh55rb_f84f2b8d5a9e.npy,f84f2b8d5a9e,"{""centroid_threshold_pct"": 0.4, ""crop_size"": 64, ""intensity_p_high"": 99, ""intensity_p_low"": 1, ""target_spacing_mm"": 2.9}",1785260366.543532,cached,,0.0,1.0,0.2878202795982361,0.2546611726284027,0.8864517211914062,True,high_intensity_touches_boundary:y
c76ub7l8,c:\Users\myben\OneDrive\Documents\GitHub\DaT-Parkinson\niftis\c76ub7l8.nii.gz,c:\Users\myben\OneDrive\Documents\GitHub\DaT-Parkinson\preproc_cache\c76ub7l8_f84f2b8d5a9e.npy,f84f2b8d5a9e,"{""centroid_threshold_pct"": 0.4, ""crop_size"": 64, ""intensity_p_high"": 99, ""intensity_p_low"": 1, ""target_spacing_mm"": 2.9}",1785260365.5490203,cached,,0.0,1.0,0.32899484038352966,0.2738560140132904,0.9169197082519531,True,high_intensity_touches_boundary:y
v1zocfi4,c:\Users\myben\OneDrive\Documents\GitHub\DaT-Parkinson\niftis\v1zocfi4.nii.gz,c:\Users\myben\OneDrive\Documents\GitHub\DaT-Parkinson\preproc_cache\v1zocfi4_f84f2b8d5a9e.npy,f84f2b8d5a9e,"{""centroid_threshold_pct"": 0.4, ""crop_size"": 64, ""intensity_p_high"": 99, ""intensity_p_low"": 1, ""target_spacing_mm"": 2.9}",1785260375.8241973,cached,,0.0,1.0,0.29123687744140625,0.2644844353199005,0.8529319763183594,True,"high_intensity_touches_boundary:x,y"
o6l1f90s,c:\Users\myben\OneDrive\Documents\GitHub\DaT-Parkinson\niftis\o6l1f90s.nii.gz,c:\Users\myben\OneDrive\Documents\GitHub\DaT-Parkinson\preproc_cache\o6l1f90s_f84f2b8d5a9e.npy,f84f2b8d5a9e,"{""centroid_threshold_pct"": 0.4, ""crop_size"": 64, ""intensity_p_high"": 99, ""intensity_p_low"": 1, ""target_spacing_mm"": 2.9}",1785260372.1670861,cached,,0.0,1.0,0.2654625475406647,0.2571388781070709,0.83953857421875,True,high_intensity_touches_boundary:y
9bp4m18o,c:\Users\myben\OneDrive\Documents\GitHub\DaT-Parkinson\niftis\9bp4m18o.nii.gz,c:\Users\myben\OneDrive\Documents\GitHub\DaT-Parkinson\preproc_cache\9bp4m18o_f84f2b8d5a9e.npy,f84f2b8d5a9e,"{""centroid_threshold_pct"": 0.4, ""crop_size"": 64, ""intensity_p_high"": 99, ""intensity_p_low"": 1, ""target_spacing_mm"": 2.9}",1785260364.178303,cached,,0.0,1.0,0.2971005439758301,0.24420127272605896,0.8238372802734375,True,"high_intensity_touches_boundary:x,y"
1bj9rm7p,c:\Users\myben\OneDrive\Documents\GitHub\DaT-Parkinson\niftis\1bj9rm7p.nii.gz,c:\Users\myben\OneDrive\Documents\GitHub\DaT-Parkinson\preproc_cache\1bj9rm7p_f84f2b8d5a9e.npy,f84f2b8d5a9e,"{""centroid_threshold_pct"": 0.4, ""crop_size"": 64, ""intensity_p_high"": 99, ""intensity_p_low"": 1, ""target_spacing_mm"": 2.9}",1785260359.9263966,cached,,0.0,1.0,0.31526193022727966,0.2736392021179199,0.8260269165039062,True,high_intensity_touches_boundary:y
yxdw2zcf,c:\Users\myben\OneDrive\Documents\GitHub\DaT-Parkinson\niftis\yxdw2zcf.nii.gz,c:\Users\myben\OneDrive\Documents\GitHub\DaT-Parkinson\preproc_cache\yxdw2zcf_f84f2b8d5a9e.npy,f84f2b8d5a9e,"{""centroid_threshold_pct"": 0.4, ""crop_size"": 64, ""intensity_p_high"": 99, ""intensity_p_low"": 1, ""target_spacing_mm"": 2.9}",1785260378.0056946,cached,,0.0,1.0,0.29258620738983154,0.2734743356704712,0.8984565734863281,True,high_intensity_touches_boundary:y
zw0ldalm,c:\Users\myben\OneDrive\Documents\GitHub\DaT-Parkinson\niftis\zw0ldalm.nii.gz,c:\Users\myben\OneDrive\Documents\GitHub\DaT-Parkinson\preproc_cache\zw0ldalm_f84f2b8d5a9e.npy,f84f2b8d5a9e,"{""centroid_threshold_pct"": 0.4, ""crop_size"": 64, ""intensity_p_high"": 99, ""intensity_p_low"": 1, ""target_spacing_mm"": 2.9}",1785260378.4322214,cached,,0.0,1.0,0.2817721962928772,0.2582329213619232,0.8413925170898438,True,high_intensity_touches_boundary:y
jegqtoam,c:\Users\myben\OneDrive\Documents\GitHub\DaT-Parkinson\niftis\jegqtoam.nii.gz,c:\Users\myben\OneDrive\Documents\GitHub\DaT-Parkinson\preproc_cache\jegqtoam_f84f2b8d5a9e.npy,f84f2b8d5a9e,"{""centroid_threshold_pct"": 0.4, ""crop_size"": 64, ""intensity_p_high"": 99, ""intensity_p_low"": 1, ""target_spacing_mm"": 2.9}",1785260369.602426,cached,,0.0,1.0,0.277052104473114,0.26782283186912537,0.9254875183105469,True,high_intensity_touches_boundary:y
dvlnknd6,c:\Users\myben\OneDrive\Documents\GitHub\DaT-Parkinson\niftis\dvlnknd6.nii.gz,c:\Users\myben\OneDrive\Documents\GitHub\DaT-Parkinson\preproc_cache\dvlnknd6_f84f2b8d5a9e.npy,f84f2b8d5a9e,"{""centroid_threshold_pct"": 0.4, ""crop_size"": 64, ""intensity_p_high"": 99, ""intensity_p_low"": 1, ""target_spacing_mm"": 2.9}",1785260366.5588863,cached,,0.0,1.0,0.34148108959198,0.21326510608196259,0.9744453430175781,True,"high_intensity_touches_boundary:y,z"
69ugnekr,c:\Users\myben\OneDrive\Documents\GitHub\DaT-Parkinson\niftis\69ugnekr.nii.gz,c:\Users\myben\OneDrive\Documents\GitHub\DaT-Parkinson\preproc_cache\69ugnekr_f84f2b8d5a9e.npy,f84f2b8d5a9e,"{""centroid_threshold_pct"": 0.4, ""crop_size"": 64, ""intensity_p_high"": 99, ""intensity_p_low"": 1, ""target_spacing_mm"": 2.9}",1785260362.6571128,cached,,0.0,1.0,0.2972337007522583,0.24799728393554688,0.8369712829589844,True,high_intensity_touches_boundary:y
cpprcjiw,c:\Users\myben\OneDrive\Documents\GitHub\DaT-Parkinson\niftis\cpprcjiw.nii.gz,c:\Users\myben\OneDrive\Documents\GitHub\DaT-Parkinson\preproc_cache\cpprcjiw_f84f2b8d5a9e.npy,f84f2b8d5a9e,"{""centroid_threshold_pct"": 0.4, ""crop_size"": 64, ""intensity_p_high"": 99, ""intensity_p_low"": 1, ""target_spacing_mm"": 2.9}",1785260365.7743719,cached,,0.0,1.0,0.36164799332618713,0.24097377061843872,0.8961639404296875,True,"high_intensity_touches_boundary:x,y,z"
vhdk8lw2,c:\Users\myben\OneDrive\Documents\GitHub\DaT-Parkinson\niftis\vhdk8lw2.nii.gz,c:\Users\myben\OneDrive\Documents\GitHub\DaT-Parkinson\preproc_cache\vhdk8lw2_f84f2b8d5a9e.npy,f84f2b8d5a9e,"{""centroid_threshold_pct"": 0.4, ""crop_size"": 64, ""intensity_p_high"": 99, ""intensity_p_low"": 1, ""target_spacing_mm"": 2.9}",1785260376.1521616,cached,,0.0,1.0,0.2676316499710083,0.2623597979545593,0.9459190368652344,True,high_intensity_touches_boundary:y
lm349el8,c:\Users\myben\OneDrive\Documents\GitHub\DaT-Parkinson\niftis\lm349el8.nii.gz,c:\Users\myben\OneDrive\Documents\GitHub\DaT-Parkinson\preproc_cache\lm349el8_f84f2b8d5a9e.npy,f84f2b8d5a9e,"{""centroid_threshold_pct"": 0.4, ""crop_size"": 64, ""intensity_p_high"": 99, ""intensity_p_low"": 1, ""target_spacing_mm"": 2.9}",1785260370.8004363,cached,,0.0,1.0,0.3342841863632202,0.2658252716064453,0.8965415954589844,True,high_intensity_touches_boundary:y
hl88kzru,c:\Users\myben\OneDrive\Documents\GitHub\DaT-Parkinson\niftis\hl88kzru.nii.gz,c:\Users\myben\OneDrive\Documents\GitHub\DaT-Parkinson\preproc_cache\hl88kzru_f84f2b8d5a9e.npy,f84f2b8d5a9e,"{""centroid_threshold_pct"": 0.4, ""crop_size"": 64, ""intensity_p_high"": 99, ""intensity_p_low"": 1, ""target_spacing_mm"": 2.9}",1785260368.737045,cached,,0.0,1.0,0.31100136041641235,0.25877171754837036,0.8202896118164062,True,high_intensity_touches_boundary:y
in3oeuvt,c:\Users\myben\OneDrive\Documents\GitHub\DaT-Parkinson\niftis\in3oeuvt.nii.gz,c:\Users\myben\OneDrive\Documents\GitHub\DaT-Parkinson\preproc_cache\in3oeuvt_f84f2b8d5a9e.npy,f84f2b8d5a9e,"{""centroid_threshold_pct"": 0.4, ""crop_size"": 64, ""intensity_p_high"": 99, ""intensity_p_low"": 1, ""target_spacing_mm"": 2.9}",1785260369.1539557,cached,,0.0,1.0,0.3589812219142914,0.22059102356433868,0.9334640502929688,True,"high_intensity_touches_boundary:y,z"
yt8qzpky,c:\Users\myben\OneDrive\Documents\GitHub\DaT-Parkinson\niftis\yt8qzpky.nii.gz,c:\Users\myben\OneDrive\Documents\GitHub\DaT-Parkinson\preproc_cache\yt8qzpky_f84f2b8d5a9e.npy,f84f2b8d5a9e,"{""centroid_threshold_pct"": 0.4, ""crop_size"": 64, ""intensity_p_high"": 99, ""intensity_p_low"": 1, ""target_spacing_mm"": 2.9}",1785260377.920372,cached,,0.0,1.0,0.3143904507160187,0.25375354290008545,0.8759307861328125,True,"high_intensity_touches_boundary:x,y"
32orwixz,c:\Users\myben\OneDrive\Documents\GitHub\DaT-Parkinson\niftis\32orwixz.nii.gz,c:\Users\myben\OneDrive\Documents\GitHub\DaT-Parkinson\preproc_cache\32orwixz_f84f2b8d5a9e.npy,f84f2b8d5a9e,"{""centroid_threshold_pct"": 0.4, ""crop_size"": 64, ""intensity_p_high"": 99, ""intensity_p_low"": 1, ""target_spacing_mm"": 2.9}",1785260360.8802278,cached,,0.0,1.0,0.3169875741004944,0.2594957649707794,0.8786201477050781,True,high_intensity_touches_boundary:y
2c9ros7y,c:\Users\myben\OneDrive\Documents\GitHub\DaT-Parkinson\niftis\2c9ros7y.nii.gz,c:\Users\myben\OneDrive\Documents\GitHub\DaT-Parkinson\preproc_cache\2c9ros7y_f84f2b8d5a9e.npy,f84f2b8d5a9e,"{""centroid_threshold_pct"": 0.4, ""crop_size"": 64, ""intensity_p_high"": 99, ""intensity_p_low"": 1, ""target_spacing_mm"": 2.9}",1785260360.4229734,cached,,0.0,1.0,0.29852086305618286,0.27535831928253174,0.9187889099121094,True,high_intensity_touches_boundary:y
t2m6twd1,c:\Users\myben\OneDrive\Documents\GitHub\DaT-Parkinson\niftis\t2m6twd1.nii.gz,c:\Users\myben\OneDrive\Documents\GitHub\DaT-Parkinson\preproc_cache\t2m6twd1_f84f2b8d5a9e.npy,f84f2b8d5a9e,"{""centroid_threshold_pct"": 0.4, ""crop_size"": 64, ""intensity_p_high"": 99, ""intensity_p_low"": 1, ""target_spacing_mm"": 2.9}",1785260374.775841,cached,,0.0,1.0,0.3213629424571991,0.27944326400756836,0.8677291870117188,True,high_intensity_touches_boundary:y
xmxb9yo1,c:\Users\myben\OneDrive\Documents\GitHub\DaT-Parkinson\niftis\xmxb9yo1.nii.gz,c:\Users\myben\OneDrive\Documents\GitHub\DaT-Parkinson\preproc_cache\xmxb9yo1_f84f2b8d5a9e.npy,f84f2b8d5a9e,"{""centroid_threshold_pct"": 0.4, ""crop_size"": 64, ""intensity_p_high"": 99, ""intensity_p_low"": 1, ""target_spacing_mm"": 2.9}",1785260377.1963222,cached,,0.0,1.0,0.2924080491065979,0.2508713901042938,0.9179191589355469,True,high_intensity_touches_boundary:y
8pajssuu,c:\Users\myben\OneDrive\Documents\GitHub\DaT-Parkinson\niftis\8pajssuu.nii.gz,c:\Users\myben\OneDrive\Documents\GitHub\DaT-Parkinson\preproc_cache\8pajssuu_f84f2b8d5a9e.npy,f84f2b8d5a9e,"{""centroid_threshold_pct"": 0.4, ""crop_size"": 64, ""intensity_p_high"": 99, ""intensity_p_low"": 1, ""target_spacing_mm"": 2.9}",1785260363.9555655,cached,,0.0,1.0,0.24240419268608093,0.2562727928161621,0.8802947998046875,True,high_intensity_touches_boundary:y
qo1vsmad,c:\Users\myben\OneDrive\Documents\GitHub\DaT-Parkinson\niftis\qo1vsmad.nii.gz,c:\Users\myben\OneDrive\Documents\GitHub\DaT-Parkinson\preproc_cache\qo1vsmad_f84f2b8d5a9e.npy,f84f2b8d5a9e,"{""centroid_threshold_pct"": 0.4, ""crop_size"": 64, ""intensity_p_high"": 99, ""intensity_p_low"": 1, ""target_spacing_mm"": 2.9}",1785260373.4962702,cached,,0.0,1.0,0.36265602707862854,0.2614390552043915,0.89910888671875,True,"high_intensity_touches_boundary:y,z"
o8e7flqh,c:\Users\myben\OneDrive\Documents\GitHub\DaT-Parkinson\niftis\o8e7flqh.nii.gz,c:\Users\myben\OneDrive\Documents\GitHub\DaT-Parkinson\preproc_cache\o8e7flqh_f84f2b8d5a9e.npy,f84f2b8d5a9e,"{""centroid_threshold_pct"": 0.4, ""crop_size"": 64, ""intensity_p_high"": 99, ""intensity_p_low"": 1, ""target_spacing_mm"": 2.9}",1785260372.1918216,cached,,0.0,1.0,0.26252636313438416,0.26469525694847107,0.9084930419921875,True,high_intensity_touches_boundary:y
rrpzlk3e,c:\Users\myben\OneDrive\Documents\GitHub\DaT-Parkinson\niftis\rrpzlk3e.nii.gz,c:\Users\myben\OneDrive\Documents\GitHub\DaT-Parkinson\preproc_cache\rrpzlk3e_f84f2b8d5a9e.npy,f84f2b8d5a9e,"{""centroid_threshold_pct"": 0.4, ""crop_size"": 64, ""intensity_p_high"": 99, ""intensity_p_low"": 1, ""target_spacing_mm"": 2.9}",1785260374.103896,cached,,0.0,1.0,0.3178967833518982,0.27873578667640686,0.8602485656738281,True,high_intensity_touches_boundary:y
4xyf9igf,c:\Users\myben\OneDrive\Documents\GitHub\DaT-Parkinson\niftis\4xyf9igf.nii.gz,c:\Users\myben\OneDrive\Documents\GitHub\DaT-Parkinson\preproc_cache\4xyf9igf_f84f2b8d5a9e.npy,f84f2b8d5a9e,"{""centroid_threshold_pct"": 0.4, ""crop_size"": 64, ""intensity_p_high"": 99, ""intensity_p_low"": 1, ""target_spacing_mm"": 2.9}",1785260362.0543065,cached,,0.0,1.0,0.30287325382232666,0.27043837308883667,0.8247756958007812,True,high_intensity_touches_boundary:y
u8iogxpb,c:\Users\myben\OneDrive\Documents\GitHub\DaT-Parkinson\niftis\u8iogxpb.nii.gz,c:\Users\myben\OneDrive\Documents\GitHub\DaT-Parkinson\preproc_cache\u8iogxpb_f84f2b8d5a9e.npy,f84f2b8d5a9e,"{""centroid_threshold_pct"": 0.4, ""crop_size"": 64, ""intensity_p_high"": 99, ""intensity_p_low"": 1, ""target_spacing_mm"": 2.9}",1785260375.3692985,cached,,0.0,1.0,0.3641032874584198,0.2540292739868164,0.8855552673339844,True,"high_intensity_touches_boundary:x,y"
whvnzh13,c:\Users\myben\OneDrive\Documents\GitHub\DaT-Parkinson\niftis\whvnzh13.nii.gz,c:\Users\myben\OneDrive\Documents\GitHub\DaT-Parkinson\preproc_cache\whvnzh13_f84f2b8d5a9e.npy,f84f2b8d5a9e,"{""centroid_threshold_pct"": 0.4, ""crop_size"": 64, ""intensity_p_high"": 99, ""intensity_p_low"": 1, ""target_spacing_mm"": 2.9}",1785260376.6917865,cached,,0.0,1.0,0.286851167678833,0.2739347517490387,0.7937431335449219,True,"high_intensity_touches_boundary:x,y"
cd5glqj5,c:\Users\myben\OneDrive\Documents\GitHub\DaT-Parkinson\niftis\cd5glqj5.nii.gz,c:\Users\myben\OneDrive\Documents\GitHub\DaT-Parkinson\preproc_cache\cd5glqj5_f84f2b8d5a9e.npy,f84f2b8d5a9e,"{""centroid_threshold_pct"": 0.4, ""crop_size"": 64, ""intensity_p_high"": 99, ""intensity_p_low"": 1, ""target_spacing_mm"": 2.9}",1785260365.655595,cached,,0.0,1.0,0.30144003033638,0.22473257780075073,0.9251327514648438,True,high_intensity_touches_boundary:y
sxvwvm4w,c:\Users\myben\OneDrive\Documents\GitHub\DaT-Parkinson\niftis\sxvwvm4w.nii.gz,c:\Users\myben\OneDrive\Documents\GitHub\DaT-Parkinson\preproc_cache\sxvwvm4w_f84f2b8d5a9e.npy,f84f2b8d5a9e,"{""centroid_threshold_pct"": 0.4, ""crop_size"": 64, ""intensity_p_high"": 99, ""intensity_p_low"": 1, ""target_spacing_mm"": 2.9}",1785260374.7379055,cached,,0.0,1.0,0.28326982259750366,0.26183751225471497,0.9091148376464844,True,high_intensity_touches_boundary:y
3zkwdeek,c:\Users\myben\OneDrive\Documents\GitHub\DaT-Parkinson\niftis\3zkwdeek.nii.gz,c:\Users\myben\OneDrive\Documents\GitHub\DaT-Parkinson\preproc_cache\3zkwdeek_f84f2b8d5a9e.npy,f84f2b8d5a9e,"{""centroid_threshold_pct"": 0.4, ""crop_size"": 64, ""intensity_p_high"": 99, ""intensity_p_low"": 1, ""target_spacing_mm"": 2.9}",1785260361.434775,cached,,0.0,1.0,0.29492348432540894,0.24300119280815125,0.9127273559570312,True,high_intensity_touches_boundary:y
gyspengw,c:\Users\myben\OneDrive\Documents\GitHub\DaT-Parkinson\niftis\gyspengw.nii.gz,c:\Users\myben\OneDrive\Documents\GitHub\DaT-Parkinson\preproc_cache\gyspengw_f84f2b8d5a9e.npy,f84f2b8d5a9e,"{""centroid_threshold_pct"": 0.4, ""crop_size"": 64, ""intensity_p_high"": 99, ""intensity_p_low"": 1, ""target_spacing_mm"": 2.9}",1785260368.512424,cached,,0.0,1.0,0.2861374616622925,0.25902435183525085,0.9159927368164062,True,high_intensity_touches_boundary:y
yx9trflq,c:\Users\myben\OneDrive\Documents\GitHub\DaT-Parkinson\niftis\yx9trflq.nii.gz,c:\Users\myben\OneDrive\Documents\GitHub\DaT-Parkinson\preproc_cache\yx9trflq_f84f2b8d5a9e.npy,f84f2b8d5a9e,"{""centroid_threshold_pct"": 0.4, ""crop_size"": 64, ""intensity_p_high"": 99, ""intensity_p_low"": 1, ""target_spacing_mm"": 2.9}",1785260377.9920216,cached,,0.0,1.0,0.27369430661201477,0.25189802050590515,0.9217720031738281,True,high_intensity_touches_boundary:y
bmae38sr,c:\Users\myben\OneDrive\Documents\GitHub\DaT-Parkinson\niftis\bmae38sr.nii.gz,c:\Users\myben\OneDrive\Documents\GitHub\DaT-Parkinson\preproc_cache\bmae38sr_f84f2b8d5a9e.npy,f84f2b8d5a9e,"{""centroid_threshold_pct"": 0.4, ""crop_size"": 64, ""intensity_p_high"": 99, ""intensity_p_low"": 1, ""target_spacing_mm"": 2.9}",1785260365.2276883,cached,,0.0,1.0,0.2849515676498413,0.24945445358753204,0.826507568359375,True,"high_intensity_touches_boundary:x,y"
yo4rcb1k,c:\Users\myben\OneDrive\Documents\GitHub\DaT-Parkinson\niftis\yo4rcb1k.nii.gz,c:\Users\myben\OneDrive\Documents\GitHub\DaT-Parkinson\preproc_cache\yo4rcb1k_f84f2b8d5a9e.npy,f84f2b8d5a9e,"{""centroid_threshold_pct"": 0.4, ""crop_size"": 64, ""intensity_p_high"": 99, ""intensity_p_low"": 1, ""target_spacing_mm"": 2.9}",1785260377.867803,cached,,0.0,1.0,0.30071282386779785,0.27721065282821655,0.8357925415039062,True,high_intensity_touches_boundary:y
jtgq01te,c:\Users\myben\OneDrive\Documents\GitHub\DaT-Parkinson\niftis\jtgq01te.nii.gz,c:\Users\myben\OneDrive\Documents\GitHub\DaT-Parkinson\preproc_cache\jtgq01te_f84f2b8d5a9e.npy,f84f2b8d5a9e,"{""centroid_threshold_pct"": 0.4, ""crop_size"": 64, ""intensity_p_high"": 99, ""intensity_p_low"": 1, ""target_spacing_mm"": 2.9}",1785260369.8193603,cached,,0.0,1.0,0.30582308769226074,0.25359663367271423,0.8939323425292969,True,high_intensity_touches_boundary:y
e13n3bzt,c:\Users\myben\OneDrive\Documents\GitHub\DaT-Parkinson\niftis\e13n3bzt.nii.gz,c:\Users\myben\OneDrive\Documents\GitHub\DaT-Parkinson\preproc_cache\e13n3bzt_f84f2b8d5a9e.npy,f84f2b8d5a9e,"{""centroid_threshold_pct"": 0.4, ""crop_size"": 64, ""intensity_p_high"": 99, ""intensity_p_low"": 1, ""target_spacing_mm"": 2.9}",1785260366.6586697,cached,,0.0,1.0,0.29946959018707275,0.23495344817638397,0.976348876953125,True,high_intensity_touches_boundary:y
9d31k9qm,c:\Users\myben\OneDrive\Documents\GitHub\DaT-Parkinson\niftis\9d31k9qm.nii.gz,c:\Users\myben\OneDrive\Documents\GitHub\DaT-Parkinson\preproc_cache\9d31k9qm_f84f2b8d5a9e.npy,f84f2b8d5a9e,"{""centroid_threshold_pct"": 0.4, ""crop_size"": 64, ""intensity_p_high"": 99, ""intensity_p_low"": 1, ""target_spacing_mm"": 2.9}",1785260364.1928916,cached,,0.0,1.0,0.3254668116569519,0.24791616201400757,0.9083824157714844,True,high_intensity_touches_boundary:y
3p91i3vm,c:\Users\myben\OneDrive\Documents\GitHub\DaT-Parkinson\niftis\3p91i3vm.nii.gz,c:\Users\myben\OneDrive\Documents\GitHub\DaT-Parkinson\preproc_cache\3p91i3vm_f84f2b8d5a9e.npy,f84f2b8d5a9e,"{""centroid_threshold_pct"": 0.4, ""crop_size"": 64, ""intensity_p_high"": 99, ""intensity_p_low"": 1, ""target_spacing_mm"": 2.9}",1785260361.2831793,cached,,0.0,1.0,0.29123663902282715,0.27284809947013855,0.8915977478027344,True,high_intensity_touches_boundary:y
zwffhhcm,c:\Users\myben\OneDrive\Documents\GitHub\DaT-Parkinson\niftis\zwffhhcm.nii.gz,c:\Users\myben\OneDrive\Documents\GitHub\DaT-Parkinson\preproc_cache\zwffhhcm_f84f2b8d5a9e.npy,f84f2b8d5a9e,"{""centroid_threshold_pct"": 0.4, ""crop_size"": 64, ""intensity_p_high"": 99, ""intensity_p_low"": 1, ""target_spacing_mm"": 2.9}",1785260378.458786,cached,,0.0,1.0,0.2888732850551605,0.2663083076477051,0.9416122436523438,True,
ktlzkj49,c:\Users\myben\OneDrive\Documents\GitHub\DaT-Parkinson\niftis\ktlzkj49.nii.gz,c:\Users\myben\OneDrive\Documents\GitHub\DaT-Parkinson\preproc_cache\ktlzkj49_f84f2b8d5a9e.npy,f84f2b8d5a9e,"{""centroid_threshold_pct"": 0.4, ""crop_size"": 64, ""intensity_p_high"": 99, ""intensity_p_low"": 1, ""target_spacing_mm"": 2.9}",1785260370.5095549,cached,,0.0,1.0,0.3265535831451416,0.256613552570343,0.8523597717285156,True,high_intensity_touches_boundary:y
yd82795e,c:\Users\myben\OneDrive\Documents\GitHub\DaT-Parkinson\niftis\yd82795e.nii.gz,c:\Users\myben\OneDrive\Documents\GitHub\DaT-Parkinson\preproc_cache\yd82795e_f84f2b8d5a9e.npy,f84f2b8d5a9e,"{""centroid_threshold_pct"": 0.4, ""crop_size"": 64, ""intensity_p_high"": 99, ""intensity_p_low"": 1, ""target_spacing_mm"": 2.9}",1785260377.7020552,cached,,0.0,1.0,0.3294029235839844,0.24930250644683838,0.9765472412109375,True,"high_intensity_touches_boundary:y,z"
5iz31yru,c:\Users\myben\OneDrive\Documents\GitHub\DaT-Parkinson\niftis\5iz31yru.nii.gz,c:\Users\myben\OneDrive\Documents\GitHub\DaT-Parkinson\preproc_cache\5iz31yru_f84f2b8d5a9e.npy,f84f2b8d5a9e,"{""centroid_threshold_pct"": 0.4, ""crop_size"": 64, ""intensity_p_high"": 99, ""intensity_p_low"": 1, ""target_spacing_mm"": 2.9}",1785260362.3716116,cached,,0.0,1.0,0.2951805591583252,0.25438836216926575,0.8963966369628906,True,high_intensity_touches_boundary:y
joqw5dsk,c:\Users\myben\OneDrive\Documents\GitHub\DaT-Parkinson\niftis\joqw5dsk.nii.gz,c:\Users\myben\OneDrive\Documents\GitHub\DaT-Parkinson\preproc_cache\joqw5dsk_f84f2b8d5a9e.npy,f84f2b8d5a9e,"{""centroid_threshold_pct"": 0.4, ""crop_size"": 64, ""intensity_p_high"": 99, ""intensity_p_low"": 1, ""target_spacing_mm"": 2.9}",1785260369.7806866,cached,,0.0,1.0,0.36408042907714844,0.2384176403284073,0.9246330261230469,True,high_intensity_touches_boundary:y
7n8la100,c:\Users\myben\OneDrive\Documents\GitHub\DaT-Parkinson\niftis\7n8la100.nii.gz,c:\Users\myben\OneDrive\Documents\GitHub\DaT-Parkinson\preproc_cache\7n8la100_f84f2b8d5a9e.npy,f84f2b8d5a9e,"{""centroid_threshold_pct"": 0.4, ""crop_size"": 64, ""intensity_p_high"": 99, ""intensity_p_low"": 1, ""target_spacing_mm"": 2.9}",1785260363.3436372,cached,,0.0,1.0,0.357815146446228,0.2500278651714325,0.8850555419921875,True,"high_intensity_touches_boundary:y,z"
qxmcthph,c:\Users\myben\OneDrive\Documents\GitHub\DaT-Parkinson\niftis\qxmcthph.nii.gz,c:\Users\myben\OneDrive\Documents\GitHub\DaT-Parkinson\preproc_cache\qxmcthph_f84f2b8d5a9e.npy,f84f2b8d5a9e,"{""centroid_threshold_pct"": 0.4, ""crop_size"": 64, ""intensity_p_high"": 99, ""intensity_p_low"": 1, ""target_spacing_mm"": 2.9}",1785260373.689511,cached,,0.0,1.0,0.24668031930923462,0.2431245595216751,0.8629570007324219,True,high_intensity_touches_boundary:y
j3muurmy,c:\Users\myben\OneDrive\Documents\GitHub\DaT-Parkinson\niftis\j3muurmy.nii.gz,c:\Users\myben\OneDrive\Documents\GitHub\DaT-Parkinson\preproc_cache\j3muurmy_f84f2b8d5a9e.npy,f84f2b8d5a9e,"{""centroid_threshold_pct"": 0.4, ""crop_size"": 64, ""intensity_p_high"": 99, ""intensity_p_low"": 1, ""target_spacing_mm"": 2.9}",1785260369.3598406,cached,,0.0,1.0,0.33889085054397583,0.26471370458602905,0.8632621765136719,True,high_intensity_touches_boundary:y
bd2qe4pa,c:\Users\myben\OneDrive\Documents\GitHub\DaT-Parkinson\niftis\bd2qe4pa.nii.gz,c:\Users\myben\OneDrive\Documents\GitHub\DaT-Parkinson\preproc_cache\bd2qe4pa_f84f2b8d5a9e.npy,f84f2b8d5a9e,"{""centroid_threshold_pct"": 0.4, ""crop_size"": 64, ""intensity_p_high"": 99, ""intensity_p_low"": 1, ""target_spacing_mm"": 2.9}",1785260365.0601766,cached,,0.0,1.0,0.30955106019973755,0.2712439000606537,0.8540229797363281,True,high_intensity_touches_boundary:y
8hyexf7j,c:\Users\myben\OneDrive\Documents\GitHub\DaT-Parkinson\niftis\8hyexf7j.nii.gz,c:\Users\myben\OneDrive\Documents\GitHub\DaT-Parkinson\preproc_cache\8hyexf7j_f84f2b8d5a9e.npy,f84f2b8d5a9e,"{""centroid_threshold_pct"": 0.4, ""crop_size"": 64, ""intensity_p_high"": 99, ""intensity_p_low"": 1, ""target_spacing_mm"": 2.9}",1785260363.8030853,cached,,0.0,1.0,0.3769747018814087,0.2569235563278198,0.923431396484375,True,"high_intensity_touches_boundary:y,z"
xjn6fokz,c:\Users\myben\OneDrive\Documents\GitHub\DaT-Parkinson\niftis\xjn6fokz.nii.gz,c:\Users\myben\OneDrive\Documents\GitHub\DaT-Parkinson\preproc_cache\xjn6fokz_f84f2b8d5a9e.npy,f84f2b8d5a9e,"{""centroid_threshold_pct"": 0.4, ""crop_size"": 64, ""intensity_p_high"": 99, ""intensity_p_low"": 1, ""target_spacing_mm"": 2.9}",1785260377.1026795,cached,,0.0,1.0,0.332614541053772,0.2509708106517792,0.8671646118164062,True,high_intensity_touches_boundary:y
ixzareiy,c:\Users\myben\OneDrive\Documents\GitHub\DaT-Parkinson\niftis\ixzareiy.nii.gz,c:\Users\myben\OneDrive\Documents\GitHub\DaT-Parkinson\preproc_cache\ixzareiy_f84f2b8d5a9e.npy,f84f2b8d5a9e,"{""centroid_threshold_pct"": 0.4, ""crop_size"": 64, ""intensity_p_high"": 99, ""intensity_p_low"": 1, ""target_spacing_mm"": 2.9}",1785260369.2790365,cached,,0.0,1.0,0.26786917448043823,0.25635069608688354,0.8970718383789062,True,high_intensity_touches_boundary:y
az39pecn,c:\Users\myben\OneDrive\Documents\GitHub\DaT-Parkinson\niftis\az39pecn.nii.gz,c:\Users\myben\OneDrive\Documents\GitHub\DaT-Parkinson\preproc_cache\az39pecn_f84f2b8d5a9e.npy,f84f2b8d5a9e,"{""centroid_threshold_pct"": 0.4, ""crop_size"": 64, ""intensity_p_high"": 99, ""intensity_p_low"": 1, ""target_spacing_mm"": 2.9}",1785260364.8558893,cached,,0.0,1.0,0.3144815266132355,0.213650181889534,0.9103126525878906,True,"high_intensity_touches_boundary:y,z"
0dl5e11e,c:\Users\myben\OneDrive\Documents\GitHub\DaT-Parkinson\niftis\0dl5e11e.nii.gz,c:\Users\myben\OneDrive\Documents\GitHub\DaT-Parkinson\preproc_cache\0dl5e11e_f84f2b8d5a9e.npy,f84f2b8d5a9e,"{""centroid_threshold_pct"": 0.4, ""crop_size"": 64, ""intensity_p_high"": 99, ""intensity_p_low"": 1, ""target_spacing_mm"": 2.9}",1785260359.3672583,cached,,0.0,1.0,0.28288859128952026,0.2805212736129761,0.8925895690917969,True,
9ftaxp0w,c:\Users\myben\OneDrive\Documents\GitHub\DaT-Parkinson\niftis\9ftaxp0w.nii.gz,c:\Users\myben\OneDrive\Documents\GitHub\DaT-Parkinson\preproc_cache\9ftaxp0w_f84f2b8d5a9e.npy,f84f2b8d5a9e,"{""centroid_threshold_pct"": 0.4, ""crop_size"": 64, ""intensity_p_high"": 99, ""intensity_p_low"": 1, ""target_spacing_mm"": 2.9}",1785260364.2384806,cached,,0.0,1.0,0.28051847219467163,0.2672235369682312,0.8957672119140625,True,high_intensity_touches_boundary:y
foy4dd1v,c:\Users\myben\OneDrive\Documents\GitHub\DaT-Parkinson\niftis\foy4dd1v.nii.gz,c:\Users\myben\OneDrive\Documents\GitHub\DaT-Parkinson\preproc_cache\foy4dd1v_f84f2b8d5a9e.npy,f84f2b8d5a9e,"{""centroid_threshold_pct"": 0.4, ""crop_size"": 64, ""intensity_p_high"": 99, ""intensity_p_low"": 1, ""target_spacing_mm"": 2.9}",1785260367.813599,cached,,0.0,1.0,0.35460299253463745,0.2490384429693222,0.9413337707519531,True,high_intensity_touches_boundary:y
n8lfjdtv,c:\Users\myben\OneDrive\Documents\GitHub\DaT-Parkinson\niftis\n8lfjdtv.nii.gz,c:\Users\myben\OneDrive\Documents\GitHub\DaT-Parkinson\preproc_cache\n8lfjdtv_f84f2b8d5a9e.npy,f84f2b8d5a9e,"{""centroid_threshold_pct"": 0.4, ""crop_size"": 64, ""intensity_p_high"": 99, ""intensity_p_low"": 1, ""target_spacing_mm"": 2.9}",1785260371.4944606,cached,,0.0,1.0,0.2821084260940552,0.25275906920433044,0.8955726623535156,True,
v2y4xkss,c:\Users\myben\OneDrive\Documents\GitHub\DaT-Parkinson\niftis\v2y4xkss.nii.gz,c:\Users\myben\OneDrive\Documents\GitHub\DaT-Parkinson\preproc_cache\v2y4xkss_f84f2b8d5a9e.npy,f84f2b8d5a9e,"{""centroid_threshold_pct"": 0.4, ""crop_size"": 64, ""intensity_p_high"": 99, ""intensity_p_low"": 1, ""target_spacing_mm"": 2.9}",1785260375.867544,cached,,0.0,1.0,0.27157753705978394,0.26290956139564514,0.8835182189941406,True,high_intensity_touches_boundary:y
0kb68rer,c:\Users\myben\OneDrive\Documents\GitHub\DaT-Parkinson\niftis\0kb68rer.nii.gz,c:\Users\myben\OneDrive\Documents\GitHub\DaT-Parkinson\preproc_cache\0kb68rer_f84f2b8d5a9e.npy,f84f2b8d5a9e,"{""centroid_threshold_pct"": 0.4, ""crop_size"": 64, ""intensity_p_high"": 99, ""intensity_p_low"": 1, ""target_spacing_mm"": 2.9}",1785260359.5092967,cached,,0.0,1.0,0.3405705988407135,0.2647833526134491,0.9202957153320312,True,high_intensity_touches_boundary:y
vt997e4u,c:\Users\myben\OneDrive\Documents\GitHub\DaT-Parkinson\niftis\vt997e4u.nii.gz,c:\Users\myben\OneDrive\Documents\GitHub\DaT-Parkinson\preproc_cache\vt997e4u_f84f2b8d5a9e.npy,f84f2b8d5a9e,"{""centroid_threshold_pct"": 0.4, ""crop_size"": 64, ""intensity_p_high"": 99, ""intensity_p_low"": 1, ""target_spacing_mm"": 2.9}",1785260376.2827497,cached,,0.0,1.0,0.20175470411777496,0.23429565131664276,0.787017822265625,True,high_intensity_touches_boundary:y
ny181acj,c:\Users\myben\OneDrive\Documents\GitHub\DaT-Parkinson\niftis\ny181acj.nii.gz,c:\Users\myben\OneDrive\Documents\GitHub\DaT-Parkinson\preproc_cache\ny181acj_f84f2b8d5a9e.npy,f84f2b8d5a9e,"{""centroid_threshold_pct"": 0.4, ""crop_size"": 64, ""intensity_p_high"": 99, ""intensity_p_low"": 1, ""target_spacing_mm"": 2.9}",1785260371.9984405,cached,,0.0,1.0,0.3024795651435852,0.25760340690612793,0.8640632629394531,True,high_intensity_touches_boundary:y
bc2swsoz,c:\Users\myben\OneDrive\Documents\GitHub\DaT-Parkinson\niftis\bc2swsoz.nii.gz,c:\Users\myben\OneDrive\Documents\GitHub\DaT-Parkinson\preproc_cache\bc2swsoz_f84f2b8d5a9e.npy,f84f2b8d5a9e,"{""centroid_threshold_pct"": 0.4, ""crop_size"": 64, ""intensity_p_high"": 99, ""intensity_p_low"": 1, ""target_spacing_mm"": 2.9}",1785260365.0451112,cached,,0.0,1.0,0.311579167842865,0.2646094560623169,0.8736610412597656,True,high_intensity_touches_boundary:y
ctwjlsh3,c:\Users\myben\OneDrive\Documents\GitHub\DaT-Parkinson\niftis\ctwjlsh3.nii.gz,c:\Users\myben\OneDrive\Documents\GitHub\DaT-Parkinson\preproc_cache\ctwjlsh3_f84f2b8d5a9e.npy,f84f2b8d5a9e,"{""centroid_threshold_pct"": 0.4, ""crop_size"": 64, ""intensity_p_high"": 99, ""intensity_p_low"": 1, ""target_spacing_mm"": 2.9}",1785260365.8515327,cached,,0.0,1.0,0.2952650785446167,0.2637178599834442,0.8518943786621094,True,high_intensity_touches_boundary:y
tow4ycz0,c:\Users\myben\OneDrive\Documents\GitHub\DaT-Parkinson\niftis\tow4ycz0.nii.gz,c:\Users\myben\OneDrive\Documents\GitHub\DaT-Parkinson\preproc_cache\tow4ycz0_f84f2b8d5a9e.npy,f84f2b8d5a9e,"{""centroid_threshold_pct"": 0.4, ""crop_size"": 64, ""intensity_p_high"": 99, ""intensity_p_low"": 1, ""target_spacing_mm"": 2.9}",1785260375.1137977,cached,,0.0,1.0,0.3098030388355255,0.24083518981933594,0.8829002380371094,True,"high_intensity_touches_boundary:x,y"
4cdpqvl0,c:\Users\myben\OneDrive\Documents\GitHub\DaT-Parkinson\niftis\4cdpqvl0.nii.gz,c:\Users\myben\OneDrive\Documents\GitHub\DaT-Parkinson\preproc_cache\4cdpqvl0_f84f2b8d5a9e.npy,f84f2b8d5a9e,"{""centroid_threshold_pct"": 0.4, ""crop_size"": 64, ""intensity_p_high"": 99, ""intensity_p_low"": 1, ""target_spacing_mm"": 2.9}",1785260361.6669424,cached,,0.0,1.0,0.312583327293396,0.2768256664276123,0.8368453979492188,True,"high_intensity_touches_boundary:x,y"
0ezzf8s2,c:\Users\myben\OneDrive\Documents\GitHub\DaT-Parkinson\niftis\0ezzf8s2.nii.gz,c:\Users\myben\OneDrive\Documents\GitHub\DaT-Parkinson\preproc_cache\0ezzf8s2_f84f2b8d5a9e.npy,f84f2b8d5a9e,"{""centroid_threshold_pct"": 0.4, ""crop_size"": 64, ""intensity_p_high"": 99, ""intensity_p_low"": 1, ""target_spacing_mm"": 2.9}",1785260359.3833516,cached,,0.0,1.0,0.3024933636188507,0.2722376585006714,0.9418373107910156,True,high_intensity_touches_boundary:y
zge2j51b,c:\Users\myben\OneDrive\Documents\GitHub\DaT-Parkinson\niftis\zge2j51b.nii.gz,c:\Users\myben\OneDrive\Documents\GitHub\DaT-Parkinson\preproc_cache\zge2j51b_f84f2b8d5a9e.npy,f84f2b8d5a9e,"{""centroid_threshold_pct"": 0.4, ""crop_size"": 64, ""intensity_p_high"": 99, ""intensity_p_low"": 1, ""target_spacing_mm"": 2.9}",1785260378.251063,cached,,0.0,1.0,0.29978376626968384,0.24865856766700745,0.9631156921386719,True,high_intensity_touches_boundary:y
3jczucqm,c:\Users\myben\OneDrive\Documents\GitHub\DaT-Parkinson\niftis\3jczucqm.nii.gz,c:\Users\myben\OneDrive\Documents\GitHub\DaT-Parkinson\preproc_cache\3jczucqm_f84f2b8d5a9e.npy,f84f2b8d5a9e,"{""centroid_threshold_pct"": 0.4, ""crop_size"": 64, ""intensity_p_high"": 99, ""intensity_p_low"": 1, ""target_spacing_mm"": 2.9}",1785260361.178435,cached,,0.0,1.0,0.29650166630744934,0.26975566148757935,0.911865234375,True,high_intensity_touches_boundary:y
runjdu0i,c:\Users\myben\OneDrive\Documents\GitHub\DaT-Parkinson\niftis\runjdu0i.nii.gz,c:\Users\myben\OneDrive\Documents\GitHub\DaT-Parkinson\preproc_cache\runjdu0i_f84f2b8d5a9e.npy,f84f2b8d5a9e,"{""centroid_threshold_pct"": 0.4, ""crop_size"": 64, ""intensity_p_high"": 99, ""intensity_p_low"": 1, ""target_spacing_mm"": 2.9}",1785260374.1298473,cached,,0.0,1.0,0.3542993664741516,0.2711506187915802,0.870147705078125,True,high_intensity_touches_boundary:y
sb5iqnf7,c:\Users\myben\OneDrive\Documents\GitHub\DaT-Parkinson\niftis\sb5iqnf7.nii.gz,c:\Users\myben\OneDrive\Documents\GitHub\DaT-Parkinson\preproc_cache\sb5iqnf7_f84f2b8d5a9e.npy,f84f2b8d5a9e,"{""centroid_threshold_pct"": 0.4, ""crop_size"": 64, ""intensity_p_high"": 99, ""intensity_p_low"": 1, ""target_spacing_mm"": 2.9}",1785260374.4450612,cached,,0.0,1.0,0.3057151436805725,0.24709950387477875,0.9469680786132812,True,high_intensity_touches_boundary:y
4t60ploz,c:\Users\myben\OneDrive\Documents\GitHub\DaT-Parkinson\niftis\4t60ploz.nii.gz,c:\Users\myben\OneDrive\Documents\GitHub\DaT-Parkinson\preproc_cache\4t60ploz_f84f2b8d5a9e.npy,f84f2b8d5a9e,"{""centroid_threshold_pct"": 0.4, ""crop_size"": 64, ""intensity_p_high"": 99, ""intensity_p_low"": 1, ""target_spacing_mm"": 2.9}",1785260361.9610927,cached,,0.0,1.0,0.3471672534942627,0.25517866015434265,0.923583984375,True,high_intensity_touches_boundary:y
jcns6g29,c:\Users\myben\OneDrive\Documents\GitHub\DaT-Parkinson\niftis\jcns6g29.nii.gz,c:\Users\myben\OneDrive\Documents\GitHub\DaT-Parkinson\preproc_cache\jcns6g29_f84f2b8d5a9e.npy,f84f2b8d5a9e,"{""centroid_threshold_pct"": 0.4, ""crop_size"": 64, ""intensity_p_high"": 99, ""intensity_p_low"": 1, ""target_spacing_mm"": 2.9}",1785260369.4887252,cached,,0.0,1.0,0.3169870972633362,0.24991320073604584,0.9013404846191406,True,high_intensity_touches_boundary:y
8cqk4lta,c:\Users\myben\OneDrive\Documents\GitHub\DaT-Parkinson\niftis\8cqk4lta.nii.gz,c:\Users\myben\OneDrive\Documents\GitHub\DaT-Parkinson\preproc_cache\8cqk4lta_f84f2b8d5a9e.npy,f84f2b8d5a9e,"{""centroid_threshold_pct"": 0.4, ""crop_size"": 64, ""intensity_p_high"": 99, ""intensity_p_low"": 1, ""target_spacing_mm"": 2.9}",1785260363.7075667,cached,,0.0,1.0,0.30221033096313477,0.24830710887908936,0.8884315490722656,True,high_intensity_touches_boundary:y
hukwqvr1,c:\Users\myben\OneDrive\Documents\GitHub\DaT-Parkinson\niftis\hukwqvr1.nii.gz,c:\Users\myben\OneDrive\Documents\GitHub\DaT-Parkinson\preproc_cache\hukwqvr1_f84f2b8d5a9e.npy,f84f2b8d5a9e,"{""centroid_threshold_pct"": 0.4, ""crop_size"": 64, ""intensity_p_high"": 99, ""intensity_p_low"": 1, ""target_spacing_mm"": 2.9}",1785260368.8596082,cached,,0.0,1.0,0.2860684096813202,0.26320120692253113,0.8766212463378906,True,high_intensity_touches_boundary:y
h61iaoim,c:\Users\myben\OneDrive\Documents\GitHub\DaT-Parkinson\niftis\h61iaoim.nii.gz,c:\Users\myben\OneDrive\Documents\GitHub\DaT-Parkinson\preproc_cache\h61iaoim_f84f2b8d5a9e.npy,f84f2b8d5a9e,"{""centroid_threshold_pct"": 0.4, ""crop_size"": 64, ""intensity_p_high"": 99, ""intensity_p_low"": 1, ""target_spacing_mm"": 2.9}",1785260368.613864,cached,,0.0,1.0,0.3179060220718384,0.2737554907798767,0.8980789184570312,True,
458ax40d,c:\Users\myben\OneDrive\Documents\GitHub\DaT-Parkinson\niftis\458ax40d.nii.gz,c:\Users\myben\OneDrive\Documents\GitHub\DaT-Parkinson\preproc_cache\458ax40d_f84f2b8d5a9e.npy,f84f2b8d5a9e,"{""centroid_threshold_pct"": 0.4, ""crop_size"": 64, ""intensity_p_high"": 99, ""intensity_p_low"": 1, ""target_spacing_mm"": 2.9}",1785260361.517571,cached,,0.0,1.0,0.2702549695968628,0.25226831436157227,0.8914680480957031,True,high_intensity_touches_boundary:y
tirc9zd7,c:\Users\myben\OneDrive\Documents\GitHub\DaT-Parkinson\niftis\tirc9zd7.nii.gz,c:\Users\myben\OneDrive\Documents\GitHub\DaT-Parkinson\preproc_cache\tirc9zd7_f84f2b8d5a9e.npy,f84f2b8d5a9e,"{""centroid_threshold_pct"": 0.4, ""crop_size"": 64, ""intensity_p_high"": 99, ""intensity_p_low"": 1, ""target_spacing_mm"": 2.9}",1785260375.020599,cached,,0.0,1.0,0.33554452657699585,0.2549102306365967,0.9061851501464844,True,high_intensity_touches_boundary:y
6szn9dde,c:\Users\myben\OneDrive\Documents\GitHub\DaT-Parkinson\niftis\6szn9dde.nii.gz,c:\Users\myben\OneDrive\Documents\GitHub\DaT-Parkinson\preproc_cache\6szn9dde_f84f2b8d5a9e.npy,f84f2b8d5a9e,"{""centroid_threshold_pct"": 0.4, ""crop_size"": 64, ""intensity_p_high"": 99, ""intensity_p_low"": 1, ""target_spacing_mm"": 2.9}",1785260362.9799354,cached,,0.0,1.0,0.307353675365448,0.27062249183654785,0.94635009765625,True,high_intensity_touches_boundary:y
3cup8ijl,c:\Users\myben\OneDrive\Documents\GitHub\DaT-Parkinson\niftis\3cup8ijl.nii.gz,c:\Users\myben\OneDrive\Documents\GitHub\DaT-Parkinson\preproc_cache\3cup8ijl_f84f2b8d5a9e.npy,f84f2b8d5a9e,"{""centroid_threshold_pct"": 0.4, ""crop_size"": 64, ""intensity_p_high"": 99, ""intensity_p_low"": 1, ""target_spacing_mm"": 2.9}",1785260361.033903,cached,,0.0,1.0,0.25089213252067566,0.25474345684051514,0.8410072326660156,True,high_intensity_touches_boundary:y
2z0ljch2,c:\Users\myben\OneDrive\Documents\GitHub\DaT-Parkinson\niftis\2z0ljch2.nii.gz,c:\Users\myben\OneDrive\Documents\GitHub\DaT-Parkinson\preproc_cache\2z0ljch2_f84f2b8d5a9e.npy,f84f2b8d5a9e,"{""centroid_threshold_pct"": 0.4, ""crop_size"": 64, ""intensity_p_high"": 99, ""intensity_p_low"": 1, ""target_spacing_mm"": 2.9}",1785260360.8089147,cached,,0.0,1.0,0.2666235566139221,0.2633169889450073,0.8269577026367188,True,high_intensity_touches_boundary:y
vffqot8h,c:\Users\myben\OneDrive\Documents\GitHub\DaT-Parkinson\niftis\vffqot8h.nii.gz,c:\Users\myben\OneDrive\Documents\GitHub\DaT-Parkinson\preproc_cache\vffqot8h_f84f2b8d5a9e.npy,f84f2b8d5a9e,"{""centroid_threshold_pct"": 0.4, ""crop_size"": 64, ""intensity_p_high"": 99, ""intensity_p_low"": 1, ""target_spacing_mm"": 2.9}",1785260376.1014473,cached,,0.0,1.0,0.3147315979003906,0.2721879184246063,0.9200668334960938,True,high_intensity_touches_boundary:y
ljefy3zb,c:\Users\myben\OneDrive\Documents\GitHub\DaT-Parkinson\niftis\ljefy3zb.nii.gz,c:\Users\myben\OneDrive\Documents\GitHub\DaT-Parkinson\preproc_cache\ljefy3zb_f84f2b8d5a9e.npy,f84f2b8d5a9e,"{""centroid_threshold_pct"": 0.4, ""crop_size"": 64, ""intensity_p_high"": 99, ""intensity_p_low"": 1, ""target_spacing_mm"": 2.9}",1785260370.7545764,cached,,0.0,1.0,0.29928916692733765,0.2626674473285675,0.87213134765625,True,high_intensity_touches_boundary:y
4ldimsyj,c:\Users\myben\OneDrive\Documents\GitHub\DaT-Parkinson\niftis\4ldimsyj.nii.gz,c:\Users\myben\OneDrive\Documents\GitHub\DaT-Parkinson\preproc_cache\4ldimsyj_f84f2b8d5a9e.npy,f84f2b8d5a9e,"{""centroid_threshold_pct"": 0.4, ""crop_size"": 64, ""intensity_p_high"": 99, ""intensity_p_low"": 1, ""target_spacing_mm"": 2.9}",1785260361.8455951,cached,,0.0,1.0,0.30827802419662476,0.24865464866161346,0.8636054992675781,True,high_intensity_touches_boundary:y
9boq0iq2,c:\Users\myben\OneDrive\Documents\GitHub\DaT-Parkinson\niftis\9boq0iq2.nii.gz,c:\Users\myben\OneDrive\Documents\GitHub\DaT-Parkinson\preproc_cache\9boq0iq2_f84f2b8d5a9e.npy,f84f2b8d5a9e,"{""centroid_threshold_pct"": 0.4, ""crop_size"": 64, ""intensity_p_high"": 99, ""intensity_p_low"": 1, ""target_spacing_mm"": 2.9}",1785260364.1638389,cached,,0.0,1.0,0.28668561577796936,0.2839154005050659,0.9170265197753906,True,high_intensity_touches_boundary:y
fa39e3nw,c:\Users\myben\OneDrive\Documents\GitHub\DaT-Parkinson\niftis\fa39e3nw.nii.gz,c:\Users\myben\OneDrive\Documents\GitHub\DaT-Parkinson\preproc_cache\fa39e3nw_f84f2b8d5a9e.npy,f84f2b8d5a9e,"{""centroid_threshold_pct"": 0.4, ""crop_size"": 64, ""intensity_p_high"": 99, ""intensity_p_low"": 1, ""target_spacing_mm"": 2.9}",1785260367.5722754,cached,,0.0,1.0,0.32095345854759216,0.23198466002941132,0.9239768981933594,True,"high_intensity_touches_boundary:y,z"
xuj3ac6p,c:\Users\myben\OneDrive\Documents\GitHub\DaT-Parkinson\niftis\xuj3ac6p.nii.gz,c:\Users\myben\OneDrive\Documents\GitHub\DaT-Parkinson\preproc_cache\xuj3ac6p_f84f2b8d5a9e.npy,f84f2b8d5a9e,"{""centroid_threshold_pct"": 0.4, ""crop_size"": 64, ""intensity_p_high"": 99, ""intensity_p_low"": 1, ""target_spacing_mm"": 2.9}",1785260377.4074368,cached,,0.0,1.0,0.3170536160469055,0.27407461404800415,0.9027137756347656,True,high_intensity_touches_boundary:y
e63lbqgu,c:\Users\myben\OneDrive\Documents\GitHub\DaT-Parkinson\niftis\e63lbqgu.nii.gz,c:\Users\myben\OneDrive\Documents\GitHub\DaT-Parkinson\preproc_cache\e63lbqgu_f84f2b8d5a9e.npy,f84f2b8d5a9e,"{""centroid_threshold_pct"": 0.4, ""crop_size"": 64, ""intensity_p_high"": 99, ""intensity_p_low"": 1, ""target_spacing_mm"": 2.9}",1785260366.7454693,cached,,0.0,1.0,0.255322128534317,0.25648003816604614,0.8896903991699219,True,high_intensity_touches_boundary:y
3obyghgk,c:\Users\myben\OneDrive\Documents\GitHub\DaT-Parkinson\niftis\3obyghgk.nii.gz,c:\Users\myben\OneDrive\Documents\GitHub\DaT-Parkinson\preproc_cache\3obyghgk_f84f2b8d5a9e.npy,f84f2b8d5a9e,"{""centroid_threshold_pct"": 0.4, ""crop_size"": 64, ""intensity_p_high"": 99, ""intensity_p_low"": 1, ""target_spacing_mm"": 2.9}",1785260361.2683203,cached,,0.0,1.0,0.34923046827316284,0.2689317762851715,0.8944625854492188,True,high_intensity_touches_boundary:y
5bwikotc,c:\Users\myben\OneDrive\Documents\GitHub\DaT-Parkinson\niftis\5bwikotc.nii.gz,c:\Users\myben\OneDrive\Documents\GitHub\DaT-Parkinson\preproc_cache\5bwikotc_f84f2b8d5a9e.npy,f84f2b8d5a9e,"{""centroid_threshold_pct"": 0.4, ""crop_size"": 64, ""intensity_p_high"": 99, ""intensity_p_low"": 1, ""target_spacing_mm"": 2.9}",1785260362.2205052,cached,,0.0,1.0,0.2573380768299103,0.26425302028656006,0.8950462341308594,True,
keh5sw22,c:\Users\myben\OneDrive\Documents\GitHub\DaT-Parkinson\niftis\keh5sw22.nii.gz,c:\Users\myben\OneDrive\Documents\GitHub\DaT-Parkinson\preproc_cache\keh5sw22_f84f2b8d5a9e.npy,f84f2b8d5a9e,"{""centroid_threshold_pct"": 0.4, ""crop_size"": 64, ""intensity_p_high"": 99, ""intensity_p_low"": 1, ""target_spacing_mm"": 2.9}",1785260370.271624,cached,,0.0,1.0,0.2698644697666168,0.2677544057369232,0.9135513305664062,True,high_intensity_touches_boundary:y
92mtr6sn,c:\Users\myben\OneDrive\Documents\GitHub\DaT-Parkinson\niftis\92mtr6sn.nii.gz,c:\Users\myben\OneDrive\Documents\GitHub\DaT-Parkinson\preproc_cache\92mtr6sn_f84f2b8d5a9e.npy,f84f2b8d5a9e,"{""centroid_threshold_pct"": 0.4, ""crop_size"": 64, ""intensity_p_high"": 99, ""intensity_p_low"": 1, ""target_spacing_mm"": 2.9}",1785260364.0542262,cached,,0.0,1.0,0.26410025358200073,0.2526194453239441,0.8971900939941406,True,high_intensity_touches_boundary:y
glh62c9t,c:\Users\myben\OneDrive\Documents\GitHub\DaT-Parkinson\niftis\glh62c9t.nii.gz,c:\Users\myben\OneDrive\Documents\GitHub\DaT-Parkinson\preproc_cache\glh62c9t_f84f2b8d5a9e.npy,f84f2b8d5a9e,"{""centroid_threshold_pct"": 0.4, ""crop_size"": 64, ""intensity_p_high"": 99, ""intensity_p_low"": 1, ""target_spacing_mm"": 2.9}",1785260368.2721467,cached,,0.0,1.0,0.2924339771270752,0.2595929205417633,0.8948898315429688,True,high_intensity_touches_boundary:y
199dxj37,c:\Users\myben\OneDrive\Documents\GitHub\DaT-Parkinson\niftis\199dxj37.nii.gz,c:\Users\myben\OneDrive\Documents\GitHub\DaT-Parkinson\preproc_cache\199dxj37_f84f2b8d5a9e.npy,f84f2b8d5a9e,"{""centroid_threshold_pct"": 0.4, ""crop_size"": 64, ""intensity_p_high"": 99, ""intensity_p_low"": 1, ""target_spacing_mm"": 2.9}",1785260359.9011686,cached,,0.0,1.0,0.26491057872772217,0.24980327486991882,0.8303146362304688,True,high_intensity_touches_boundary:y
c9h42m44,c:\Users\myben\OneDrive\Documents\GitHub\DaT-Parkinson\niftis\c9h42m44.nii.gz,c:\Users\myben\OneDrive\Documents\GitHub\DaT-Parkinson\preproc_cache\c9h42m44_f84f2b8d5a9e.npy,f84f2b8d5a9e,"{""centroid_threshold_pct"": 0.4, ""crop_size"": 64, ""intensity_p_high"": 99, ""intensity_p_low"": 1, ""target_spacing_mm"": 2.9}",1785260365.591671,cached,,0.0,1.0,0.2850736677646637,0.25723081827163696,0.8791542053222656,True,high_intensity_touches_boundary:y
gv3z6bz8,c:\Users\myben\OneDrive\Documents\GitHub\DaT-Parkinson\niftis\gv3z6bz8.nii.gz,c:\Users\myben\OneDrive\Documents\GitHub\DaT-Parkinson\preproc_cache\gv3z6bz8_f84f2b8d5a9e.npy,f84f2b8d5a9e,"{""centroid_threshold_pct"": 0.4, ""crop_size"": 64, ""intensity_p_high"": 99, ""intensity_p_low"": 1, ""target_spacing_mm"": 2.9}",1785260368.4657793,cached,,0.0,1.0,0.32059457898139954,0.2107490450143814,0.9051322937011719,True,"high_intensity_touches_boundary:x,y,z"
uug95rlr,c:\Users\myben\OneDrive\Documents\GitHub\DaT-Parkinson\niftis\uug95rlr.nii.gz,c:\Users\myben\OneDrive\Documents\GitHub\DaT-Parkinson\preproc_cache\uug95rlr_f84f2b8d5a9e.npy,f84f2b8d5a9e,"{""centroid_threshold_pct"": 0.4, ""crop_size"": 64, ""intensity_p_high"": 99, ""intensity_p_low"": 1, ""target_spacing_mm"": 2.9}",1785260375.7319202,cached,,0.0,1.0,0.35429811477661133,0.24280714988708496,0.8777351379394531,True,"high_intensity_touches_boundary:x,y"
dihsa7he,c:\Users\myben\OneDrive\Documents\GitHub\DaT-Parkinson\niftis\dihsa7he.nii.gz,c:\Users\myben\OneDrive\Documents\GitHub\DaT-Parkinson\preproc_cache\dihsa7he_f84f2b8d5a9e.npy,f84f2b8d5a9e,"{""centroid_threshold_pct"": 0.4, ""crop_size"": 64, ""intensity_p_high"": 99, ""intensity_p_low"": 1, ""target_spacing_mm"": 2.9}",1785260366.416628,cached,,0.0,1.0,0.34188657999038696,0.27341175079345703,0.8901023864746094,True,high_intensity_touches_boundary:y
z74lav71,c:\Users\myben\OneDrive\Documents\GitHub\DaT-Parkinson\niftis\z74lav71.nii.gz,c:\Users\myben\OneDrive\Documents\GitHub\DaT-Parkinson\preproc_cache\z74lav71_f84f2b8d5a9e.npy,f84f2b8d5a9e,"{""centroid_threshold_pct"": 0.4, ""crop_size"": 64, ""intensity_p_high"": 99, ""intensity_p_low"": 1, ""target_spacing_mm"": 2.9}",1785260378.150204,cached,,0.0,1.0,0.2911157011985779,0.2627856135368347,0.8158760070800781,True,high_intensity_touches_boundary:y
448n7odk,c:\Users\myben\OneDrive\Documents\GitHub\DaT-Parkinson\niftis\448n7odk.nii.gz,c:\Users\myben\OneDrive\Documents\GitHub\DaT-Parkinson\preproc_cache\448n7odk_f84f2b8d5a9e.npy,f84f2b8d5a9e,"{""centroid_threshold_pct"": 0.4, ""crop_size"": 64, ""intensity_p_high"": 99, ""intensity_p_low"": 1, ""target_spacing_mm"": 2.9}",1785260361.5025992,cached,,0.0,1.0,0.2648414373397827,0.26593729853630066,0.8472099304199219,True,high_intensity_touches_boundary:y
ef828xg8,c:\Users\myben\OneDrive\Documents\GitHub\DaT-Parkinson\niftis\ef828xg8.nii.gz,c:\Users\myben\OneDrive\Documents\GitHub\DaT-Parkinson\preproc_cache\ef828xg8_f84f2b8d5a9e.npy,f84f2b8d5a9e,"{""centroid_threshold_pct"": 0.4, ""crop_size"": 64, ""intensity_p_high"": 99, ""intensity_p_low"": 1, ""target_spacing_mm"": 2.9}",1785260366.9263964,cached,,0.0,1.0,0.34877949953079224,0.2610505521297455,0.8795928955078125,True,high_intensity_touches_boundary:y
y72ivgly,c:\Users\myben\OneDrive\Documents\GitHub\DaT-Parkinson\niftis\y72ivgly.nii.gz,c:\Users\myben\OneDrive\Documents\GitHub\DaT-Parkinson\preproc_cache\y72ivgly_f84f2b8d5a9e.npy,f84f2b8d5a9e,"{""centroid_threshold_pct"": 0.4, ""crop_size"": 64, ""intensity_p_high"": 99, ""intensity_p_low"": 1, ""target_spacing_mm"": 2.9}",1785260377.613673,cached,,0.0,1.0,0.2774677276611328,0.25655215978622437,0.8931236267089844,True,"high_intensity_touches_boundary:x,y"
e088o98b,c:\Users\myben\OneDrive\Documents\GitHub\DaT-Parkinson\niftis\e088o98b.nii.gz,c:\Users\myben\OneDrive\Documents\GitHub\DaT-Parkinson\preproc_cache\e088o98b_f84f2b8d5a9e.npy,f84f2b8d5a9e,"{""centroid_threshold_pct"": 0.4, ""crop_size"": 64, ""intensity_p_high"": 99, ""intensity_p_low"": 1, ""target_spacing_mm"": 2.9}",1785260366.6251361,cached,,0.0,1.0,0.29663199186325073,0.2653042674064636,0.8311042785644531,True,high_intensity_touches_boundary:y
v78hu7f0,c:\Users\myben\OneDrive\Documents\GitHub\DaT-Parkinson\niftis\v78hu7f0.nii.gz,c:\Users\myben\OneDrive\Documents\GitHub\DaT-Parkinson\preproc_cache\v78hu7f0_f84f2b8d5a9e.npy,f84f2b8d5a9e,"{""centroid_threshold_pct"": 0.4, ""crop_size"": 64, ""intensity_p_high"": 99, ""intensity_p_low"": 1, ""target_spacing_mm"": 2.9}",1785260375.9357557,cached,,0.0,1.0,0.2962079644203186,0.21241644024848938,0.9213790893554688,True,"high_intensity_touches_boundary:y,z"
i9g5dzx5,c:\Users\myben\OneDrive\Documents\GitHub\DaT-Parkinson\niftis\i9g5dzx5.nii.gz,c:\Users\myben\OneDrive\Documents\GitHub\DaT-Parkinson\preproc_cache\i9g5dzx5_f84f2b8d5a9e.npy,f84f2b8d5a9e,"{""centroid_threshold_pct"": 0.4, ""crop_size"": 64, ""intensity_p_high"": 99, ""intensity_p_low"": 1, ""target_spacing_mm"": 2.9}",1785260369.0178797,cached,,0.0,1.0,0.33884862065315247,0.26856982707977295,0.86480712890625,True,high_intensity_touches_boundary:y
qjicjdan,c:\Users\myben\OneDrive\Documents\GitHub\DaT-Parkinson\niftis\qjicjdan.nii.gz,c:\Users\myben\OneDrive\Documents\GitHub\DaT-Parkinson\preproc_cache\qjicjdan_f84f2b8d5a9e.npy,f84f2b8d5a9e,"{""centroid_threshold_pct"": 0.4, ""crop_size"": 64, ""intensity_p_high"": 99, ""intensity_p_low"": 1, ""target_spacing_mm"": 2.9}",1785260373.4481072,cached,,0.0,1.0,0.30320441722869873,0.2564333379268646,0.9497718811035156,True,high_intensity_touches_boundary:y
085rntdr,c:\Users\myben\OneDrive\Documents\GitHub\DaT-Parkinson\niftis\085rntdr.nii.gz,c:\Users\myben\OneDrive\Documents\GitHub\DaT-Parkinson\preproc_cache\085rntdr_f84f2b8d5a9e.npy,f84f2b8d5a9e,"{""centroid_threshold_pct"": 0.4, ""crop_size"": 64, ""intensity_p_high"": 99, ""intensity_p_low"": 1, ""target_spacing_mm"": 2.9}",1785260359.2544398,cached,,0.0,1.0,0.36649957299232483,0.26319029927253723,0.9463348388671875,True,high_intensity_touches_boundary:y
5xyfc4kl,c:\Users\myben\OneDrive\Documents\GitHub\DaT-Parkinson\niftis\5xyfc4kl.nii.gz,c:\Users\myben\OneDrive\Documents\GitHub\DaT-Parkinson\preproc_cache\5xyfc4kl_f84f2b8d5a9e.npy,f84f2b8d5a9e,"{""centroid_threshold_pct"": 0.4, ""crop_size"": 64, ""intensity_p_high"": 99, ""intensity_p_low"": 1, ""target_spacing_mm"": 2.9}",1785260362.5237842,cached,,0.0,1.0,0.3060493469238281,0.25681623816490173,0.8715896606445312,True,high_intensity_touches_boundary:y
8cgn0t6d,c:\Users\myben\OneDrive\Documents\GitHub\DaT-Parkinson\niftis\8cgn0t6d.nii.gz,c:\Users\myben\OneDrive\Documents\GitHub\DaT-Parkinson\preproc_cache\8cgn0t6d_f84f2b8d5a9e.npy,f84f2b8d5a9e,"{""centroid_threshold_pct"": 0.4, ""crop_size"": 64, ""intensity_p_high"": 99, ""intensity_p_low"": 1, ""target_spacing_mm"": 2.9}",1785260363.6931322,cached,,0.0,1.0,0.2720301151275635,0.2492242455482483,0.9324798583984375,True,high_intensity_touches_boundary:y
vwrb7f6f,c:\Users\myben\OneDrive\Documents\GitHub\DaT-Parkinson\niftis\vwrb7f6f.nii.gz,c:\Users\myben\OneDrive\Documents\GitHub\DaT-Parkinson\preproc_cache\vwrb7f6f_f84f2b8d5a9e.npy,f84f2b8d5a9e,"{""centroid_threshold_pct"": 0.4, ""crop_size"": 64, ""intensity_p_high"": 99, ""intensity_p_low"": 1, ""target_spacing_mm"": 2.9}",1785260376.33715,cached,,0.0,1.0,0.2677391469478607,0.26775819063186646,0.9044837951660156,True,high_intensity_touches_boundary:y
dhgzz0jk,c:\Users\myben\OneDrive\Documents\GitHub\DaT-Parkinson\niftis\dhgzz0jk.nii.gz,c:\Users\myben\OneDrive\Documents\GitHub\DaT-Parkinson\preproc_cache\dhgzz0jk_f84f2b8d5a9e.npy,f84f2b8d5a9e,"{""centroid_threshold_pct"": 0.4, ""crop_size"": 64, ""intensity_p_high"": 99, ""intensity_p_low"": 1, ""target_spacing_mm"": 2.9}",1785260366.378527,cached,,0.0,1.0,0.3170197606086731,0.2639281153678894,0.8527641296386719,True,high_intensity_touches_boundary:y
ibu4fmpk,c:\Users\myben\OneDrive\Documents\GitHub\DaT-Parkinson\niftis\ibu4fmpk.nii.gz,c:\Users\myben\OneDrive\Documents\GitHub\DaT-Parkinson\preproc_cache\ibu4fmpk_f84f2b8d5a9e.npy,f84f2b8d5a9e,"{""centroid_threshold_pct"": 0.4, ""crop_size"": 64, ""intensity_p_high"": 99, ""intensity_p_low"": 1, ""target_spacing_mm"": 2.9}",1785260369.0907543,cached,,0.0,1.0,0.3285767436027527,0.29069796204566956,0.9332962036132812,True,high_intensity_touches_boundary:y
xvhagkc4,c:\Users\myben\OneDrive\Documents\GitHub\DaT-Parkinson\niftis\xvhagkc4.nii.gz,c:\Users\myben\OneDrive\Documents\GitHub\DaT-Parkinson\preproc_cache\xvhagkc4_f84f2b8d5a9e.npy,f84f2b8d5a9e,"{""centroid_threshold_pct"": 0.4, ""crop_size"": 64, ""intensity_p_high"": 99, ""intensity_p_low"": 1, ""target_spacing_mm"": 2.9}",1785260377.4475513,cached,,0.0,1.0,0.31222760677337646,0.2727680802345276,0.81671142578125,True,high_intensity_touches_boundary:y
lorxdtg5,c:\Users\myben\OneDrive\Documents\GitHub\DaT-Parkinson\niftis\lorxdtg5.nii.gz,c:\Users\myben\OneDrive\Documents\GitHub\DaT-Parkinson\preproc_cache\lorxdtg5_f84f2b8d5a9e.npy,f84f2b8d5a9e,"{""centroid_threshold_pct"": 0.4, ""crop_size"": 64, ""intensity_p_high"": 99, ""intensity_p_low"": 1, ""target_spacing_mm"": 2.9}",1785260370.8470645,cached,,0.0,1.0,0.27991560101509094,0.26106420159339905,0.9548149108886719,True,high_intensity_touches_boundary:y
nqjqijc1,c:\Users\myben\OneDrive\Documents\GitHub\DaT-Parkinson\niftis\nqjqijc1.nii.gz,c:\Users\myben\OneDrive\Documents\GitHub\DaT-Parkinson\preproc_cache\nqjqijc1_f84f2b8d5a9e.npy,f84f2b8d5a9e,"{""centroid_threshold_pct"": 0.4, ""crop_size"": 64, ""intensity_p_high"": 99, ""intensity_p_low"": 1, ""target_spacing_mm"": 2.9}",1785260371.9162595,cached,,0.0,1.0,0.2803460955619812,0.26341623067855835,0.82208251953125,True,high_intensity_touches_boundary:y
ydmt8vt4,c:\Users\myben\OneDrive\Documents\GitHub\DaT-Parkinson\niftis\ydmt8vt4.nii.gz,c:\Users\myben\OneDrive\Documents\GitHub\DaT-Parkinson\preproc_cache\ydmt8vt4_f84f2b8d5a9e.npy,f84f2b8d5a9e,"{""centroid_threshold_pct"": 0.4, ""crop_size"": 64, ""intensity_p_high"": 99, ""intensity_p_low"": 1, ""target_spacing_mm"": 2.9}",1785260377.7160919,cached,,0.0,1.0,0.32766544818878174,0.2558988928794861,0.8623504638671875,True,"high_intensity_touches_boundary:x,y"
3pt5r5rc,c:\Users\myben\OneDrive\Documents\GitHub\DaT-Parkinson\niftis\3pt5r5rc.nii.gz,c:\Users\myben\OneDrive\Documents\GitHub\DaT-Parkinson\preproc_cache\3pt5r5rc_f84f2b8d5a9e.npy,f84f2b8d5a9e,"{""centroid_threshold_pct"": 0.4, ""crop_size"": 64, ""intensity_p_high"": 99, ""intensity_p_low"": 1, ""target_spacing_mm"": 2.9}",1785260361.2973282,cached,,0.0,1.0,0.2811592221260071,0.2681582570075989,0.8887138366699219,True,high_intensity_touches_boundary:y
6zs62ywe,c:\Users\myben\OneDrive\Documents\GitHub\DaT-Parkinson\niftis\6zs62ywe.nii.gz,c:\Users\myben\OneDrive\Documents\GitHub\DaT-Parkinson\preproc_cache\6zs62ywe_f84f2b8d5a9e.npy,f84f2b8d5a9e,"{""centroid_threshold_pct"": 0.4, ""crop_size"": 64, ""intensity_p_high"": 99, ""intensity_p_low"": 1, ""target_spacing_mm"": 2.9}",1785260363.0508254,cached,,0.0,1.0,0.32277214527130127,0.2567048668861389,0.8785972595214844,True,high_intensity_touches_boundary:y
1g983ep9,c:\Users\myben\OneDrive\Documents\GitHub\DaT-Parkinson\niftis\1g983ep9.nii.gz,c:\Users\myben\OneDrive\Documents\GitHub\DaT-Parkinson\preproc_cache\1g983ep9_f84f2b8d5a9e.npy,f84f2b8d5a9e,"{""centroid_threshold_pct"": 0.4, ""crop_size"": 64, ""intensity_p_high"": 99, ""intensity_p_low"": 1, ""target_spacing_mm"": 2.9}",1785260360.0321808,cached,,0.0,1.0,0.3500556945800781,0.24831430613994598,0.8795280456542969,True,"high_intensity_touches_boundary:x,y"
p9w4j66c,c:\Users\myben\OneDrive\Documents\GitHub\DaT-Parkinson\niftis\p9w4j66c.nii.gz,c:\Users\myben\OneDrive\Documents\GitHub\DaT-Parkinson\preproc_cache\p9w4j66c_f84f2b8d5a9e.npy,f84f2b8d5a9e,"{""centroid_threshold_pct"": 0.4, ""crop_size"": 64, ""intensity_p_high"": 99, ""intensity_p_low"": 1, ""target_spacing_mm"": 2.9}",1785260372.8119671,cached,,0.0,1.0,0.22162069380283356,0.23976632952690125,0.8983917236328125,True,high_intensity_touches_boundary:y
noljq52w,c:\Users\myben\OneDrive\Documents\GitHub\DaT-Parkinson\niftis\noljq52w.nii.gz,c:\Users\myben\OneDrive\Documents\GitHub\DaT-Parkinson\preproc_cache\noljq52w_f84f2b8d5a9e.npy,f84f2b8d5a9e,"{""centroid_threshold_pct"": 0.4, ""crop_size"": 64, ""intensity_p_high"": 99, ""intensity_p_low"": 1, ""target_spacing_mm"": 2.9}",1785260371.8606484,cached,,0.0,1.0,0.2963935434818268,0.2277621179819107,0.8698539733886719,True,"high_intensity_touches_boundary:x,y"
spofv177,c:\Users\myben\OneDrive\Documents\GitHub\DaT-Parkinson\niftis\spofv177.nii.gz,c:\Users\myben\OneDrive\Documents\GitHub\DaT-Parkinson\preproc_cache\spofv177_f84f2b8d5a9e.npy,f84f2b8d5a9e,"{""centroid_threshold_pct"": 0.4, ""crop_size"": 64, ""intensity_p_high"": 99, ""intensity_p_low"": 1, ""target_spacing_mm"": 2.9}",1785260374.623631,cached,,0.0,1.0,0.29567307233810425,0.2729557752609253,0.921112060546875,True,high_intensity_touches_boundary:y
udktmonr,c:\Users\myben\OneDrive\Documents\GitHub\DaT-Parkinson\niftis\udktmonr.nii.gz,c:\Users\myben\OneDrive\Documents\GitHub\DaT-Parkinson\preproc_cache\udktmonr_f84f2b8d5a9e.npy,f84f2b8d5a9e,"{""centroid_threshold_pct"": 0.4, ""crop_size"": 64, ""intensity_p_high"": 99, ""intensity_p_low"": 1, ""target_spacing_mm"": 2.9}",1785260375.422544,cached,,0.0,1.0,0.32267919182777405,0.27898871898651123,0.8907966613769531,True,high_intensity_touches_boundary:y
vbjfvyb6,c:\Users\myben\OneDrive\Documents\GitHub\DaT-Parkinson\niftis\vbjfvyb6.nii.gz,c:\Users\myben\OneDrive\Documents\GitHub\DaT-Parkinson\preproc_cache\vbjfvyb6_f84f2b8d5a9e.npy,f84f2b8d5a9e,"{""centroid_threshold_pct"": 0.4, ""crop_size"": 64, ""intensity_p_high"": 99, ""intensity_p_low"": 1, ""target_spacing_mm"": 2.9}",1785260376.0402427,cached,,0.0,1.0,0.33679988980293274,0.2587234675884247,0.9681663513183594,True,high_intensity_touches_boundary:y
li076a3k,c:\Users\myben\OneDrive\Documents\GitHub\DaT-Parkinson\niftis\li076a3k.nii.gz,c:\Users\myben\OneDrive\Documents\GitHub\DaT-Parkinson\preproc_cache\li076a3k_f84f2b8d5a9e.npy,f84f2b8d5a9e,"{""centroid_threshold_pct"": 0.4, ""crop_size"": 64, ""intensity_p_high"": 99, ""intensity_p_low"": 1, ""target_spacing_mm"": 2.9}",1785260370.7407103,cached,,0.0,1.0,0.3512435853481293,0.255948930978775,0.9003486633300781,True,high_intensity_touches_boundary:y
krzd5e9p,c:\Users\myben\OneDrive\Documents\GitHub\DaT-Parkinson\niftis\krzd5e9p.nii.gz,c:\Users\myben\OneDrive\Documents\GitHub\DaT-Parkinson\preproc_cache\krzd5e9p_f84f2b8d5a9e.npy,f84f2b8d5a9e,"{""centroid_threshold_pct"": 0.4, ""crop_size"": 64, ""intensity_p_high"": 99, ""intensity_p_low"": 1, ""target_spacing_mm"": 2.9}",1785260370.4958007,cached,,0.0,1.0,0.28559383749961853,0.2594622075557709,0.8648529052734375,True,
3jpxgh30,c:\Users\myben\OneDrive\Documents\GitHub\DaT-Parkinson\niftis\3jpxgh30.nii.gz,c:\Users\myben\OneDrive\Documents\GitHub\DaT-Parkinson\preproc_cache\3jpxgh30_f84f2b8d5a9e.npy,f84f2b8d5a9e,"{""centroid_threshold_pct"": 0.4, ""crop_size"": 64, ""intensity_p_high"": 99, ""intensity_p_low"": 1, ""target_spacing_mm"": 2.9}",1785260361.2102757,cached,,0.0,1.0,0.29793983697891235,0.22821462154388428,0.9115638732910156,True,high_intensity_touches_boundary:y
153sflse,c:\Users\myben\OneDrive\Documents\GitHub\DaT-Parkinson\niftis\153sflse.nii.gz,c:\Users\myben\OneDrive\Documents\GitHub\DaT-Parkinson\preproc_cache\153sflse_f84f2b8d5a9e.npy,f84f2b8d5a9e,"{""centroid_threshold_pct"": 0.4, ""crop_size"": 64, ""intensity_p_high"": 99, ""intensity_p_low"": 1, ""target_spacing_mm"": 2.9}",1785260359.8245058,cached,,0.0,1.0,0.3539445698261261,0.23560556769371033,0.9437713623046875,True,"high_intensity_touches_boundary:y,z"
45bg34iq,c:\Users\myben\OneDrive\Documents\GitHub\DaT-Parkinson\niftis\45bg34iq.nii.gz,c:\Users\myben\OneDrive\Documents\GitHub\DaT-Parkinson\preproc_cache\45bg34iq_f84f2b8d5a9e.npy,f84f2b8d5a9e,"{""centroid_threshold_pct"": 0.4, ""crop_size"": 64, ""intensity_p_high"": 99, ""intensity_p_low"": 1, ""target_spacing_mm"": 2.9}",1785260361.5309403,cached,,0.0,1.0,0.33916234970092773,0.25670287013053894,0.9043693542480469,True,high_intensity_touches_boundary:y
7zj3sweb,c:\Users\myben\OneDrive\Documents\GitHub\DaT-Parkinson\niftis\7zj3sweb.nii.gz,c:\Users\myben\OneDrive\Documents\GitHub\DaT-Parkinson\preproc_cache\7zj3sweb_f84f2b8d5a9e.npy,f84f2b8d5a9e,"{""centroid_threshold_pct"": 0.4, ""crop_size"": 64, ""intensity_p_high"": 99, ""intensity_p_low"": 1, ""target_spacing_mm"": 2.9}",1785260363.460862,cached,,0.0,1.0,0.3223482370376587,0.22408324480056763,0.9627838134765625,True,"high_intensity_touches_boundary:y,z"
nvg5vmf6,c:\Users\myben\OneDrive\Documents\GitHub\DaT-Parkinson\niftis\nvg5vmf6.nii.gz,c:\Users\myben\OneDrive\Documents\GitHub\DaT-Parkinson\preproc_cache\nvg5vmf6_f84f2b8d5a9e.npy,f84f2b8d5a9e,"{""centroid_threshold_pct"": 0.4, ""crop_size"": 64, ""intensity_p_high"": 99, ""intensity_p_low"": 1, ""target_spacing_mm"": 2.9}",1785260371.9723363,cached,,0.0,1.0,0.2806066870689392,0.2531726062297821,0.9069976806640625,True,high_intensity_touches_boundary:y
0yknfu84,c:\Users\myben\OneDrive\Documents\GitHub\DaT-Parkinson\niftis\0yknfu84.nii.gz,c:\Users\myben\OneDrive\Documents\GitHub\DaT-Parkinson\preproc_cache\0yknfu84_f84f2b8d5a9e.npy,f84f2b8d5a9e,"{""centroid_threshold_pct"": 0.4, ""crop_size"": 64, ""intensity_p_high"": 99, ""intensity_p_low"": 1, ""target_spacing_mm"": 2.9}",1785260359.6946054,cached,,0.0,1.0,0.29453957080841064,0.21834032237529755,0.9495849609375,True,"high_intensity_touches_boundary:y,z"
xyjoa21a,c:\Users\myben\OneDrive\Documents\GitHub\DaT-Parkinson\niftis\xyjoa21a.nii.gz,c:\Users\myben\OneDrive\Documents\GitHub\DaT-Parkinson\preproc_cache\xyjoa21a_f84f2b8d5a9e.npy,f84f2b8d5a9e,"{""centroid_threshold_pct"": 0.4, ""crop_size"": 64, ""intensity_p_high"": 99, ""intensity_p_low"": 1, ""target_spacing_mm"": 2.9}",1785260377.4744995,cached,,0.0,1.0,0.28229930996894836,0.21694691479206085,0.9405937194824219,True,high_intensity_touches_boundary:y
6xvaj2k8,c:\Users\myben\OneDrive\Documents\GitHub\DaT-Parkinson\niftis\6xvaj2k8.nii.gz,c:\Users\myben\OneDrive\Documents\GitHub\DaT-Parkinson\preproc_cache\6xvaj2k8_f84f2b8d5a9e.npy,f84f2b8d5a9e,"{""centroid_threshold_pct"": 0.4, ""crop_size"": 64, ""intensity_p_high"": 99, ""intensity_p_low"": 1, ""target_spacing_mm"": 2.9}",1785260363.020146,cached,,0.0,1.0,0.24535349011421204,0.2695980668067932,0.8771209716796875,True,high_intensity_touches_boundary:y
xpnmjqy3,c:\Users\myben\OneDrive\Documents\GitHub\DaT-Parkinson\niftis\xpnmjqy3.nii.gz,c:\Users\myben\OneDrive\Documents\GitHub\DaT-Parkinson\preproc_cache\xpnmjqy3_f84f2b8d5a9e.npy,f84f2b8d5a9e,"{""centroid_threshold_pct"": 0.4, ""crop_size"": 64, ""intensity_p_high"": 99, ""intensity_p_low"": 1, ""target_spacing_mm"": 2.9}",1785260377.3111086,cached,,0.0,1.0,0.3633529543876648,0.2451539933681488,0.9234085083007812,True,"high_intensity_touches_boundary:y,z"
odsx4nxv,c:\Users\myben\OneDrive\Documents\GitHub\DaT-Parkinson\niftis\odsx4nxv.nii.gz,c:\Users\myben\OneDrive\Documents\GitHub\DaT-Parkinson\preproc_cache\odsx4nxv_f84f2b8d5a9e.npy,f84f2b8d5a9e,"{""centroid_threshold_pct"": 0.4, ""crop_size"": 64, ""intensity_p_high"": 99, ""intensity_p_low"": 1, ""target_spacing_mm"": 2.9}",1785260372.2770026,cached,,0.0,1.0,0.256650447845459,0.2666339576244354,0.9058952331542969,True,high_intensity_touches_boundary:y
kdc9x5jz,c:\Users\myben\OneDrive\Documents\GitHub\DaT-Parkinson\niftis\kdc9x5jz.nii.gz,c:\Users\myben\OneDrive\Documents\GitHub\DaT-Parkinson\preproc_cache\kdc9x5jz_f84f2b8d5a9e.npy,f84f2b8d5a9e,"{""centroid_threshold_pct"": 0.4, ""crop_size"": 64, ""intensity_p_high"": 99, ""intensity_p_low"": 1, ""target_spacing_mm"": 2.9}",1785260370.2265596,cached,,0.0,1.0,0.35686129331588745,0.25554150342941284,0.9208564758300781,True,"high_intensity_touches_boundary:y,z"
6kf1622v,c:\Users\myben\OneDrive\Documents\GitHub\DaT-Parkinson\niftis\6kf1622v.nii.gz,c:\Users\myben\OneDrive\Documents\GitHub\DaT-Parkinson\preproc_cache\6kf1622v_f84f2b8d5a9e.npy,f84f2b8d5a9e,"{""centroid_threshold_pct"": 0.4, ""crop_size"": 64, ""intensity_p_high"": 99, ""intensity_p_low"": 1, ""target_spacing_mm"": 2.9}",1785260362.7975152,cached,,0.0,1.0,0.2782893180847168,0.2648717761039734,0.8272552490234375,True,high_intensity_touches_boundary:y
xyzx9jpn,c:\Users\myben\OneDrive\Documents\GitHub\DaT-Parkinson\niftis\xyzx9jpn.nii.gz,c:\Users\myben\OneDrive\Documents\GitHub\DaT-Parkinson\preproc_cache\xyzx9jpn_f84f2b8d5a9e.npy,f84f2b8d5a9e,"{""centroid_threshold_pct"": 0.4, ""crop_size"": 64, ""intensity_p_high"": 99, ""intensity_p_low"": 1, ""target_spacing_mm"": 2.9}",1785260377.5073457,cached,,0.0,1.0,0.29517436027526855,0.21063974499702454,0.98187255859375,True,"high_intensity_touches_boundary:y,z"
bzug0it2,c:\Users\myben\OneDrive\Documents\GitHub\DaT-Parkinson\niftis\bzug0it2.nii.gz,c:\Users\myben\OneDrive\Documents\GitHub\DaT-Parkinson\preproc_cache\bzug0it2_f84f2b8d5a9e.npy,f84f2b8d5a9e,"{""centroid_threshold_pct"": 0.4, ""crop_size"": 64, ""intensity_p_high"": 99, ""intensity_p_low"": 1, ""target_spacing_mm"": 2.9}",1785260365.4277074,cached,,0.0,1.0,0.3152772784233093,0.25231292843818665,0.893035888671875,True,high_intensity_touches_boundary:y
6ys445gd,c:\Users\myben\OneDrive\Documents\GitHub\DaT-Parkinson\niftis\6ys445gd.nii.gz,c:\Users\myben\OneDrive\Documents\GitHub\DaT-Parkinson\preproc_cache\6ys445gd_f84f2b8d5a9e.npy,f84f2b8d5a9e,"{""centroid_threshold_pct"": 0.4, ""crop_size"": 64, ""intensity_p_high"": 99, ""intensity_p_low"": 1, ""target_spacing_mm"": 2.9}",1785260363.0354178,cached,,0.0,1.0,0.29585370421409607,0.25140702724456787,0.9006309509277344,True,high_intensity_touches_boundary:y
ej31gymd,c:\Users\myben\OneDrive\Documents\GitHub\DaT-Parkinson\niftis\ej31gymd.nii.gz,c:\Users\myben\OneDrive\Documents\GitHub\DaT-Parkinson\preproc_cache\ej31gymd_f84f2b8d5a9e.npy,f84f2b8d5a9e,"{""centroid_threshold_pct"": 0.4, ""crop_size"": 64, ""intensity_p_high"": 99, ""intensity_p_low"": 1, ""target_spacing_mm"": 2.9}",1785260367.1020398,cached,,0.0,1.0,0.3186042606830597,0.26326122879981995,0.9020805358886719,True,high_intensity_touches_boundary:y
m0l2ljk4,c:\Users\myben\OneDrive\Documents\GitHub\DaT-Parkinson\niftis\m0l2ljk4.nii.gz,c:\Users\myben\OneDrive\Documents\GitHub\DaT-Parkinson\preproc_cache\m0l2ljk4_f84f2b8d5a9e.npy,f84f2b8d5a9e,"{""centroid_threshold_pct"": 0.4, ""crop_size"": 64, ""intensity_p_high"": 99, ""intensity_p_low"": 1, ""target_spacing_mm"": 2.9}",1785260370.9984906,cached,,0.0,1.0,0.3389599025249481,0.24848990142345428,0.93365478515625,True,"high_intensity_touches_boundary:y,z"
q5v7c6s5,c:\Users\myben\OneDrive\Documents\GitHub\DaT-Parkinson\niftis\q5v7c6s5.nii.gz,c:\Users\myben\OneDrive\Documents\GitHub\DaT-Parkinson\preproc_cache\q5v7c6s5_f84f2b8d5a9e.npy,f84f2b8d5a9e,"{""centroid_threshold_pct"": 0.4, ""crop_size"": 64, ""intensity_p_high"": 99, ""intensity_p_low"": 1, ""target_spacing_mm"": 2.9}",1785260373.2174015,cached,,0.0,1.0,0.25084245204925537,0.2515883147716522,0.8654441833496094,True,high_intensity_touches_boundary:y
nkb4ehou,c:\Users\myben\OneDrive\Documents\GitHub\DaT-Parkinson\niftis\nkb4ehou.nii.gz,c:\Users\myben\OneDrive\Documents\GitHub\DaT-Parkinson\preproc_cache\nkb4ehou_f84f2b8d5a9e.npy,f84f2b8d5a9e,"{""centroid_threshold_pct"": 0.4, ""crop_size"": 64, ""intensity_p_high"": 99, ""intensity_p_low"": 1, ""target_spacing_mm"": 2.9}",1785260371.785689,cached,,0.0,1.0,0.2747887969017029,0.23766236007213593,0.8765373229980469,True,high_intensity_touches_boundary:y
6qlz2rwg,c:\Users\myben\OneDrive\Documents\GitHub\DaT-Parkinson\niftis\6qlz2rwg.nii.gz,c:\Users\myben\OneDrive\Documents\GitHub\DaT-Parkinson\preproc_cache\6qlz2rwg_f84f2b8d5a9e.npy,f84f2b8d5a9e,"{""centroid_threshold_pct"": 0.4, ""crop_size"": 64, ""intensity_p_high"": 99, ""intensity_p_low"": 1, ""target_spacing_mm"": 2.9}",1785260362.9121656,cached,,0.0,1.0,0.2860560417175293,0.2789793014526367,0.8943710327148438,True,high_intensity_touches_boundary:y
waj1g1r1,c:\Users\myben\OneDrive\Documents\GitHub\DaT-Parkinson\niftis\waj1g1r1.nii.gz,c:\Users\myben\OneDrive\Documents\GitHub\DaT-Parkinson\preproc_cache\waj1g1r1_f84f2b8d5a9e.npy,f84f2b8d5a9e,"{""centroid_threshold_pct"": 0.4, ""crop_size"": 64, ""intensity_p_high"": 99, ""intensity_p_low"": 1, ""target_spacing_mm"": 2.9}",1785260376.5981314,cached,,0.0,1.0,0.3013809323310852,0.28222402930259705,0.9164543151855469,True,high_intensity_touches_boundary:y
dwwo8nbh,c:\Users\myben\OneDrive\Documents\GitHub\DaT-Parkinson\niftis\dwwo8nbh.nii.gz,c:\Users\myben\OneDrive\Documents\GitHub\DaT-Parkinson\preproc_cache\dwwo8nbh_f84f2b8d5a9e.npy,f84f2b8d5a9e,"{""centroid_threshold_pct"": 0.4, ""crop_size"": 64, ""intensity_p_high"": 99, ""intensity_p_low"": 1, ""target_spacing_mm"": 2.9}",1785260366.5745406,cached,,0.0,1.0,0.3418172001838684,0.2733438014984131,0.8550949096679688,True,high_intensity_touches_boundary:y
nal3gywi,c:\Users\myben\OneDrive\Documents\GitHub\DaT-Parkinson\niftis\nal3gywi.nii.gz,c:\Users\myben\OneDrive\Documents\GitHub\DaT-Parkinson\preproc_cache\nal3gywi_f84f2b8d5a9e.npy,f84f2b8d5a9e,"{""centroid_threshold_pct"": 0.4, ""crop_size"": 64, ""intensity_p_high"": 99, ""intensity_p_low"": 1, ""target_spacing_mm"": 2.9}",1785260371.5494215,cached,,0.0,1.0,0.2831498980522156,0.24603590369224548,0.912689208984375,True,high_intensity_touches_boundary:y
ymenvg3k,c:\Users\myben\OneDrive\Documents\GitHub\DaT-Parkinson\niftis\ymenvg3k.nii.gz,c:\Users\myben\OneDrive\Documents\GitHub\DaT-Parkinson\preproc_cache\ymenvg3k_f84f2b8d5a9e.npy,f84f2b8d5a9e,"{""centroid_threshold_pct"": 0.4, ""crop_size"": 64, ""intensity_p_high"": 99, ""intensity_p_low"": 1, ""target_spacing_mm"": 2.9}",1785260377.829505,cached,,0.0,1.0,0.26432615518569946,0.24912413954734802,0.8892593383789062,True,high_intensity_touches_boundary:y
k0vm59m6,c:\Users\myben\OneDrive\Documents\GitHub\DaT-Parkinson\niftis\k0vm59m6.nii.gz,c:\Users\myben\OneDrive\Documents\GitHub\DaT-Parkinson\preproc_cache\k0vm59m6_f84f2b8d5a9e.npy,f84f2b8d5a9e,"{""centroid_threshold_pct"": 0.4, ""crop_size"": 64, ""intensity_p_high"": 99, ""intensity_p_low"": 1, ""target_spacing_mm"": 2.9}",1785260369.974179,cached,,0.0,1.0,0.30745449662208557,0.26362907886505127,0.8477363586425781,True,high_intensity_touches_boundary:y
mg87oi0e,c:\Users\myben\OneDrive\Documents\GitHub\DaT-Parkinson\niftis\mg87oi0e.nii.gz,c:\Users\myben\OneDrive\Documents\GitHub\DaT-Parkinson\preproc_cache\mg87oi0e_f84f2b8d5a9e.npy,f84f2b8d5a9e,"{""centroid_threshold_pct"": 0.4, ""crop_size"": 64, ""intensity_p_high"": 99, ""intensity_p_low"": 1, ""target_spacing_mm"": 2.9}",1785260371.1294737,cached,,0.0,1.0,0.27169376611709595,0.2588365972042084,0.8761444091796875,True,high_intensity_touches_boundary:y
0vgnxb5j,c:\Users\myben\OneDrive\Documents\GitHub\DaT-Parkinson\niftis\0vgnxb5j.nii.gz,c:\Users\myben\OneDrive\Documents\GitHub\DaT-Parkinson\preproc_cache\0vgnxb5j_f84f2b8d5a9e.npy,f84f2b8d5a9e,"{""centroid_threshold_pct"": 0.4, ""crop_size"": 64, ""intensity_p_high"": 99, ""intensity_p_low"": 1, ""target_spacing_mm"": 2.9}",1785260359.631738,cached,,0.0,1.0,0.2860754728317261,0.24311259388923645,0.9712562561035156,True,
tb9xxayp,c:\Users\myben\OneDrive\Documents\GitHub\DaT-Parkinson\niftis\tb9xxayp.nii.gz,c:\Users\myben\OneDrive\Documents\GitHub\DaT-Parkinson\preproc_cache\tb9xxayp_f84f2b8d5a9e.npy,f84f2b8d5a9e,"{""centroid_threshold_pct"": 0.4, ""crop_size"": 64, ""intensity_p_high"": 99, ""intensity_p_low"": 1, ""target_spacing_mm"": 2.9}",1785260374.9673593,cached,,0.0,1.0,0.30745863914489746,0.23203150928020477,0.9090652465820312,True,"high_intensity_touches_boundary:y,z"
ntrfzwkx,c:\Users\myben\OneDrive\Documents\GitHub\DaT-Parkinson\niftis\ntrfzwkx.nii.gz,c:\Users\myben\OneDrive\Documents\GitHub\DaT-Parkinson\preproc_cache\ntrfzwkx_f84f2b8d5a9e.npy,f84f2b8d5a9e,"{""centroid_threshold_pct"": 0.4, ""crop_size"": 64, ""intensity_p_high"": 99, ""intensity_p_low"": 1, ""target_spacing_mm"": 2.9}",1785260371.958809,cached,,0.0,1.0,0.2952865958213806,0.25666773319244385,0.909942626953125,True,high_intensity_touches_boundary:y
xjve3dze,c:\Users\myben\OneDrive\Documents\GitHub\DaT-Parkinson\niftis\xjve3dze.nii.gz,c:\Users\myben\OneDrive\Documents\GitHub\DaT-Parkinson\preproc_cache\xjve3dze_f84f2b8d5a9e.npy,f84f2b8d5a9e,"{""centroid_threshold_pct"": 0.4, ""crop_size"": 64, ""intensity_p_high"": 99, ""intensity_p_low"": 1, ""target_spacing_mm"": 2.9}",1785260377.116557,cached,,0.0,1.0,0.32275816798210144,0.2720567286014557,0.9289016723632812,True,high_intensity_touches_boundary:y
edhhjshz,c:\Users\myben\OneDrive\Documents\GitHub\DaT-Parkinson\niftis\edhhjshz.nii.gz,c:\Users\myben\OneDrive\Documents\GitHub\DaT-Parkinson\preproc_cache\edhhjshz_f84f2b8d5a9e.npy,f84f2b8d5a9e,"{""centroid_threshold_pct"": 0.4, ""crop_size"": 64, ""intensity_p_high"": 99, ""intensity_p_low"": 1, ""target_spacing_mm"": 2.9}",1785260366.9135256,cached,,0.0,1.0,0.2794129252433777,0.24295571446418762,0.951019287109375,True,high_intensity_touches_boundary:y
kbrh7lay,c:\Users\myben\OneDrive\Documents\GitHub\DaT-Parkinson\niftis\kbrh7lay.nii.gz,c:\Users\myben\OneDrive\Documents\GitHub\DaT-Parkinson\preproc_cache\kbrh7lay_f84f2b8d5a9e.npy,f84f2b8d5a9e,"{""centroid_threshold_pct"": 0.4, ""crop_size"": 64, ""intensity_p_high"": 99, ""intensity_p_low"": 1, ""target_spacing_mm"": 2.9}",1785260370.2112198,cached,,0.0,1.0,0.3419652581214905,0.2406139075756073,0.9171981811523438,True,"high_intensity_touches_boundary:y,z"
64yfds0d,c:\Users\myben\OneDrive\Documents\GitHub\DaT-Parkinson\niftis\64yfds0d.nii.gz,c:\Users\myben\OneDrive\Documents\GitHub\DaT-Parkinson\preproc_cache\64yfds0d_f84f2b8d5a9e.npy,f84f2b8d5a9e,"{""centroid_threshold_pct"": 0.4, ""crop_size"": 64, ""intensity_p_high"": 99, ""intensity_p_low"": 1, ""target_spacing_mm"": 2.9}",1785260362.5636652,cached,,0.0,1.0,0.28241392970085144,0.2184784710407257,0.9857330322265625,True,"high_intensity_touches_boundary:y,z"
ji9kqdgb,c:\Users\myben\OneDrive\Documents\GitHub\DaT-Parkinson\niftis\ji9kqdgb.nii.gz,c:\Users\myben\OneDrive\Documents\GitHub\DaT-Parkinson\preproc_cache\ji9kqdgb_f84f2b8d5a9e.npy,f84f2b8d5a9e,"{""centroid_threshold_pct"": 0.4, ""crop_size"": 64, ""intensity_p_high"": 99, ""intensity_p_low"": 1, ""target_spacing_mm"": 2.9}",1785260369.671209,cached,,0.0,1.0,0.30636852979660034,0.24553874135017395,0.9353752136230469,True,high_intensity_touches_boundary:y
k2l0d1b4,c:\Users\myben\OneDrive\Documents\GitHub\DaT-Parkinson\niftis\k2l0d1b4.nii.gz,c:\Users\myben\OneDrive\Documents\GitHub\DaT-Parkinson\preproc_cache\k2l0d1b4_f84f2b8d5a9e.npy,f84f2b8d5a9e,"{""centroid_threshold_pct"": 0.4, ""crop_size"": 64, ""intensity_p_high"": 99, ""intensity_p_low"": 1, ""target_spacing_mm"": 2.9}",1785260370.0023909,cached,,0.0,1.0,0.261552095413208,0.20476120710372925,0.8535118103027344,True,
xgmpw5d3,c:\Users\myben\OneDrive\Documents\GitHub\DaT-Parkinson\niftis\xgmpw5d3.nii.gz,c:\Users\myben\OneDrive\Documents\GitHub\DaT-Parkinson\preproc_cache\xgmpw5d3_f84f2b8d5a9e.npy,f84f2b8d5a9e,"{""centroid_threshold_pct"": 0.4, ""crop_size"": 64, ""intensity_p_high"": 99, ""intensity_p_low"": 1, ""target_spacing_mm"": 2.9}",1785260377.0603647,cached,,0.0,1.0,0.30395787954330444,0.25505396723747253,0.9124069213867188,True,high_intensity_touches_boundary:y
go8jn42x,c:\Users\myben\OneDrive\Documents\GitHub\DaT-Parkinson\niftis\go8jn42x.nii.gz,c:\Users\myben\OneDrive\Documents\GitHub\DaT-Parkinson\preproc_cache\go8jn42x_f84f2b8d5a9e.npy,f84f2b8d5a9e,"{""centroid_threshold_pct"": 0.4, ""crop_size"": 64, ""intensity_p_high"": 99, ""intensity_p_low"": 1, ""target_spacing_mm"": 2.9}",1785260368.3272762,cached,,0.0,1.0,0.29575115442276,0.2430678755044937,0.9355888366699219,True,high_intensity_touches_boundary:y
2ezc7fov,c:\Users\myben\OneDrive\Documents\GitHub\DaT-Parkinson\niftis\2ezc7fov.nii.gz,c:\Users\myben\OneDrive\Documents\GitHub\DaT-Parkinson\preproc_cache\2ezc7fov_f84f2b8d5a9e.npy,f84f2b8d5a9e,"{""centroid_threshold_pct"": 0.4, ""crop_size"": 64, ""intensity_p_high"": 99, ""intensity_p_low"": 1, ""target_spacing_mm"": 2.9}",1785260360.4678793,cached,,0.0,1.0,0.2939308285713196,0.26485949754714966,0.8384170532226562,True,high_intensity_touches_boundary:y
2ygnmby4,c:\Users\myben\OneDrive\Documents\GitHub\DaT-Parkinson\niftis\2ygnmby4.nii.gz,c:\Users\myben\OneDrive\Documents\GitHub\DaT-Parkinson\preproc_cache\2ygnmby4_f84f2b8d5a9e.npy,f84f2b8d5a9e,"{""centroid_threshold_pct"": 0.4, ""crop_size"": 64, ""intensity_p_high"": 99, ""intensity_p_low"": 1, ""target_spacing_mm"": 2.9}",1785260360.794311,cached,,0.0,1.0,0.25451675057411194,0.2505732774734497,0.9085273742675781,True,high_intensity_touches_boundary:y
9e7eobjl,c:\Users\myben\OneDrive\Documents\GitHub\DaT-Parkinson\niftis\9e7eobjl.nii.gz,c:\Users\myben\OneDrive\Documents\GitHub\DaT-Parkinson\preproc_cache\9e7eobjl_f84f2b8d5a9e.npy,f84f2b8d5a9e,"{""centroid_threshold_pct"": 0.4, ""crop_size"": 64, ""intensity_p_high"": 99, ""intensity_p_low"": 1, ""target_spacing_mm"": 2.9}",1785260364.2233498,cached,,0.0,1.0,0.27581313252449036,0.2826903164386749,0.875396728515625,True,high_intensity_touches_boundary:y
zy1uu9ym,c:\Users\myben\OneDrive\Documents\GitHub\DaT-Parkinson\niftis\zy1uu9ym.nii.gz,c:\Users\myben\OneDrive\Documents\GitHub\DaT-Parkinson\preproc_cache\zy1uu9ym_f84f2b8d5a9e.npy,f84f2b8d5a9e,"{""centroid_threshold_pct"": 0.4, ""crop_size"": 64, ""intensity_p_high"": 99, ""intensity_p_low"": 1, ""target_spacing_mm"": 2.9}",1785260378.4828696,cached,,0.0,1.0,0.32755985856056213,0.2403460294008255,0.8764381408691406,True,"high_intensity_touches_boundary:x,y"
szdximyn,c:\Users\myben\OneDrive\Documents\GitHub\DaT-Parkinson\niftis\szdximyn.nii.gz,c:\Users\myben\OneDrive\Documents\GitHub\DaT-Parkinson\preproc_cache\szdximyn_f84f2b8d5a9e.npy,f84f2b8d5a9e,"{""centroid_threshold_pct"": 0.4, ""crop_size"": 64, ""intensity_p_high"": 99, ""intensity_p_low"": 1, ""target_spacing_mm"": 2.9}",1785260374.7513087,cached,,0.0,1.0,0.2890338897705078,0.2707630395889282,0.8350639343261719,True,high_intensity_touches_boundary:y
4u9bxf44,c:\Users\myben\OneDrive\Documents\GitHub\DaT-Parkinson\niftis\4u9bxf44.nii.gz,c:\Users\myben\OneDrive\Documents\GitHub\DaT-Parkinson\preproc_cache\4u9bxf44_f84f2b8d5a9e.npy,f84f2b8d5a9e,"{""centroid_threshold_pct"": 0.4, ""crop_size"": 64, ""intensity_p_high"": 99, ""intensity_p_low"": 1, ""target_spacing_mm"": 2.9}",1785260361.9762728,cached,,0.0,1.0,0.30591413378715515,0.2502990961074829,0.9206390380859375,True,high_intensity_touches_boundary:y
5cri8bix,c:\Users\myben\OneDrive\Documents\GitHub\DaT-Parkinson\niftis\5cri8bix.nii.gz,c:\Users\myben\OneDrive\Documents\GitHub\DaT-Parkinson\preproc_cache\5cri8bix_f84f2b8d5a9e.npy,f84f2b8d5a9e,"{""centroid_threshold_pct"": 0.4, ""crop_size"": 64, ""intensity_p_high"": 99, ""intensity_p_low"": 1, ""target_spacing_mm"": 2.9}",1785260362.2463102,cached,,0.0,1.0,0.29736435413360596,0.258675754070282,0.9154548645019531,True,high_intensity_touches_boundary:y
oiq2q4qe,c:\Users\myben\OneDrive\Documents\GitHub\DaT-Parkinson\niftis\oiq2q4qe.nii.gz,c:\Users\myben\OneDrive\Documents\GitHub\DaT-Parkinson\preproc_cache\oiq2q4qe_f84f2b8d5a9e.npy,f84f2b8d5a9e,"{""centroid_threshold_pct"": 0.4, ""crop_size"": 64, ""intensity_p_high"": 99, ""intensity_p_low"": 1, ""target_spacing_mm"": 2.9}",1785260372.371595,cached,,0.0,1.0,0.31617283821105957,0.2825622260570526,0.82476806640625,True,high_intensity_touches_boundary:y
rxdouadv,c:\Users\myben\OneDrive\Documents\GitHub\DaT-Parkinson\niftis\rxdouadv.nii.gz,c:\Users\myben\OneDrive\Documents\GitHub\DaT-Parkinson\preproc_cache\rxdouadv_f84f2b8d5a9e.npy,f84f2b8d5a9e,"{""centroid_threshold_pct"": 0.4, ""crop_size"": 64, ""intensity_p_high"": 99, ""intensity_p_low"": 1, ""target_spacing_mm"": 2.9}",1785260374.2503343,cached,,0.0,1.0,0.3569275140762329,0.25882241129875183,0.8684501647949219,True,"high_intensity_touches_boundary:x,y"
ei3zrrhf,c:\Users\myben\OneDrive\Documents\GitHub\DaT-Parkinson\niftis\ei3zrrhf.nii.gz,c:\Users\myben\OneDrive\Documents\GitHub\DaT-Parkinson\preproc_cache\ei3zrrhf_f84f2b8d5a9e.npy,f84f2b8d5a9e,"{""centroid_threshold_pct"": 0.4, ""crop_size"": 64, ""intensity_p_high"": 99, ""intensity_p_low"": 1, ""target_spacing_mm"": 2.9}",1785260367.0866108,cached,,0.0,1.0,0.33507800102233887,0.26338836550712585,0.8289947509765625,True,high_intensity_touches_boundary:y
4abufwbu,c:\Users\myben\OneDrive\Documents\GitHub\DaT-Parkinson\niftis\4abufwbu.nii.gz,c:\Users\myben\OneDrive\Documents\GitHub\DaT-Parkinson\preproc_cache\4abufwbu_f84f2b8d5a9e.npy,f84f2b8d5a9e,"{""centroid_threshold_pct"": 0.4, ""crop_size"": 64, ""intensity_p_high"": 99, ""intensity_p_low"": 1, ""target_spacing_mm"": 2.9}",1785260361.6403084,cached,,0.0,1.0,0.27930206060409546,0.26534998416900635,0.802520751953125,True,high_intensity_touches_boundary:z
cjg8vuaz,c:\Users\myben\OneDrive\Documents\GitHub\DaT-Parkinson\niftis\cjg8vuaz.nii.gz,c:\Users\myben\OneDrive\Documents\GitHub\DaT-Parkinson\preproc_cache\cjg8vuaz_f84f2b8d5a9e.npy,f84f2b8d5a9e,"{""centroid_threshold_pct"": 0.4, ""crop_size"": 64, ""intensity_p_high"": 99, ""intensity_p_low"": 1, ""target_spacing_mm"": 2.9}",1785260365.7305923,cached,,0.0,1.0,0.2815287709236145,0.22405003011226654,0.8617668151855469,True,high_intensity_touches_boundary:y
xkdq95g3,c:\Users\myben\OneDrive\Documents\GitHub\DaT-Parkinson\niftis\xkdq95g3.nii.gz,c:\Users\myben\OneDrive\Documents\GitHub\DaT-Parkinson\preproc_cache\xkdq95g3_f84f2b8d5a9e.npy,f84f2b8d5a9e,"{""centroid_threshold_pct"": 0.4, ""crop_size"": 64, ""intensity_p_high"": 99, ""intensity_p_low"": 1, ""target_spacing_mm"": 2.9}",1785260377.14114,cached,,0.0,1.0,0.3344646990299225,0.27991876006126404,0.732635498046875,True,"high_intensity_touches_boundary:y,z"
v23gxj0m,c:\Users\myben\OneDrive\Documents\GitHub\DaT-Parkinson\niftis\v23gxj0m.nii.gz,c:\Users\myben\OneDrive\Documents\GitHub\DaT-Parkinson\preproc_cache\v23gxj0m_f84f2b8d5a9e.npy,f84f2b8d5a9e,"{""centroid_threshold_pct"": 0.4, ""crop_size"": 64, ""intensity_p_high"": 99, ""intensity_p_low"": 1, ""target_spacing_mm"": 2.9}",1785260375.8357444,cached,,0.0,1.0,0.25342488288879395,0.23139236867427826,0.8315925598144531,True,high_intensity_touches_boundary:y
qvindh4s,c:\Users\myben\OneDrive\Documents\GitHub\DaT-Parkinson\niftis\qvindh4s.nii.gz,c:\Users\myben\OneDrive\Documents\GitHub\DaT-Parkinson\preproc_cache\qvindh4s_f84f2b8d5a9e.npy,f84f2b8d5a9e,"{""centroid_threshold_pct"": 0.4, ""crop_size"": 64, ""intensity_p_high"": 99, ""intensity_p_low"": 1, ""target_spacing_mm"": 2.9}",1785260373.618403,cached,,0.0,1.0,0.27676039934158325,0.21113041043281555,0.9529457092285156,True,"high_intensity_touches_boundary:y,z"
pfdrwb2s,c:\Users\myben\OneDrive\Documents\GitHub\DaT-Parkinson\niftis\pfdrwb2s.nii.gz,c:\Users\myben\OneDrive\Documents\GitHub\DaT-Parkinson\preproc_cache\pfdrwb2s_f84f2b8d5a9e.npy,f84f2b8d5a9e,"{""centroid_threshold_pct"": 0.4, ""crop_size"": 64, ""intensity_p_high"": 99, ""intensity_p_low"": 1, ""target_spacing_mm"": 2.9}",1785260372.8789248,cached,,0.0,1.0,0.2746236026287079,0.28707316517829895,0.6905632019042969,True,high_intensity_touches_boundary:y
erev361x,c:\Users\myben\OneDrive\Documents\GitHub\DaT-Parkinson\niftis\erev361x.nii.gz,c:\Users\myben\OneDrive\Documents\GitHub\DaT-Parkinson\preproc_cache\erev361x_f84f2b8d5a9e.npy,f84f2b8d5a9e,"{""centroid_threshold_pct"": 0.4, ""crop_size"": 64, ""intensity_p_high"": 99, ""intensity_p_low"": 1, ""target_spacing_mm"": 2.9}",1785260367.2935739,cached,,0.0,1.0,0.2690163254737854,0.2272246778011322,0.8033943176269531,True,high_intensity_touches_boundary:y
snbti22n,c:\Users\myben\OneDrive\Documents\GitHub\DaT-Parkinson\niftis\snbti22n.nii.gz,c:\Users\myben\OneDrive\Documents\GitHub\DaT-Parkinson\preproc_cache\snbti22n_f84f2b8d5a9e.npy,f84f2b8d5a9e,"{""centroid_threshold_pct"": 0.4, ""crop_size"": 64, ""intensity_p_high"": 99, ""intensity_p_low"": 1, ""target_spacing_mm"": 2.9}",1785260374.5964334,cached,,0.0,1.0,0.28512775897979736,0.28433704376220703,0.7872085571289062,True,high_intensity_touches_boundary:y
v01zderi,c:\Users\myben\OneDrive\Documents\GitHub\DaT-Parkinson\niftis\v01zderi.nii.gz,c:\Users\myben\OneDrive\Documents\GitHub\DaT-Parkinson\preproc_cache\v01zderi_f84f2b8d5a9e.npy,f84f2b8d5a9e,"{""centroid_threshold_pct"": 0.4, ""crop_size"": 64, ""intensity_p_high"": 99, ""intensity_p_low"": 1, ""target_spacing_mm"": 2.9}",1785260375.7705503,cached,,0.0,1.0,0.30064570903778076,0.295064777135849,0.7179946899414062,True,high_intensity_touches_boundary:y
4k5ogz2u,c:\Users\myben\OneDrive\Documents\GitHub\DaT-Parkinson\niftis\4k5ogz2u.nii.gz,c:\Users\myben\OneDrive\Documents\GitHub\DaT-Parkinson\preproc_cache\4k5ogz2u_f84f2b8d5a9e.npy,f84f2b8d5a9e,"{""centroid_threshold_pct"": 0.4, ""crop_size"": 64, ""intensity_p_high"": 99, ""intensity_p_low"": 1, ""target_spacing_mm"": 2.9}",1785260361.8171995,cached,,0.0,1.0,0.34112298488616943,0.2589610815048218,0.810516357421875,True,"high_intensity_touches_boundary:x,y,z"
eaxylnfx,c:\Users\myben\OneDrive\Documents\GitHub\DaT-Parkinson\niftis\eaxylnfx.nii.gz,c:\Users\myben\OneDrive\Documents\GitHub\DaT-Parkinson\preproc_cache\eaxylnfx_f84f2b8d5a9e.npy,f84f2b8d5a9e,"{""centroid_threshold_pct"": 0.4, ""crop_size"": 64, ""intensity_p_high"": 99, ""intensity_p_low"": 1, ""target_spacing_mm"": 2.9}",1785260366.8582368,cached,,0.0,1.0,0.2746696174144745,0.23247788846492767,0.8303451538085938,True,"high_intensity_touches_boundary:y,z"
j4pnjy1o,c:\Users\myben\OneDrive\Documents\GitHub\DaT-Parkinson\niftis\j4pnjy1o.nii.gz,c:\Users\myben\OneDrive\Documents\GitHub\DaT-Parkinson\preproc_cache\j4pnjy1o_f84f2b8d5a9e.npy,f84f2b8d5a9e,"{""centroid_threshold_pct"": 0.4, ""crop_size"": 64, ""intensity_p_high"": 99, ""intensity_p_low"": 1, ""target_spacing_mm"": 2.9}",1785260369.3849676,cached,,0.0,1.0,0.28983181715011597,0.2551701068878174,0.7969818115234375,True,
2rntjlmz,c:\Users\myben\OneDrive\Documents\GitHub\DaT-Parkinson\niftis\2rntjlmz.nii.gz,c:\Users\myben\OneDrive\Documents\GitHub\DaT-Parkinson\preproc_cache\2rntjlmz_f84f2b8d5a9e.npy,f84f2b8d5a9e,"{""centroid_threshold_pct"": 0.4, ""crop_size"": 64, ""intensity_p_high"": 99, ""intensity_p_low"": 1, ""target_spacing_mm"": 2.9}",1785260360.696319,cached,,0.0,1.0,0.26541268825531006,0.2872757613658905,0.5982933044433594,True,high_intensity_touches_boundary:y
04x0qzfh,c:\Users\myben\OneDrive\Documents\GitHub\DaT-Parkinson\niftis\04x0qzfh.nii.gz,c:\Users\myben\OneDrive\Documents\GitHub\DaT-Parkinson\preproc_cache\04x0qzfh_f84f2b8d5a9e.npy,f84f2b8d5a9e,"{""centroid_threshold_pct"": 0.4, ""crop_size"": 64, ""intensity_p_high"": 99, ""intensity_p_low"": 1, ""target_spacing_mm"": 2.9}",1785260359.1703749,cached,,0.0,1.0,0.27276450395584106,0.2659960687160492,0.7253456115722656,True,
omtzzf8a,c:\Users\myben\OneDrive\Documents\GitHub\DaT-Parkinson\niftis\omtzzf8a.nii.gz,c:\Users\myben\OneDrive\Documents\GitHub\DaT-Parkinson\preproc_cache\omtzzf8a_f84f2b8d5a9e.npy,f84f2b8d5a9e,"{""centroid_threshold_pct"": 0.4, ""crop_size"": 64, ""intensity_p_high"": 99, ""intensity_p_low"": 1, ""target_spacing_mm"": 2.9}",1785260372.4513602,cached,,0.0,1.0,0.2518705725669861,0.2600099742412567,0.669677734375,True,"high_intensity_touches_boundary:x,y"
df7pchcb,c:\Users\myben\OneDrive\Documents\GitHub\DaT-Parkinson\niftis\df7pchcb.nii.gz,c:\Users\myben\OneDrive\Documents\GitHub\DaT-Parkinson\preproc_cache\df7pchcb_f84f2b8d5a9e.npy,f84f2b8d5a9e,"{""centroid_threshold_pct"": 0.4, ""crop_size"": 64, ""intensity_p_high"": 99, ""intensity_p_low"": 1, ""target_spacing_mm"": 2.9}",1785260366.3378057,cached,,0.0,1.0,0.30241096019744873,0.2851735055446625,0.7578849792480469,True,high_intensity_touches_boundary:y
n9wszv83,c:\Users\myben\OneDrive\Documents\GitHub\DaT-Parkinson\niftis\n9wszv83.nii.gz,c:\Users\myben\OneDrive\Documents\GitHub\DaT-Parkinson\preproc_cache\n9wszv83_f84f2b8d5a9e.npy,f84f2b8d5a9e,"{""centroid_threshold_pct"": 0.4, ""crop_size"": 64, ""intensity_p_high"": 99, ""intensity_p_low"": 1, ""target_spacing_mm"": 2.9}",1785260371.518481,cached,,0.0,1.0,0.26828235387802124,0.2200728952884674,0.7926788330078125,True,high_intensity_touches_boundary:y
xphx2kbv,c:\Users\myben\OneDrive\Documents\GitHub\DaT-Parkinson\niftis\xphx2kbv.nii.gz,c:\Users\myben\OneDrive\Documents\GitHub\DaT-Parkinson\preproc_cache\xphx2kbv_f84f2b8d5a9e.npy,f84f2b8d5a9e,"{""centroid_threshold_pct"": 0.4, ""crop_size"": 64, ""intensity_p_high"": 99, ""intensity_p_low"": 1, ""target_spacing_mm"": 2.9}",1785260377.2646742,cached,,0.0,1.0,0.2954541742801666,0.27579477429389954,0.7733383178710938,True,high_intensity_touches_boundary:y
sigbiaf9,c:\Users\myben\OneDrive\Documents\GitHub\DaT-Parkinson\niftis\sigbiaf9.nii.gz,c:\Users\myben\OneDrive\Documents\GitHub\DaT-Parkinson\preproc_cache\sigbiaf9_f84f2b8d5a9e.npy,f84f2b8d5a9e,"{""centroid_threshold_pct"": 0.4, ""crop_size"": 64, ""intensity_p_high"": 99, ""intensity_p_low"": 1, ""target_spacing_mm"": 2.9}",1785260374.5472615,cached,,0.0,1.0,0.2421848177909851,0.23874959349632263,0.7418403625488281,True,high_intensity_touches_boundary:y
2movs0cd,c:\Users\myben\OneDrive\Documents\GitHub\DaT-Parkinson\niftis\2movs0cd.nii.gz,c:\Users\myben\OneDrive\Documents\GitHub\DaT-Parkinson\preproc_cache\2movs0cd_f84f2b8d5a9e.npy,f84f2b8d5a9e,"{""centroid_threshold_pct"": 0.4, ""crop_size"": 64, ""intensity_p_high"": 99, ""intensity_p_low"": 1, ""target_spacing_mm"": 2.9}",1785260360.643601,cached,,0.0,1.0,0.2519223392009735,0.21073652803897858,0.7877731323242188,True,"high_intensity_touches_boundary:y,z"
k36m8jvh,c:\Users\myben\OneDrive\Documents\GitHub\DaT-Parkinson\niftis\k36m8jvh.nii.gz,c:\Users\myben\OneDrive\Documents\GitHub\DaT-Parkinson\preproc_cache\k36m8jvh_f84f2b8d5a9e.npy,f84f2b8d5a9e,"{""centroid_threshold_pct"": 0.4, ""crop_size"": 64, ""intensity_p_high"": 99, ""intensity_p_low"": 1, ""target_spacing_mm"": 2.9}",1785260370.040604,cached,,0.0,1.0,0.26432883739471436,0.27178671956062317,0.6545143127441406,True,high_intensity_touches_boundary:y
7ujodck8,c:\Users\myben\OneDrive\Documents\GitHub\DaT-Parkinson\niftis\7ujodck8.nii.gz,c:\Users\myben\OneDrive\Documents\GitHub\DaT-Parkinson\preproc_cache\7ujodck8_f84f2b8d5a9e.npy,f84f2b8d5a9e,"{""centroid_threshold_pct"": 0.4, ""crop_size"": 64, ""intensity_p_high"": 99, ""intensity_p_low"": 1, ""target_spacing_mm"": 2.9}",1785260363.4241009,cached,,0.0,1.0,0.2423357516527176,0.22025497257709503,0.7981033325195312,True,high_intensity_touches_boundary:y
2853uy8u,c:\Users\myben\OneDrive\Documents\GitHub\DaT-Parkinson\niftis\2853uy8u.nii.gz,c:\Users\myben\OneDrive\Documents\GitHub\DaT-Parkinson\preproc_cache\2853uy8u_f84f2b8d5a9e.npy,f84f2b8d5a9e,"{""centroid_threshold_pct"": 0.4, ""crop_size"": 64, ""intensity_p_high"": 99, ""intensity_p_low"": 1, ""target_spacing_mm"": 2.9}",1785260360.3846397,cached,,0.0,1.0,0.3213357627391815,0.24845151603221893,0.8143310546875,True,high_intensity_touches_boundary:y
118qqvae,c:\Users\myben\OneDrive\Documents\GitHub\DaT-Parkinson\niftis\118qqvae.nii.gz,c:\Users\myben\OneDrive\Documents\GitHub\DaT-Parkinson\preproc_cache\118qqvae_f84f2b8d5a9e.npy,f84f2b8d5a9e,"{""centroid_threshold_pct"": 0.4, ""crop_size"": 64, ""intensity_p_high"": 99, ""intensity_p_low"": 1, ""target_spacing_mm"": 2.9}",1785260359.7333903,cached,,0.0,1.0,0.3508515954017639,0.30584752559661865,0.7714042663574219,True,"high_intensity_touches_boundary:y,z"
cw9yil8s,c:\Users\myben\OneDrive\Documents\GitHub\DaT-Parkinson\niftis\cw9yil8s.nii.gz,c:\Users\myben\OneDrive\Documents\GitHub\DaT-Parkinson\preproc_cache\cw9yil8s_f84f2b8d5a9e.npy,f84f2b8d5a9e,"{""centroid_threshold_pct"": 0.4, ""crop_size"": 64, ""intensity_p_high"": 99, ""intensity_p_low"": 1, ""target_spacing_mm"": 2.9}",1785260365.9004042,cached,,0.0,1.0,0.27986854314804077,0.28285667300224304,0.7367286682128906,True,high_intensity_touches_boundary:y
a3idy3c7,c:\Users\myben\OneDrive\Documents\GitHub\DaT-Parkinson\niftis\a3idy3c7.nii.gz,c:\Users\myben\OneDrive\Documents\GitHub\DaT-Parkinson\preproc_cache\a3idy3c7_f84f2b8d5a9e.npy,f84f2b8d5a9e,"{""centroid_threshold_pct"": 0.4, ""crop_size"": 64, ""intensity_p_high"": 99, ""intensity_p_low"": 1, ""target_spacing_mm"": 2.9}",1785260364.5534909,cached,,0.0,1.0,0.2832696735858917,0.24930626153945923,0.7854804992675781,True,high_intensity_touches_boundary:y
rm6j8y6r,c:\Users\myben\OneDrive\Documents\GitHub\DaT-Parkinson\niftis\rm6j8y6r.nii.gz,c:\Users\myben\OneDrive\Documents\GitHub\DaT-Parkinson\preproc_cache\rm6j8y6r_f84f2b8d5a9e.npy,f84f2b8d5a9e,"{""centroid_threshold_pct"": 0.4, ""crop_size"": 64, ""intensity_p_high"": 99, ""intensity_p_low"": 1, ""target_spacing_mm"": 2.9}",1785260373.9967217,cached,,0.0,1.0,0.28740832209587097,0.22924096882343292,0.8006248474121094,True,"high_intensity_touches_boundary:x,y"
h05hhiwf,c:\Users\myben\OneDrive\Documents\GitHub\DaT-Parkinson\niftis\h05hhiwf.nii.gz,c:\Users\myben\OneDrive\Documents\GitHub\DaT-Parkinson\preproc_cache\h05hhiwf_f84f2b8d5a9e.npy,f84f2b8d5a9e,"{""centroid_threshold_pct"": 0.4, ""crop_size"": 64, ""intensity_p_high"": 99, ""intensity_p_low"": 1, ""target_spacing_mm"": 2.9}",1785260368.5374646,cached,,0.0,1.0,0.24208033084869385,0.22271250188350677,0.8007087707519531,True,"high_intensity_touches_boundary:y,z"
d7yxw1tb,c:\Users\myben\OneDrive\Documents\GitHub\DaT-Parkinson\niftis\d7yxw1tb.nii.gz,c:\Users\myben\OneDrive\Documents\GitHub\DaT-Parkinson\preproc_cache\d7yxw1tb_f84f2b8d5a9e.npy,f84f2b8d5a9e,"{""centroid_threshold_pct"": 0.4, ""crop_size"": 64, ""intensity_p_high"": 99, ""intensity_p_low"": 1, ""target_spacing_mm"": 2.9}",1785260366.2248685,cached,,0.0,1.0,0.35232481360435486,0.28523939847946167,0.7924156188964844,True,high_intensity_touches_boundary:y
rwr965r9,c:\Users\myben\OneDrive\Documents\GitHub\DaT-Parkinson\niftis\rwr965r9.nii.gz,c:\Users\myben\OneDrive\Documents\GitHub\DaT-Parkinson\preproc_cache\rwr965r9_f84f2b8d5a9e.npy,f84f2b8d5a9e,"{""centroid_threshold_pct"": 0.4, ""crop_size"": 64, ""intensity_p_high"": 99, ""intensity_p_low"": 1, ""target_spacing_mm"": 2.9}",1785260374.2248073,cached,,0.0,1.0,0.2865327298641205,0.2903594970703125,0.6906204223632812,True,high_intensity_touches_boundary:y
6khub2rt,c:\Users\myben\OneDrive\Documents\GitHub\DaT-Parkinson\niftis\6khub2rt.nii.gz,c:\Users\myben\OneDrive\Documents\GitHub\DaT-Parkinson\preproc_cache\6khub2rt_f84f2b8d5a9e.npy,f84f2b8d5a9e,"{""centroid_threshold_pct"": 0.4, ""crop_size"": 64, ""intensity_p_high"": 99, ""intensity_p_low"": 1, ""target_spacing_mm"": 2.9}",1785260362.8103416,cached,,0.0,1.0,0.24331700801849365,0.24689248204231262,0.7684707641601562,True,
soyg9zqy,c:\Users\myben\OneDrive\Documents\GitHub\DaT-Parkinson\niftis\soyg9zqy.nii.gz,c:\Users\myben\OneDrive\Documents\GitHub\DaT-Parkinson\preproc_cache\soyg9zqy_f84f2b8d5a9e.npy,f84f2b8d5a9e,"{""centroid_threshold_pct"": 0.4, ""crop_size"": 64, ""intensity_p_high"": 99, ""intensity_p_low"": 1, ""target_spacing_mm"": 2.9}",1785260374.6089811,cached,,0.0,1.0,0.2791318893432617,0.2424803078174591,0.793487548828125,True,high_intensity_touches_boundary:y
ahulwjti,c:\Users\myben\OneDrive\Documents\GitHub\DaT-Parkinson\niftis\ahulwjti.nii.gz,c:\Users\myben\OneDrive\Documents\GitHub\DaT-Parkinson\preproc_cache\ahulwjti_f84f2b8d5a9e.npy,f84f2b8d5a9e,"{""centroid_threshold_pct"": 0.4, ""crop_size"": 64, ""intensity_p_high"": 99, ""intensity_p_low"": 1, ""target_spacing_mm"": 2.9}",1785260364.697095,cached,,0.0,1.0,0.2712899446487427,0.20130707323551178,0.8741645812988281,True,"high_intensity_touches_boundary:y,z"
qwnrhzn4,c:\Users\myben\OneDrive\Documents\GitHub\DaT-Parkinson\niftis\qwnrhzn4.nii.gz,c:\Users\myben\OneDrive\Documents\GitHub\DaT-Parkinson\preproc_cache\qwnrhzn4_f84f2b8d5a9e.npy,f84f2b8d5a9e,"{""centroid_threshold_pct"": 0.4, ""crop_size"": 64, ""intensity_p_high"": 99, ""intensity_p_low"": 1, ""target_spacing_mm"": 2.9}",1785260373.648211,cached,,0.0,1.0,0.34405601024627686,0.2515300214290619,0.9163322448730469,True,"high_intensity_touches_boundary:y,z"
kgeuidji,c:\Users\myben\OneDrive\Documents\GitHub\DaT-Parkinson\niftis\kgeuidji.nii.gz,c:\Users\myben\OneDrive\Documents\GitHub\DaT-Parkinson\preproc_cache\kgeuidji_f84f2b8d5a9e.npy,f84f2b8d5a9e,"{""centroid_threshold_pct"": 0.4, ""crop_size"": 64, ""intensity_p_high"": 99, ""intensity_p_low"": 1, ""target_spacing_mm"": 2.9}",1785260370.301565,cached,,0.0,1.0,0.32050463557243347,0.2636982202529907,0.8504676818847656,True,"high_intensity_touches_boundary:y,z"
pnf8f3gr,c:\Users\myben\OneDrive\Documents\GitHub\DaT-Parkinson\niftis\pnf8f3gr.nii.gz,c:\Users\myben\OneDrive\Documents\GitHub\DaT-Parkinson\preproc_cache\pnf8f3gr_f84f2b8d5a9e.npy,f84f2b8d5a9e,"{""centroid_threshold_pct"": 0.4, ""crop_size"": 64, ""intensity_p_high"": 99, ""intensity_p_low"": 1, ""target_spacing_mm"": 2.9}",1785260372.9944298,cached,,0.0,1.0,0.3094562590122223,0.2708050310611725,0.7571830749511719,True,high_intensity_touches_boundary:y
94sz2kuu,c:\Users\myben\OneDrive\Documents\GitHub\DaT-Parkinson\niftis\94sz2kuu.nii.gz,c:\Users\myben\OneDrive\Documents\GitHub\DaT-Parkinson\preproc_cache\94sz2kuu_f84f2b8d5a9e.npy,f84f2b8d5a9e,"{""centroid_threshold_pct"": 0.4, ""crop_size"": 64, ""intensity_p_high"": 99, ""intensity_p_low"": 1, ""target_spacing_mm"": 2.9}",1785260364.1018078,cached,,0.0,1.0,0.2804338335990906,0.21103578805923462,0.9119186401367188,True,"high_intensity_touches_boundary:y,z"
oyc3rwqm,c:\Users\myben\OneDrive\Documents\GitHub\DaT-Parkinson\niftis\oyc3rwqm.nii.gz,c:\Users\myben\OneDrive\Documents\GitHub\DaT-Parkinson\preproc_cache\oyc3rwqm_f84f2b8d5a9e.npy,f84f2b8d5a9e,"{""centroid_threshold_pct"": 0.4, ""crop_size"": 64, ""intensity_p_high"": 99, ""intensity_p_low"": 1, ""target_spacing_mm"": 2.9}",1785260372.6686993,cached,,0.0,1.0,0.30397963523864746,0.260062575340271,0.7714805603027344,True,"high_intensity_touches_boundary:y,z"
mu7jae58,c:\Users\myben\OneDrive\Documents\GitHub\DaT-Parkinson\niftis\mu7jae58.nii.gz,c:\Users\myben\OneDrive\Documents\GitHub\DaT-Parkinson\preproc_cache\mu7jae58_f84f2b8d5a9e.npy,f84f2b8d5a9e,"{""centroid_threshold_pct"": 0.4, ""crop_size"": 64, ""intensity_p_high"": 99, ""intensity_p_low"": 1, ""target_spacing_mm"": 2.9}",1785260371.3021119,cached,,0.0,1.0,0.3240785002708435,0.2975730001926422,0.7135124206542969,True,high_intensity_touches_boundary:y
huxg2myr,c:\Users\myben\OneDrive\Documents\GitHub\DaT-Parkinson\niftis\huxg2myr.nii.gz,c:\Users\myben\OneDrive\Documents\GitHub\DaT-Parkinson\preproc_cache\huxg2myr_f84f2b8d5a9e.npy,f84f2b8d5a9e,"{""centroid_threshold_pct"": 0.4, ""crop_size"": 64, ""intensity_p_high"": 99, ""intensity_p_low"": 1, ""target_spacing_mm"": 2.9}",1785260368.8701918,cached,,0.0,1.0,0.26921436190605164,0.22212103009223938,0.8393516540527344,True,"high_intensity_touches_boundary:y,z"
06nkwfg3,c:\Users\myben\OneDrive\Documents\GitHub\DaT-Parkinson\niftis\06nkwfg3.nii.gz,c:\Users\myben\OneDrive\Documents\GitHub\DaT-Parkinson\preproc_cache\06nkwfg3_f84f2b8d5a9e.npy,f84f2b8d5a9e,"{""centroid_threshold_pct"": 0.4, ""crop_size"": 64, ""intensity_p_high"": 99, ""intensity_p_low"": 1, ""target_spacing_mm"": 2.9}",1785260359.2176912,cached,,0.0,1.0,0.3013112246990204,0.27735042572021484,0.7945137023925781,True,"high_intensity_touches_boundary:y,z"
mwu4cfil,c:\Users\myben\OneDrive\Documents\GitHub\DaT-Parkinson\niftis\mwu4cfil.nii.gz,c:\Users\myben\OneDrive\Documents\GitHub\DaT-Parkinson\preproc_cache\mwu4cfil_f84f2b8d5a9e.npy,f84f2b8d5a9e,"{""centroid_threshold_pct"": 0.4, ""crop_size"": 64, ""intensity_p_high"": 99, ""intensity_p_low"": 1, ""target_spacing_mm"": 2.9}",1785260371.3690903,cached,,0.0,1.0,0.27969881892204285,0.3149099051952362,0.6553382873535156,True,high_intensity_touches_boundary:y
kjxjq5nv,c:\Users\myben\OneDrive\Documents\GitHub\DaT-Parkinson\niftis\kjxjq5nv.nii.gz,c:\Users\myben\OneDrive\Documents\GitHub\DaT-Parkinson\preproc_cache\kjxjq5nv_f84f2b8d5a9e.npy,f84f2b8d5a9e,"{""centroid_threshold_pct"": 0.4, ""crop_size"": 64, ""intensity_p_high"": 99, ""intensity_p_low"": 1, ""target_spacing_mm"": 2.9}",1785260370.3636181,cached,,0.0,1.0,0.31828784942626953,0.27559059858322144,0.7364387512207031,True,"high_intensity_touches_boundary:x,y"
8oga0x7z,c:\Users\myben\OneDrive\Documents\GitHub\DaT-Parkinson\niftis\8oga0x7z.nii.gz,c:\Users\myben\OneDrive\Documents\GitHub\DaT-Parkinson\preproc_cache\8oga0x7z_f84f2b8d5a9e.npy,f84f2b8d5a9e,"{""centroid_threshold_pct"": 0.4, ""crop_size"": 64, ""intensity_p_high"": 99, ""intensity_p_low"": 1, ""target_spacing_mm"": 2.9}",1785260363.9292102,cached,,0.0,1.0,0.31685465574264526,0.19107267260551453,0.9443168640136719,True,"high_intensity_touches_boundary:x,y,z"
cgdc5tao,c:\Users\myben\OneDrive\Documents\GitHub\DaT-Parkinson\niftis\cgdc5tao.nii.gz,c:\Users\myben\OneDrive\Documents\GitHub\DaT-Parkinson\preproc_cache\cgdc5tao_f84f2b8d5a9e.npy,f84f2b8d5a9e,"{""centroid_threshold_pct"": 0.4, ""crop_size"": 64, ""intensity_p_high"": 99, ""intensity_p_low"": 1, ""target_spacing_mm"": 2.9}",1785260365.6901474,cached,,0.0,1.0,0.34551602602005005,0.2452983409166336,0.9529495239257812,True,"high_intensity_touches_boundary:y,z"
1cjfx5li,c:\Users\myben\OneDrive\Documents\GitHub\DaT-Parkinson\niftis\1cjfx5li.nii.gz,c:\Users\myben\OneDrive\Documents\GitHub\DaT-Parkinson\preproc_cache\1cjfx5li_f84f2b8d5a9e.npy,f84f2b8d5a9e,"{""centroid_threshold_pct"": 0.4, ""crop_size"": 64, ""intensity_p_high"": 99, ""intensity_p_low"": 1, ""target_spacing_mm"": 2.9}",1785260359.9569495,cached,,0.0,1.0,0.24505525827407837,0.22243481874465942,0.7832832336425781,True,high_intensity_touches_boundary:y
kwe4bx4l,c:\Users\myben\OneDrive\Documents\GitHub\DaT-Parkinson\niftis\kwe4bx4l.nii.gz,c:\Users\myben\OneDrive\Documents\GitHub\DaT-Parkinson\preproc_cache\kwe4bx4l_f84f2b8d5a9e.npy,f84f2b8d5a9e,"{""centroid_threshold_pct"": 0.4, ""crop_size"": 64, ""intensity_p_high"": 99, ""intensity_p_low"": 1, ""target_spacing_mm"": 2.9}",1785260370.5484867,cached,,0.0,1.0,0.33465391397476196,0.2675098180770874,0.8183364868164062,True,"high_intensity_touches_boundary:y,z"
r9tjq8zg,c:\Users\myben\OneDrive\Documents\GitHub\DaT-Parkinson\niftis\r9tjq8zg.nii.gz,c:\Users\myben\OneDrive\Documents\GitHub\DaT-Parkinson\preproc_cache\r9tjq8zg_f84f2b8d5a9e.npy,f84f2b8d5a9e,"{""centroid_threshold_pct"": 0.4, ""crop_size"": 64, ""intensity_p_high"": 99, ""intensity_p_low"": 1, ""target_spacing_mm"": 2.9}",1785260373.8785033,cached,,0.0,1.0,0.32144802808761597,0.23458808660507202,0.8722457885742188,True,"high_intensity_touches_boundary:y,z"
vwwusxlm,c:\Users\myben\OneDrive\Documents\GitHub\DaT-Parkinson\niftis\vwwusxlm.nii.gz,c:\Users\myben\OneDrive\Documents\GitHub\DaT-Parkinson\preproc_cache\vwwusxlm_f84f2b8d5a9e.npy,f84f2b8d5a9e,"{""centroid_threshold_pct"": 0.4, ""crop_size"": 64, ""intensity_p_high"": 99, ""intensity_p_low"": 1, ""target_spacing_mm"": 2.9}",1785260376.3521962,cached,,0.0,1.0,0.28474974632263184,0.24702993035316467,0.81036376953125,True,high_intensity_touches_boundary:y
t2pnjka3,c:\Users\myben\OneDrive\Documents\GitHub\DaT-Parkinson\niftis\t2pnjka3.nii.gz,c:\Users\myben\OneDrive\Documents\GitHub\DaT-Parkinson\preproc_cache\t2pnjka3_f84f2b8d5a9e.npy,f84f2b8d5a9e,"{""centroid_threshold_pct"": 0.4, ""crop_size"": 64, ""intensity_p_high"": 99, ""intensity_p_low"": 1, ""target_spacing_mm"": 2.9}",1785260374.7891853,cached,,0.0,1.0,0.2884187698364258,0.2606962025165558,0.7537879943847656,True,high_intensity_touches_boundary:y
4mqa78ra,c:\Users\myben\OneDrive\Documents\GitHub\DaT-Parkinson\niftis\4mqa78ra.nii.gz,c:\Users\myben\OneDrive\Documents\GitHub\DaT-Parkinson\preproc_cache\4mqa78ra_f84f2b8d5a9e.npy,f84f2b8d5a9e,"{""centroid_threshold_pct"": 0.4, ""crop_size"": 64, ""intensity_p_high"": 99, ""intensity_p_low"": 1, ""target_spacing_mm"": 2.9}",1785260361.866983,cached,,0.0,1.0,0.2843010425567627,0.2908376157283783,0.6638755798339844,True,high_intensity_touches_boundary:y
pkianouo,c:\Users\myben\OneDrive\Documents\GitHub\DaT-Parkinson\niftis\pkianouo.nii.gz,c:\Users\myben\OneDrive\Documents\GitHub\DaT-Parkinson\preproc_cache\pkianouo_f84f2b8d5a9e.npy,f84f2b8d5a9e,"{""centroid_threshold_pct"": 0.4, ""crop_size"": 64, ""intensity_p_high"": 99, ""intensity_p_low"": 1, ""target_spacing_mm"": 2.9}",1785260372.9608088,cached,,0.0,1.0,0.3131685256958008,0.28653737902641296,0.7526588439941406,True,high_intensity_touches_boundary:y
f0onjpi1,c:\Users\myben\OneDrive\Documents\GitHub\DaT-Parkinson\niftis\f0onjpi1.nii.gz,c:\Users\myben\OneDrive\Documents\GitHub\DaT-Parkinson\preproc_cache\f0onjpi1_f84f2b8d5a9e.npy,f84f2b8d5a9e,"{""centroid_threshold_pct"": 0.4, ""crop_size"": 64, ""intensity_p_high"": 99, ""intensity_p_low"": 1, ""target_spacing_mm"": 2.9}",1785260367.419316,cached,,0.0,1.0,0.2660883665084839,0.2248191237449646,0.816741943359375,True,high_intensity_touches_boundary:y
63yk03o4,c:\Users\myben\OneDrive\Documents\GitHub\DaT-Parkinson\niftis\63yk03o4.nii.gz,c:\Users\myben\OneDrive\Documents\GitHub\DaT-Parkinson\preproc_cache\63yk03o4_f84f2b8d5a9e.npy,f84f2b8d5a9e,"{""centroid_threshold_pct"": 0.4, ""crop_size"": 64, ""intensity_p_high"": 99, ""intensity_p_low"": 1, ""target_spacing_mm"": 2.9}",1785260362.5494785,cached,,0.0,1.0,0.25627386569976807,0.22329407930374146,0.84796142578125,True,"high_intensity_touches_boundary:y,z"
gkwwjwga,c:\Users\myben\OneDrive\Documents\GitHub\DaT-Parkinson\niftis\gkwwjwga.nii.gz,c:\Users\myben\OneDrive\Documents\GitHub\DaT-Parkinson\preproc_cache\gkwwjwga_f84f2b8d5a9e.npy,f84f2b8d5a9e,"{""centroid_threshold_pct"": 0.4, ""crop_size"": 64, ""intensity_p_high"": 99, ""intensity_p_low"": 1, ""target_spacing_mm"": 2.9}",1785260368.240591,cached,,0.0,1.0,0.2786117196083069,0.24740299582481384,0.8796272277832031,True,"high_intensity_touches_boundary:y,z"
btgdjz0i,c:\Users\myben\OneDrive\Documents\GitHub\DaT-Parkinson\niftis\btgdjz0i.nii.gz,c:\Users\myben\OneDrive\Documents\GitHub\DaT-Parkinson\preproc_cache\btgdjz0i_f84f2b8d5a9e.npy,f84f2b8d5a9e,"{""centroid_threshold_pct"": 0.4, ""crop_size"": 64, ""intensity_p_high"": 99, ""intensity_p_low"": 1, ""target_spacing_mm"": 2.9}",1785260365.3278518,cached,,0.0,1.0,0.2477390468120575,0.22002820670604706,0.8574752807617188,True,high_intensity_touches_boundary:y
frml29q2,c:\Users\myben\OneDrive\Documents\GitHub\DaT-Parkinson\niftis\frml29q2.nii.gz,c:\Users\myben\OneDrive\Documents\GitHub\DaT-Parkinson\preproc_cache\frml29q2_f84f2b8d5a9e.npy,f84f2b8d5a9e,"{""centroid_threshold_pct"": 0.4, ""crop_size"": 64, ""intensity_p_high"": 99, ""intensity_p_low"": 1, ""target_spacing_mm"": 2.9}",1785260367.8384302,cached,,0.0,1.0,0.34745633602142334,0.2703282833099365,0.8682785034179688,True,high_intensity_touches_boundary:y
l48c1cqg,c:\Users\myben\OneDrive\Documents\GitHub\DaT-Parkinson\niftis\l48c1cqg.nii.gz,c:\Users\myben\OneDrive\Documents\GitHub\DaT-Parkinson\preproc_cache\l48c1cqg_f84f2b8d5a9e.npy,f84f2b8d5a9e,"{""centroid_threshold_pct"": 0.4, ""crop_size"": 64, ""intensity_p_high"": 99, ""intensity_p_low"": 1, ""target_spacing_mm"": 2.9}",1785260370.584236,cached,,0.0,1.0,0.2769545614719391,0.26372817158699036,0.7959442138671875,True,high_intensity_touches_boundary:y
433e1i1p,c:\Users\myben\OneDrive\Documents\GitHub\DaT-Parkinson\niftis\433e1i1p.nii.gz,c:\Users\myben\OneDrive\Documents\GitHub\DaT-Parkinson\preproc_cache\433e1i1p_f84f2b8d5a9e.npy,f84f2b8d5a9e,"{""centroid_threshold_pct"": 0.4, ""crop_size"": 64, ""intensity_p_high"": 99, ""intensity_p_low"": 1, ""target_spacing_mm"": 2.9}",1785260361.4886148,cached,,0.0,1.0,0.29797273874282837,0.29214921593666077,0.7254791259765625,True,high_intensity_touches_boundary:y
0bq1s9ry,c:\Users\myben\OneDrive\Documents\GitHub\DaT-Parkinson\niftis\0bq1s9ry.nii.gz,c:\Users\myben\OneDrive\Documents\GitHub\DaT-Parkinson\preproc_cache\0bq1s9ry_f84f2b8d5a9e.npy,f84f2b8d5a9e,"{""centroid_threshold_pct"": 0.4, ""crop_size"": 64, ""intensity_p_high"": 99, ""intensity_p_low"": 1, ""target_spacing_mm"": 2.9}",1785260359.343302,cached,,0.0,1.0,0.3142246901988983,0.23966865241527557,0.8461189270019531,True,"high_intensity_touches_boundary:y,z"
llwb7sjw,c:\Users\myben\OneDrive\Documents\GitHub\DaT-Parkinson\niftis\llwb7sjw.nii.gz,c:\Users\myben\OneDrive\Documents\GitHub\DaT-Parkinson\preproc_cache\llwb7sjw_f84f2b8d5a9e.npy,f84f2b8d5a9e,"{""centroid_threshold_pct"": 0.4, ""crop_size"": 64, ""intensity_p_high"": 99, ""intensity_p_low"": 1, ""target_spacing_mm"": 2.9}",1785260370.7866454,cached,,0.0,1.0,0.2639896273612976,0.255831241607666,0.6716423034667969,True,"high_intensity_touches_boundary:x,y"
h55hewlg,c:\Users\myben\OneDrive\Documents\GitHub\DaT-Parkinson\niftis\h55hewlg.nii.gz,c:\Users\myben\OneDrive\Documents\GitHub\DaT-Parkinson\preproc_cache\h55hewlg_f84f2b8d5a9e.npy,f84f2b8d5a9e,"{""centroid_threshold_pct"": 0.4, ""crop_size"": 64, ""intensity_p_high"": 99, ""intensity_p_low"": 1, ""target_spacing_mm"": 2.9}",1785260368.598995,cached,,0.0,1.0,0.3080286383628845,0.2549862265586853,0.7960052490234375,True,"high_intensity_touches_boundary:y,z"
je2ab2rv,c:\Users\myben\OneDrive\Documents\GitHub\DaT-Parkinson\niftis\je2ab2rv.nii.gz,c:\Users\myben\OneDrive\Documents\GitHub\DaT-Parkinson\preproc_cache\je2ab2rv_f84f2b8d5a9e.npy,f84f2b8d5a9e,"{""centroid_threshold_pct"": 0.4, ""crop_size"": 64, ""intensity_p_high"": 99, ""intensity_p_low"": 1, ""target_spacing_mm"": 2.9}",1785260369.579499,cached,,0.0,1.0,0.24582552909851074,0.2911967635154724,0.6057929992675781,True,high_intensity_touches_boundary:y
ndfdw79w,c:\Users\myben\OneDrive\Documents\GitHub\DaT-Parkinson\niftis\ndfdw79w.nii.gz,c:\Users\myben\OneDrive\Documents\GitHub\DaT-Parkinson\preproc_cache\ndfdw79w_f84f2b8d5a9e.npy,f84f2b8d5a9e,"{""centroid_threshold_pct"": 0.4, ""crop_size"": 64, ""intensity_p_high"": 99, ""intensity_p_low"": 1, ""target_spacing_mm"": 2.9}",1785260371.6112325,cached,,0.0,1.0,0.2807157337665558,0.231321781873703,0.7871551513671875,True,"high_intensity_touches_boundary:y,z"
cxz2ei92,c:\Users\myben\OneDrive\Documents\GitHub\DaT-Parkinson\niftis\cxz2ei92.nii.gz,c:\Users\myben\OneDrive\Documents\GitHub\DaT-Parkinson\preproc_cache\cxz2ei92_f84f2b8d5a9e.npy,f84f2b8d5a9e,"{""centroid_threshold_pct"": 0.4, ""crop_size"": 64, ""intensity_p_high"": 99, ""intensity_p_low"": 1, ""target_spacing_mm"": 2.9}",1785260365.9239872,cached,,0.0,1.0,0.2839733362197876,0.27952322363853455,0.639373779296875,True,"high_intensity_touches_boundary:x,y"
12pgyme6,c:\Users\myben\OneDrive\Documents\GitHub\DaT-Parkinson\niftis\12pgyme6.nii.gz,c:\Users\myben\OneDrive\Documents\GitHub\DaT-Parkinson\preproc_cache\12pgyme6_f84f2b8d5a9e.npy,f84f2b8d5a9e,"{""centroid_threshold_pct"": 0.4, ""crop_size"": 64, ""intensity_p_high"": 99, ""intensity_p_low"": 1, ""target_spacing_mm"": 2.9}",1785260359.784331,cached,,0.0,1.0,0.29596471786499023,0.2918389141559601,0.7157554626464844,True,high_intensity_touches_boundary:y
rpkzggm0,c:\Users\myben\OneDrive\Documents\GitHub\DaT-Parkinson\niftis\rpkzggm0.nii.gz,c:\Users\myben\OneDrive\Documents\GitHub\DaT-Parkinson\preproc_cache\rpkzggm0_f84f2b8d5a9e.npy,f84f2b8d5a9e,"{""centroid_threshold_pct"": 0.4, ""crop_size"": 64, ""intensity_p_high"": 99, ""intensity_p_low"": 1, ""target_spacing_mm"": 2.9}",1785260374.0461774,cached,,0.0,1.0,0.3334707021713257,0.26781243085861206,0.8842849731445312,True,"high_intensity_touches_boundary:y,z"
j36tcfkj,c:\Users\myben\OneDrive\Documents\GitHub\DaT-Parkinson\niftis\j36tcfkj.nii.gz,c:\Users\myben\OneDrive\Documents\GitHub\DaT-Parkinson\preproc_cache\j36tcfkj_f84f2b8d5a9e.npy,f84f2b8d5a9e,"{""centroid_threshold_pct"": 0.4, ""crop_size"": 64, ""intensity_p_high"": 99, ""intensity_p_low"": 1, ""target_spacing_mm"": 2.9}",1785260369.3458383,cached,,0.0,1.0,0.3308471739292145,0.28833824396133423,0.7393951416015625,True,"high_intensity_touches_boundary:x,y"
nawnga41,c:\Users\myben\OneDrive\Documents\GitHub\DaT-Parkinson\niftis\nawnga41.nii.gz,c:\Users\myben\OneDrive\Documents\GitHub\DaT-Parkinson\preproc_cache\nawnga41_f84f2b8d5a9e.npy,f84f2b8d5a9e,"{""centroid_threshold_pct"": 0.4, ""crop_size"": 64, ""intensity_p_high"": 99, ""intensity_p_low"": 1, ""target_spacing_mm"": 2.9}",1785260371.5622652,cached,,0.0,1.0,0.2633053958415985,0.28765779733657837,0.66143798828125,True,high_intensity_touches_boundary:y
izxtnsrt,c:\Users\myben\OneDrive\Documents\GitHub\DaT-Parkinson\niftis\izxtnsrt.nii.gz,c:\Users\myben\OneDrive\Documents\GitHub\DaT-Parkinson\preproc_cache\izxtnsrt_f84f2b8d5a9e.npy,f84f2b8d5a9e,"{""centroid_threshold_pct"": 0.4, ""crop_size"": 64, ""intensity_p_high"": 99, ""intensity_p_low"": 1, ""target_spacing_mm"": 2.9}",1785260369.289783,cached,,0.0,1.0,0.24665287137031555,0.20583978295326233,0.8361434936523438,True,high_intensity_touches_boundary:y
wlxdsc4e,c:\Users\myben\OneDrive\Documents\GitHub\DaT-Parkinson\niftis\wlxdsc4e.nii.gz,c:\Users\myben\OneDrive\Documents\GitHub\DaT-Parkinson\preproc_cache\wlxdsc4e_f84f2b8d5a9e.npy,f84f2b8d5a9e,"{""centroid_threshold_pct"": 0.4, ""crop_size"": 64, ""intensity_p_high"": 99, ""intensity_p_low"": 1, ""target_spacing_mm"": 2.9}",1785260376.7151296,cached,,0.0,1.0,0.2517523765563965,0.23495301604270935,0.7457275390625,True,high_intensity_touches_boundary:y
5hrdu4xs,c:\Users\myben\OneDrive\Documents\GitHub\DaT-Parkinson\niftis\5hrdu4xs.nii.gz,c:\Users\myben\OneDrive\Documents\GitHub\DaT-Parkinson\preproc_cache\5hrdu4xs_f84f2b8d5a9e.npy,f84f2b8d5a9e,"{""centroid_threshold_pct"": 0.4, ""crop_size"": 64, ""intensity_p_high"": 99, ""intensity_p_low"": 1, ""target_spacing_mm"": 2.9}",1785260362.346963,cached,,0.0,1.0,0.2961745262145996,0.22796346247196198,0.8196754455566406,True,"high_intensity_touches_boundary:y,z"
zjnvc7hr,c:\Users\myben\OneDrive\Documents\GitHub\DaT-Parkinson\niftis\zjnvc7hr.nii.gz,c:\Users\myben\OneDrive\Documents\GitHub\DaT-Parkinson\preproc_cache\zjnvc7hr_f84f2b8d5a9e.npy,f84f2b8d5a9e,"{""centroid_threshold_pct"": 0.4, ""crop_size"": 64, ""intensity_p_high"": 99, ""intensity_p_low"": 1, ""target_spacing_mm"": 2.9}",1785260378.2932138,cached,,0.0,1.0,0.3296692371368408,0.2651371657848358,0.898834228515625,True,"high_intensity_touches_boundary:y,z"
6c2cu7on,c:\Users\myben\OneDrive\Documents\GitHub\DaT-Parkinson\niftis\6c2cu7on.nii.gz,c:\Users\myben\OneDrive\Documents\GitHub\DaT-Parkinson\preproc_cache\6c2cu7on_f84f2b8d5a9e.npy,f84f2b8d5a9e,"{""centroid_threshold_pct"": 0.4, ""crop_size"": 64, ""intensity_p_high"": 99, ""intensity_p_low"": 1, ""target_spacing_mm"": 2.9}",1785260362.689196,cached,,0.0,1.0,0.29555821418762207,0.26440709829330444,0.8170967102050781,True,high_intensity_touches_boundary:y
z3jbck88,c:\Users\myben\OneDrive\Documents\GitHub\DaT-Parkinson\niftis\z3jbck88.nii.gz,c:\Users\myben\OneDrive\Documents\GitHub\DaT-Parkinson\preproc_cache\z3jbck88_f84f2b8d5a9e.npy,f84f2b8d5a9e,"{""centroid_threshold_pct"": 0.4, ""crop_size"": 64, ""intensity_p_high"": 99, ""intensity_p_low"": 1, ""target_spacing_mm"": 2.9}",1785260378.0767615,cached,,0.0,1.0,0.2587012052536011,0.2379501312971115,0.7812843322753906,True,high_intensity_touches_boundary:y
d0tgsiwg,c:\Users\myben\OneDrive\Documents\GitHub\DaT-Parkinson\niftis\d0tgsiwg.nii.gz,c:\Users\myben\OneDrive\Documents\GitHub\DaT-Parkinson\preproc_cache\d0tgsiwg_f84f2b8d5a9e.npy,f84f2b8d5a9e,"{""centroid_threshold_pct"": 0.4, ""crop_size"": 64, ""intensity_p_high"": 99, ""intensity_p_low"": 1, ""target_spacing_mm"": 2.9}",1785260366.0261095,cached,,0.0,1.0,0.2510969936847687,0.2996748983860016,0.6508255004882812,True,
0odwmqx5,c:\Users\myben\OneDrive\Documents\GitHub\DaT-Parkinson\niftis\0odwmqx5.nii.gz,c:\Users\myben\OneDrive\Documents\GitHub\DaT-Parkinson\preproc_cache\0odwmqx5_f84f2b8d5a9e.npy,f84f2b8d5a9e,"{""centroid_threshold_pct"": 0.4, ""crop_size"": 64, ""intensity_p_high"": 99, ""intensity_p_low"": 1, ""target_spacing_mm"": 2.9}",1785260359.5509894,cached,,0.0,1.0,0.2623898983001709,0.27712681889533997,0.694854736328125,True,high_intensity_touches_boundary:y
ggomf9pm,c:\Users\myben\OneDrive\Documents\GitHub\DaT-Parkinson\niftis\ggomf9pm.nii.gz,c:\Users\myben\OneDrive\Documents\GitHub\DaT-Parkinson\preproc_cache\ggomf9pm_f84f2b8d5a9e.npy,f84f2b8d5a9e,"{""centroid_threshold_pct"": 0.4, ""crop_size"": 64, ""intensity_p_high"": 99, ""intensity_p_low"": 1, ""target_spacing_mm"": 2.9}",1785260368.1610017,cached,,0.0,1.0,0.3083099126815796,0.22533196210861206,0.8312454223632812,True,"high_intensity_touches_boundary:y,z"
l9ln1p0v,c:\Users\myben\OneDrive\Documents\GitHub\DaT-Parkinson\niftis\l9ln1p0v.nii.gz,c:\Users\myben\OneDrive\Documents\GitHub\DaT-Parkinson\preproc_cache\l9ln1p0v_f84f2b8d5a9e.npy,f84f2b8d5a9e,"{""centroid_threshold_pct"": 0.4, ""crop_size"": 64, ""intensity_p_high"": 99, ""intensity_p_low"": 1, ""target_spacing_mm"": 2.9}",1785260370.6470764,cached,,0.0,1.0,0.27677083015441895,0.2891881763935089,0.6791877746582031,True,high_intensity_touches_boundary:y
uh17j8qo,c:\Users\myben\OneDrive\Documents\GitHub\DaT-Parkinson\niftis\uh17j8qo.nii.gz,c:\Users\myben\OneDrive\Documents\GitHub\DaT-Parkinson\preproc_cache\uh17j8qo_f84f2b8d5a9e.npy,f84f2b8d5a9e,"{""centroid_threshold_pct"": 0.4, ""crop_size"": 64, ""intensity_p_high"": 99, ""intensity_p_low"": 1, ""target_spacing_mm"": 2.9}",1785260375.483668,cached,,0.0,1.0,0.2802046537399292,0.2894219756126404,0.6155014038085938,True,"high_intensity_touches_boundary:x,y"
09vs9kkh,c:\Users\myben\OneDrive\Documents\GitHub\DaT-Parkinson\niftis\09vs9kkh.nii.gz,c:\Users\myben\OneDrive\Documents\GitHub\DaT-Parkinson\preproc_cache\09vs9kkh_f84f2b8d5a9e.npy,f84f2b8d5a9e,"{""centroid_threshold_pct"": 0.4, ""crop_size"": 64, ""intensity_p_high"": 99, ""intensity_p_low"": 1, ""target_spacing_mm"": 2.9}",1785260359.3102517,cached,,0.0,1.0,0.2510662078857422,0.28344056010246277,0.5958786010742188,True,high_intensity_touches_boundary:y
4a3yjtu7,c:\Users\myben\OneDrive\Documents\GitHub\DaT-Parkinson\niftis\4a3yjtu7.nii.gz,c:\Users\myben\OneDrive\Documents\GitHub\DaT-Parkinson\preproc_cache\4a3yjtu7_f84f2b8d5a9e.npy,f84f2b8d5a9e,"{""centroid_threshold_pct"": 0.4, ""crop_size"": 64, ""intensity_p_high"": 99, ""intensity_p_low"": 1, ""target_spacing_mm"": 2.9}",1785260361.6275375,cached,,0.0,1.0,0.23668432235717773,0.21912214159965515,0.7184867858886719,True,"high_intensity_touches_boundary:x,y"
fbmenui3,c:\Users\myben\OneDrive\Documents\GitHub\DaT-Parkinson\niftis\fbmenui3.nii.gz,c:\Users\myben\OneDrive\Documents\GitHub\DaT-Parkinson\preproc_cache\fbmenui3_f84f2b8d5a9e.npy,f84f2b8d5a9e,"{""centroid_threshold_pct"": 0.4, ""crop_size"": 64, ""intensity_p_high"": 99, ""intensity_p_low"": 1, ""target_spacing_mm"": 2.9}",1785260367.5873067,cached,,0.0,1.0,0.31738513708114624,0.2969973385334015,0.687835693359375,True,high_intensity_touches_boundary:y
do7002g3,c:\Users\myben\OneDrive\Documents\GitHub\DaT-Parkinson\niftis\do7002g3.nii.gz,c:\Users\myben\OneDrive\Documents\GitHub\DaT-Parkinson\preproc_cache\do7002g3_f84f2b8d5a9e.npy,f84f2b8d5a9e,"{""centroid_threshold_pct"": 0.4, ""crop_size"": 64, ""intensity_p_high"": 99, ""intensity_p_low"": 1, ""target_spacing_mm"": 2.9}",1785260366.5159793,cached,,0.0,1.0,0.27346962690353394,0.25636211037635803,0.7702865600585938,True,high_intensity_touches_boundary:y
yu6vk0uc,c:\Users\myben\OneDrive\Documents\GitHub\DaT-Parkinson\niftis\yu6vk0uc.nii.gz,c:\Users\myben\OneDrive\Documents\GitHub\DaT-Parkinson\preproc_cache\yu6vk0uc_f84f2b8d5a9e.npy,f84f2b8d5a9e,"{""centroid_threshold_pct"": 0.4, ""crop_size"": 64, ""intensity_p_high"": 99, ""intensity_p_low"": 1, ""target_spacing_mm"": 2.9}",1785260377.954066,cached,,0.0,1.0,0.2733326256275177,0.24017852544784546,0.78900146484375,True,"high_intensity_touches_boundary:y,z"
c1m3o55i,c:\Users\myben\OneDrive\Documents\GitHub\DaT-Parkinson\niftis\c1m3o55i.nii.gz,c:\Users\myben\OneDrive\Documents\GitHub\DaT-Parkinson\preproc_cache\c1m3o55i_f84f2b8d5a9e.npy,f84f2b8d5a9e,"{""centroid_threshold_pct"": 0.4, ""crop_size"": 64, ""intensity_p_high"": 99, ""intensity_p_low"": 1, ""target_spacing_mm"": 2.9}",1785260365.4526405,cached,,0.0,1.0,0.2580910921096802,0.2590300738811493,0.7777748107910156,True,high_intensity_touches_boundary:y
xva1nkbt,c:\Users\myben\OneDrive\Documents\GitHub\DaT-Parkinson\niftis\xva1nkbt.nii.gz,c:\Users\myben\OneDrive\Documents\GitHub\DaT-Parkinson\preproc_cache\xva1nkbt_f84f2b8d5a9e.npy,f84f2b8d5a9e,"{""centroid_threshold_pct"": 0.4, ""crop_size"": 64, ""intensity_p_high"": 99, ""intensity_p_low"": 1, ""target_spacing_mm"": 2.9}",1785260377.4184983,cached,,0.0,1.0,0.2678568363189697,0.2469257265329361,0.7392845153808594,True,high_intensity_touches_boundary:y
fshb0oqv,c:\Users\myben\OneDrive\Documents\GitHub\DaT-Parkinson\niftis\fshb0oqv.nii.gz,c:\Users\myben\OneDrive\Documents\GitHub\DaT-Parkinson\preproc_cache\fshb0oqv_f84f2b8d5a9e.npy,f84f2b8d5a9e,"{""centroid_threshold_pct"": 0.4, ""crop_size"": 64, ""intensity_p_high"": 99, ""intensity_p_low"": 1, ""target_spacing_mm"": 2.9}",1785260367.8625114,cached,,0.0,1.0,0.3025144040584564,0.26289212703704834,0.8191795349121094,True,high_intensity_touches_boundary:y
shkoecub,c:\Users\myben\OneDrive\Documents\GitHub\DaT-Parkinson\niftis\shkoecub.nii.gz,c:\Users\myben\OneDrive\Documents\GitHub\DaT-Parkinson\preproc_cache\shkoecub_f84f2b8d5a9e.npy,f84f2b8d5a9e,"{""centroid_threshold_pct"": 0.4, ""crop_size"": 64, ""intensity_p_high"": 99, ""intensity_p_low"": 1, ""target_spacing_mm"": 2.9}",1785260374.5344384,cached,,0.0,1.0,0.2640242278575897,0.2866515815258026,0.7244758605957031,True,high_intensity_touches_boundary:y
ods1eeur,c:\Users\myben\OneDrive\Documents\GitHub\DaT-Parkinson\niftis\ods1eeur.nii.gz,c:\Users\myben\OneDrive\Documents\GitHub\DaT-Parkinson\preproc_cache\ods1eeur_f84f2b8d5a9e.npy,f84f2b8d5a9e,"{""centroid_threshold_pct"": 0.4, ""crop_size"": 64, ""intensity_p_high"": 99, ""intensity_p_low"": 1, ""target_spacing_mm"": 2.9}",1785260372.261364,cached,,0.0,1.0,0.26840317249298096,0.262663871049881,0.7501029968261719,True,high_intensity_touches_boundary:y
xhw0ic1l,c:\Users\myben\OneDrive\Documents\GitHub\DaT-Parkinson\niftis\xhw0ic1l.nii.gz,c:\Users\myben\OneDrive\Documents\GitHub\DaT-Parkinson\preproc_cache\xhw0ic1l_f84f2b8d5a9e.npy,f84f2b8d5a9e,"{""centroid_threshold_pct"": 0.4, ""crop_size"": 64, ""intensity_p_high"": 99, ""intensity_p_low"": 1, ""target_spacing_mm"": 2.9}",1785260377.0742943,cached,,0.0,1.0,0.29532089829444885,0.2567991316318512,0.8420906066894531,True,"high_intensity_touches_boundary:y,z"
7dypmlva,c:\Users\myben\OneDrive\Documents\GitHub\DaT-Parkinson\niftis\7dypmlva.nii.gz,c:\Users\myben\OneDrive\Documents\GitHub\DaT-Parkinson\preproc_cache\7dypmlva_f84f2b8d5a9e.npy,f84f2b8d5a9e,"{""centroid_threshold_pct"": 0.4, ""crop_size"": 64, ""intensity_p_high"": 99, ""intensity_p_low"": 1, ""target_spacing_mm"": 2.9}",1785260363.245171,cached,,0.0,1.0,0.31944534182548523,0.274693101644516,0.8192100524902344,True,"high_intensity_touches_boundary:y,z"
k9w9pfb3,c:\Users\myben\OneDrive\Documents\GitHub\DaT-Parkinson\niftis\k9w9pfb3.nii.gz,c:\Users\myben\OneDrive\Documents\GitHub\DaT-Parkinson\preproc_cache\k9w9pfb3_f84f2b8d5a9e.npy,f84f2b8d5a9e,"{""centroid_threshold_pct"": 0.4, ""crop_size"": 64, ""intensity_p_high"": 99, ""intensity_p_low"": 1, ""target_spacing_mm"": 2.9}",1785260370.1671562,cached,,0.0,1.0,0.19200879335403442,0.26281240582466125,0.48407745361328125,True,high_intensity_touches_boundary:y
hn14eb87,c:\Users\myben\OneDrive\Documents\GitHub\DaT-Parkinson\niftis\hn14eb87.nii.gz,c:\Users\myben\OneDrive\Documents\GitHub\DaT-Parkinson\preproc_cache\hn14eb87_f84f2b8d5a9e.npy,f84f2b8d5a9e,"{""centroid_threshold_pct"": 0.4, ""crop_size"": 64, ""intensity_p_high"": 99, ""intensity_p_low"": 1, ""target_spacing_mm"": 2.9}",1785260368.749639,cached,,0.0,1.0,0.35585328936576843,0.2365933358669281,0.9131317138671875,True,"high_intensity_touches_boundary:y,z"
53ayeqah,c:\Users\myben\OneDrive\Documents\GitHub\DaT-Parkinson\niftis\53ayeqah.nii.gz,c:\Users\myben\OneDrive\Documents\GitHub\DaT-Parkinson\preproc_cache\53ayeqah_f84f2b8d5a9e.npy,f84f2b8d5a9e,"{""centroid_threshold_pct"": 0.4, ""crop_size"": 64, ""intensity_p_high"": 99, ""intensity_p_low"": 1, ""target_spacing_mm"": 2.9}",1785260362.1219404,cached,,0.0,1.0,0.270677387714386,0.24863538146018982,0.7228431701660156,True,high_intensity_touches_boundary:y
thsjr0fz,c:\Users\myben\OneDrive\Documents\GitHub\DaT-Parkinson\niftis\thsjr0fz.nii.gz,c:\Users\myben\OneDrive\Documents\GitHub\DaT-Parkinson\preproc_cache\thsjr0fz_f84f2b8d5a9e.npy,f84f2b8d5a9e,"{""centroid_threshold_pct"": 0.4, ""crop_size"": 64, ""intensity_p_high"": 99, ""intensity_p_low"": 1, ""target_spacing_mm"": 2.9}",1785260375.0056381,cached,,0.0,1.0,0.2797424793243408,0.28147414326667786,0.6814498901367188,True,high_intensity_touches_boundary:y
auxbgk2w,c:\Users\myben\OneDrive\Documents\GitHub\DaT-Parkinson\niftis\auxbgk2w.nii.gz,c:\Users\myben\OneDrive\Documents\GitHub\DaT-Parkinson\preproc_cache\auxbgk2w_f84f2b8d5a9e.npy,f84f2b8d5a9e,"{""centroid_threshold_pct"": 0.4, ""crop_size"": 64, ""intensity_p_high"": 99, ""intensity_p_low"": 1, ""target_spacing_mm"": 2.9}",1785260364.8209183,cached,,0.0,1.0,0.28059226274490356,0.25648921728134155,0.7337875366210938,True,high_intensity_touches_boundary:y
bxanj4x5,c:\Users\myben\OneDrive\Documents\GitHub\DaT-Parkinson\niftis\bxanj4x5.nii.gz,c:\Users\myben\OneDrive\Documents\GitHub\DaT-Parkinson\preproc_cache\bxanj4x5_f84f2b8d5a9e.npy,f84f2b8d5a9e,"{""centroid_threshold_pct"": 0.4, ""crop_size"": 64, ""intensity_p_high"": 99, ""intensity_p_low"": 1, ""target_spacing_mm"": 2.9}",1785260365.3771677,cached,,0.0,1.0,0.2716448903083801,0.2593017518520355,0.69573974609375,True,"high_intensity_touches_boundary:y,z"
a5xin9dl,c:\Users\myben\OneDrive\Documents\GitHub\DaT-Parkinson\niftis\a5xin9dl.nii.gz,c:\Users\myben\OneDrive\Documents\GitHub\DaT-Parkinson\preproc_cache\a5xin9dl_f84f2b8d5a9e.npy,f84f2b8d5a9e,"{""centroid_threshold_pct"": 0.4, ""crop_size"": 64, ""intensity_p_high"": 99, ""intensity_p_low"": 1, ""target_spacing_mm"": 2.9}",1785260364.5646877,cached,,0.0,1.0,0.23735898733139038,0.2898631989955902,0.5347557067871094,True,high_intensity_touches_boundary:y
5tgsq7ai,c:\Users\myben\OneDrive\Documents\GitHub\DaT-Parkinson\niftis\5tgsq7ai.nii.gz,c:\Users\myben\OneDrive\Documents\GitHub\DaT-Parkinson\preproc_cache\5tgsq7ai_f84f2b8d5a9e.npy,f84f2b8d5a9e,"{""centroid_threshold_pct"": 0.4, ""crop_size"": 64, ""intensity_p_high"": 99, ""intensity_p_low"": 1, ""target_spacing_mm"": 2.9}",1785260362.4785974,cached,,0.0,1.0,0.285739004611969,0.2640623152256012,0.8369560241699219,True,
tmofmmwi,c:\Users\myben\OneDrive\Documents\GitHub\DaT-Parkinson\niftis\tmofmmwi.nii.gz,c:\Users\myben\OneDrive\Documents\GitHub\DaT-Parkinson\preproc_cache\tmofmmwi_f84f2b8d5a9e.npy,f84f2b8d5a9e,"{""centroid_threshold_pct"": 0.4, ""crop_size"": 64, ""intensity_p_high"": 99, ""intensity_p_low"": 1, ""target_spacing_mm"": 2.9}",1785260375.0674078,cached,,0.0,1.0,0.2429763376712799,0.2168288379907608,0.8738288879394531,True,high_intensity_touches_boundary:y
9s3w563b,c:\Users\myben\OneDrive\Documents\GitHub\DaT-Parkinson\niftis\9s3w563b.nii.gz,c:\Users\myben\OneDrive\Documents\GitHub\DaT-Parkinson\preproc_cache\9s3w563b_f84f2b8d5a9e.npy,f84f2b8d5a9e,"{""centroid_threshold_pct"": 0.4, ""crop_size"": 64, ""intensity_p_high"": 99, ""intensity_p_low"": 1, ""target_spacing_mm"": 2.9}",1785260364.4206817,cached,,0.0,1.0,0.2911176383495331,0.28169092535972595,0.7327232360839844,True,"high_intensity_touches_boundary:x,y"
tkf6xdn8,c:\Users\myben\OneDrive\Documents\GitHub\DaT-Parkinson\niftis\tkf6xdn8.nii.gz,c:\Users\myben\OneDrive\Documents\GitHub\DaT-Parkinson\preproc_cache\tkf6xdn8_f84f2b8d5a9e.npy,f84f2b8d5a9e,"{""centroid_threshold_pct"": 0.4, ""crop_size"": 64, ""intensity_p_high"": 99, ""intensity_p_low"": 1, ""target_spacing_mm"": 2.9}",1785260375.0358799,cached,,0.0,1.0,0.2955303192138672,0.25776243209838867,0.8016853332519531,True,high_intensity_touches_boundary:y
wwiif86l,c:\Users\myben\OneDrive\Documents\GitHub\DaT-Parkinson\niftis\wwiif86l.nii.gz,c:\Users\myben\OneDrive\Documents\GitHub\DaT-Parkinson\preproc_cache\wwiif86l_f84f2b8d5a9e.npy,f84f2b8d5a9e,"{""centroid_threshold_pct"": 0.4, ""crop_size"": 64, ""intensity_p_high"": 99, ""intensity_p_low"": 1, ""target_spacing_mm"": 2.9}",1785260376.8404143,cached,,0.0,1.0,0.31678128242492676,0.29170069098472595,0.684783935546875,True,"high_intensity_touches_boundary:x,y"
thet25lz,c:\Users\myben\OneDrive\Documents\GitHub\DaT-Parkinson\niftis\thet25lz.nii.gz,c:\Users\myben\OneDrive\Documents\GitHub\DaT-Parkinson\preproc_cache\thet25lz_f84f2b8d5a9e.npy,f84f2b8d5a9e,"{""centroid_threshold_pct"": 0.4, ""crop_size"": 64, ""intensity_p_high"": 99, ""intensity_p_low"": 1, ""target_spacing_mm"": 2.9}",1785260374.9940705,cached,,0.0,1.0,0.25527918338775635,0.24743251502513885,0.7094078063964844,True,high_intensity_touches_boundary:y
se99f77l,c:\Users\myben\OneDrive\Documents\GitHub\DaT-Parkinson\niftis\se99f77l.nii.gz,c:\Users\myben\OneDrive\Documents\GitHub\DaT-Parkinson\preproc_cache\se99f77l_f84f2b8d5a9e.npy,f84f2b8d5a9e,"{""centroid_threshold_pct"": 0.4, ""crop_size"": 64, ""intensity_p_high"": 99, ""intensity_p_low"": 1, ""target_spacing_mm"": 2.9}",1785260374.471975,cached,,0.0,1.0,0.22275635600090027,0.2682318687438965,0.5558357238769531,True,high_intensity_touches_boundary:y
u8el5015,c:\Users\myben\OneDrive\Documents\GitHub\DaT-Parkinson\niftis\u8el5015.nii.gz,c:\Users\myben\OneDrive\Documents\GitHub\DaT-Parkinson\preproc_cache\u8el5015_f84f2b8d5a9e.npy,f84f2b8d5a9e,"{""centroid_threshold_pct"": 0.4, ""crop_size"": 64, ""intensity_p_high"": 99, ""intensity_p_low"": 1, ""target_spacing_mm"": 2.9}",1785260375.3542943,cached,,0.0,1.0,0.29137277603149414,0.27051088213920593,0.7856025695800781,True,high_intensity_touches_boundary:y
oop767j2,c:\Users\myben\OneDrive\Documents\GitHub\DaT-Parkinson\niftis\oop767j2.nii.gz,c:\Users\myben\OneDrive\Documents\GitHub\DaT-Parkinson\preproc_cache\oop767j2_f84f2b8d5a9e.npy,f84f2b8d5a9e,"{""centroid_threshold_pct"": 0.4, ""crop_size"": 64, ""intensity_p_high"": 99, ""intensity_p_low"": 1, ""target_spacing_mm"": 2.9}",1785260372.4969628,cached,,0.0,1.0,0.30380502343177795,0.2780943512916565,0.7600555419921875,True,high_intensity_touches_boundary:y
dg1wjuii,c:\Users\myben\OneDrive\Documents\GitHub\DaT-Parkinson\niftis\dg1wjuii.nii.gz,c:\Users\myben\OneDrive\Documents\GitHub\DaT-Parkinson\preproc_cache\dg1wjuii_f84f2b8d5a9e.npy,f84f2b8d5a9e,"{""centroid_threshold_pct"": 0.4, ""crop_size"": 64, ""intensity_p_high"": 99, ""intensity_p_low"": 1, ""target_spacing_mm"": 2.9}",1785260366.3612268,cached,,0.0,1.0,0.25348904728889465,0.24736912548542023,0.7262115478515625,True,high_intensity_touches_boundary:y
ymyrsvzn,c:\Users\myben\OneDrive\Documents\GitHub\DaT-Parkinson\niftis\ymyrsvzn.nii.gz,c:\Users\myben\OneDrive\Documents\GitHub\DaT-Parkinson\preproc_cache\ymyrsvzn_f84f2b8d5a9e.npy,f84f2b8d5a9e,"{""centroid_threshold_pct"": 0.4, ""crop_size"": 64, ""intensity_p_high"": 99, ""intensity_p_low"": 1, ""target_spacing_mm"": 2.9}",1785260377.8415663,cached,,0.0,1.0,0.28279978036880493,0.22323882579803467,0.8398704528808594,True,high_intensity_touches_boundary:y
4regb1aj,c:\Users\myben\OneDrive\Documents\GitHub\DaT-Parkinson\niftis\4regb1aj.nii.gz,c:\Users\myben\OneDrive\Documents\GitHub\DaT-Parkinson\preproc_cache\4regb1aj_f84f2b8d5a9e.npy,f84f2b8d5a9e,"{""centroid_threshold_pct"": 0.4, ""crop_size"": 64, ""intensity_p_high"": 99, ""intensity_p_low"": 1, ""target_spacing_mm"": 2.9}",1785260361.9324644,cached,,0.0,1.0,0.2840338349342346,0.23742328584194183,0.7790794372558594,True,"high_intensity_touches_boundary:y,z"
o091c795,c:\Users\myben\OneDrive\Documents\GitHub\DaT-Parkinson\niftis\o091c795.nii.gz,c:\Users\myben\OneDrive\Documents\GitHub\DaT-Parkinson\preproc_cache\o091c795_f84f2b8d5a9e.npy,f84f2b8d5a9e,"{""centroid_threshold_pct"": 0.4, ""crop_size"": 64, ""intensity_p_high"": 99, ""intensity_p_low"": 1, ""target_spacing_mm"": 2.9}",1785260372.058122,cached,,0.0,1.0,0.3134762644767761,0.29836657643318176,0.7651634216308594,True,high_intensity_touches_boundary:y
rlqiob0n,c:\Users\myben\OneDrive\Documents\GitHub\DaT-Parkinson\niftis\rlqiob0n.nii.gz,c:\Users\myben\OneDrive\Documents\GitHub\DaT-Parkinson\preproc_cache\rlqiob0n_f84f2b8d5a9e.npy,f84f2b8d5a9e,"{""centroid_threshold_pct"": 0.4, ""crop_size"": 64, ""intensity_p_high"": 99, ""intensity_p_low"": 1, ""target_spacing_mm"": 2.9}",1785260373.9748552,cached,,0.0,1.0,0.2980097532272339,0.28362125158309937,0.7089042663574219,True,high_intensity_touches_boundary:y
lw0vs52s,c:\Users\myben\OneDrive\Documents\GitHub\DaT-Parkinson\niftis\lw0vs52s.nii.gz,c:\Users\myben\OneDrive\Documents\GitHub\DaT-Parkinson\preproc_cache\lw0vs52s_f84f2b8d5a9e.npy,f84f2b8d5a9e,"{""centroid_threshold_pct"": 0.4, ""crop_size"": 64, ""intensity_p_high"": 99, ""intensity_p_low"": 1, ""target_spacing_mm"": 2.9}",1785260370.935715,cached,,0.0,1.0,0.2589792013168335,0.21961140632629395,0.7633857727050781,True,"high_intensity_touches_boundary:x,y"
q3b9so0u,c:\Users\myben\OneDrive\Documents\GitHub\DaT-Parkinson\niftis\q3b9so0u.nii.gz,c:\Users\myben\OneDrive\Documents\GitHub\DaT-Parkinson\preproc_cache\q3b9so0u_f84f2b8d5a9e.npy,f84f2b8d5a9e,"{""centroid_threshold_pct"": 0.4, ""crop_size"": 64, ""intensity_p_high"": 99, ""intensity_p_low"": 1, ""target_spacing_mm"": 2.9}",1785260373.1806886,cached,,0.0,1.0,0.2330893874168396,0.2828744649887085,0.5755157470703125,True,high_intensity_touches_boundary:y
swbkok3q,c:\Users\myben\OneDrive\Documents\GitHub\DaT-Parkinson\niftis\swbkok3q.nii.gz,c:\Users\myben\OneDrive\Documents\GitHub\DaT-Parkinson\preproc_cache\swbkok3q_f84f2b8d5a9e.npy,f84f2b8d5a9e,"{""centroid_threshold_pct"": 0.4, ""crop_size"": 64, ""intensity_p_high"": 99, ""intensity_p_low"": 1, ""target_spacing_mm"": 2.9}",1785260374.6994917,cached,,0.0,1.0,0.28431227803230286,0.24540552496910095,0.8507766723632812,True,"high_intensity_touches_boundary:y,z"
pwbsf3q0,c:\Users\myben\OneDrive\Documents\GitHub\DaT-Parkinson\niftis\pwbsf3q0.nii.gz,c:\Users\myben\OneDrive\Documents\GitHub\DaT-Parkinson\preproc_cache\pwbsf3q0_f84f2b8d5a9e.npy,f84f2b8d5a9e,"{""centroid_threshold_pct"": 0.4, ""crop_size"": 64, ""intensity_p_high"": 99, ""intensity_p_low"": 1, ""target_spacing_mm"": 2.9}",1785260373.1454577,cached,,0.0,1.0,0.3161211907863617,0.28243690729141235,0.7462272644042969,True,high_intensity_touches_boundary:y
e27zeoqg,c:\Users\myben\OneDrive\Documents\GitHub\DaT-Parkinson\niftis\e27zeoqg.nii.gz,c:\Users\myben\OneDrive\Documents\GitHub\DaT-Parkinson\preproc_cache\e27zeoqg_f84f2b8d5a9e.npy,f84f2b8d5a9e,"{""centroid_threshold_pct"": 0.4, ""crop_size"": 64, ""intensity_p_high"": 99, ""intensity_p_low"": 1, ""target_spacing_mm"": 2.9}",1785260366.6854599,cached,,0.0,1.0,0.3239973783493042,0.29579997062683105,0.6812820434570312,True,"high_intensity_touches_boundary:x,y"
vzhqjy62,c:\Users\myben\OneDrive\Documents\GitHub\DaT-Parkinson\niftis\vzhqjy62.nii.gz,c:\Users\myben\OneDrive\Documents\GitHub\DaT-Parkinson\preproc_cache\vzhqjy62_f84f2b8d5a9e.npy,f84f2b8d5a9e,"{""centroid_threshold_pct"": 0.4, ""crop_size"": 64, ""intensity_p_high"": 99, ""intensity_p_low"": 1, ""target_spacing_mm"": 2.9}",1785260376.397652,cached,,0.0,1.0,0.24692441523075104,0.2853509783744812,0.554901123046875,True,high_intensity_touches_boundary:y
zeeqnsn2,c:\Users\myben\OneDrive\Documents\GitHub\DaT-Parkinson\niftis\zeeqnsn2.nii.gz,c:\Users\myben\OneDrive\Documents\GitHub\DaT-Parkinson\preproc_cache\zeeqnsn2_f84f2b8d5a9e.npy,f84f2b8d5a9e,"{""centroid_threshold_pct"": 0.4, ""crop_size"": 64, ""intensity_p_high"": 99, ""intensity_p_low"": 1, ""target_spacing_mm"": 2.9}",1785260378.212268,cached,,0.0,1.0,0.27037301659584045,0.27836307883262634,0.7667694091796875,True,high_intensity_touches_boundary:y
s8nn16ux,c:\Users\myben\OneDrive\Documents\GitHub\DaT-Parkinson\niftis\s8nn16ux.nii.gz,c:\Users\myben\OneDrive\Documents\GitHub\DaT-Parkinson\preproc_cache\s8nn16ux_f84f2b8d5a9e.npy,f84f2b8d5a9e,"{""centroid_threshold_pct"": 0.4, ""crop_size"": 64, ""intensity_p_high"": 99, ""intensity_p_low"": 1, ""target_spacing_mm"": 2.9}",1785260374.4115205,cached,,0.0,1.0,0.24579836428165436,0.23165246844291687,0.7806663513183594,True,"high_intensity_touches_boundary:y,z"
f5gzpl1q,c:\Users\myben\OneDrive\Documents\GitHub\DaT-Parkinson\niftis\f5gzpl1q.nii.gz,c:\Users\myben\OneDrive\Documents\GitHub\DaT-Parkinson\preproc_cache\f5gzpl1q_f84f2b8d5a9e.npy,f84f2b8d5a9e,"{""centroid_threshold_pct"": 0.4, ""crop_size"": 64, ""intensity_p_high"": 99, ""intensity_p_low"": 1, ""target_spacing_mm"": 2.9}",1785260367.502867,cached,,0.0,1.0,0.2242002934217453,0.18909713625907898,0.8211212158203125,True,high_intensity_touches_boundary:y
weehwjq4,c:\Users\myben\OneDrive\Documents\GitHub\DaT-Parkinson\niftis\weehwjq4.nii.gz,c:\Users\myben\OneDrive\Documents\GitHub\DaT-Parkinson\preproc_cache\weehwjq4_f84f2b8d5a9e.npy,f84f2b8d5a9e,"{""centroid_threshold_pct"": 0.4, ""crop_size"": 64, ""intensity_p_high"": 99, ""intensity_p_low"": 1, ""target_spacing_mm"": 2.9}",1785260376.6510715,cached,,0.0,1.0,0.2823236584663391,0.23014450073242188,0.8554496765136719,True,"high_intensity_touches_boundary:y,z"
ta5ivroc,c:\Users\myben\OneDrive\Documents\GitHub\DaT-Parkinson\niftis\ta5ivroc.nii.gz,c:\Users\myben\OneDrive\Documents\GitHub\DaT-Parkinson\preproc_cache\ta5ivroc_f84f2b8d5a9e.npy,f84f2b8d5a9e,"{""centroid_threshold_pct"": 0.4, ""crop_size"": 64, ""intensity_p_high"": 99, ""intensity_p_low"": 1, ""target_spacing_mm"": 2.9}",1785260374.9524965,cached,,0.0,1.0,0.2844073474407196,0.24194909632205963,0.7290725708007812,True,"high_intensity_touches_boundary:x,y"
vitwu3bf,c:\Users\myben\OneDrive\Documents\GitHub\DaT-Parkinson\niftis\vitwu3bf.nii.gz,c:\Users\myben\OneDrive\Documents\GitHub\DaT-Parkinson\preproc_cache\vitwu3bf_f84f2b8d5a9e.npy,f84f2b8d5a9e,"{""centroid_threshold_pct"": 0.4, ""crop_size"": 64, ""intensity_p_high"": 99, ""intensity_p_low"": 1, ""target_spacing_mm"": 2.9}",1785260376.1930072,cached,,0.0,1.0,0.36378276348114014,0.21890774369239807,0.9391670227050781,True,"high_intensity_touches_boundary:y,z"
xb4y4k7b,c:\Users\myben\OneDrive\Documents\GitHub\DaT-Parkinson\niftis\xb4y4k7b.nii.gz,c:\Users\myben\OneDrive\Documents\GitHub\DaT-Parkinson\preproc_cache\xb4y4k7b_f84f2b8d5a9e.npy,f84f2b8d5a9e,"{""centroid_threshold_pct"": 0.4, ""crop_size"": 64, ""intensity_p_high"": 99, ""intensity_p_low"": 1, ""target_spacing_mm"": 2.9}",1785260376.9921846,cached,,0.0,1.0,0.26619958877563477,0.19068677723407745,0.9066047668457031,True,"high_intensity_touches_boundary:y,z"
pgyvyv2g,c:\Users\myben\OneDrive\Documents\GitHub\DaT-Parkinson\niftis\pgyvyv2g.nii.gz,c:\Users\myben\OneDrive\Documents\GitHub\DaT-Parkinson\preproc_cache\pgyvyv2g_f84f2b8d5a9e.npy,f84f2b8d5a9e,"{""centroid_threshold_pct"": 0.4, ""crop_size"": 64, ""intensity_p_high"": 99, ""intensity_p_low"": 1, ""target_spacing_mm"": 2.9}",1785260372.9021428,cached,,0.0,1.0,0.24463646113872528,0.2660982310771942,0.6260604858398438,True,high_intensity_touches_boundary:y
qu7dknnc,c:\Users\myben\OneDrive\Documents\GitHub\DaT-Parkinson\niftis\qu7dknnc.nii.gz,c:\Users\myben\OneDrive\Documents\GitHub\DaT-Parkinson\preproc_cache\qu7dknnc_f84f2b8d5a9e.npy,f84f2b8d5a9e,"{""centroid_threshold_pct"": 0.4, ""crop_size"": 64, ""intensity_p_high"": 99, ""intensity_p_low"": 1, ""target_spacing_mm"": 2.9}",1785260373.581699,cached,,0.0,1.0,0.2729901373386383,0.23447680473327637,0.8828010559082031,True,"high_intensity_touches_boundary:y,z"
ptkezjss,c:\Users\myben\OneDrive\Documents\GitHub\DaT-Parkinson\niftis\ptkezjss.nii.gz,c:\Users\myben\OneDrive\Documents\GitHub\DaT-Parkinson\preproc_cache\ptkezjss_f84f2b8d5a9e.npy,f84f2b8d5a9e,"{""centroid_threshold_pct"": 0.4, ""crop_size"": 64, ""intensity_p_high"": 99, ""intensity_p_low"": 1, ""target_spacing_mm"": 2.9}",1785260373.1057904,cached,,0.0,1.0,0.30968648195266724,0.22605878114700317,0.8532752990722656,True,"high_intensity_touches_boundary:y,z"
zwd0w9ry,c:\Users\myben\OneDrive\Documents\GitHub\DaT-Parkinson\niftis\zwd0w9ry.nii.gz,c:\Users\myben\OneDrive\Documents\GitHub\DaT-Parkinson\preproc_cache\zwd0w9ry_f84f2b8d5a9e.npy,f84f2b8d5a9e,"{""centroid_threshold_pct"": 0.4, ""crop_size"": 64, ""intensity_p_high"": 99, ""intensity_p_low"": 1, ""target_spacing_mm"": 2.9}",1785260378.4437747,cached,,0.0,1.0,0.26184970140457153,0.2767466902732849,0.6989974975585938,True,high_intensity_touches_boundary:y
79kvls9m,c:\Users\myben\OneDrive\Documents\GitHub\DaT-Parkinson\niftis\79kvls9m.nii.gz,c:\Users\myben\OneDrive\Documents\GitHub\DaT-Parkinson\preproc_cache\79kvls9m_f84f2b8d5a9e.npy,f84f2b8d5a9e,"{""centroid_threshold_pct"": 0.4, ""crop_size"": 64, ""intensity_p_high"": 99, ""intensity_p_low"": 1, ""target_spacing_mm"": 2.9}",1785260363.2016587,cached,,0.0,1.0,0.25060856342315674,0.2560487687587738,0.7387199401855469,True,high_intensity_touches_boundary:y
euswrgvz,c:\Users\myben\OneDrive\Documents\GitHub\DaT-Parkinson\niftis\euswrgvz.nii.gz,c:\Users\myben\OneDrive\Documents\GitHub\DaT-Parkinson\preproc_cache\euswrgvz_f84f2b8d5a9e.npy,f84f2b8d5a9e,"{""centroid_threshold_pct"": 0.4, ""crop_size"": 64, ""intensity_p_high"": 99, ""intensity_p_low"": 1, ""target_spacing_mm"": 2.9}",1785260367.3779035,cached,,0.0,1.0,0.26982682943344116,0.2182200402021408,0.8220138549804688,True,high_intensity_touches_boundary:y
9aawe429,c:\Users\myben\OneDrive\Documents\GitHub\DaT-Parkinson\niftis\9aawe429.nii.gz,c:\Users\myben\OneDrive\Documents\GitHub\DaT-Parkinson\preproc_cache\9aawe429_f84f2b8d5a9e.npy,f84f2b8d5a9e,"{""centroid_threshold_pct"": 0.4, ""crop_size"": 64, ""intensity_p_high"": 99, ""intensity_p_low"": 1, ""target_spacing_mm"": 2.9}",1785260364.149172,cached,,0.0,1.0,0.3003217577934265,0.255607545375824,0.8758125305175781,True,high_intensity_touches_boundary:z
omuwahk2,c:\Users\myben\OneDrive\Documents\GitHub\DaT-Parkinson\niftis\omuwahk2.nii.gz,c:\Users\myben\OneDrive\Documents\GitHub\DaT-Parkinson\preproc_cache\omuwahk2_f84f2b8d5a9e.npy,f84f2b8d5a9e,"{""centroid_threshold_pct"": 0.4, ""crop_size"": 64, ""intensity_p_high"": 99, ""intensity_p_low"": 1, ""target_spacing_mm"": 2.9}",1785260372.4636104,cached,,0.0,1.0,0.2882760763168335,0.26873552799224854,0.7604751586914062,True,high_intensity_touches_boundary:y
lslaym0w,c:\Users\myben\OneDrive\Documents\GitHub\DaT-Parkinson\niftis\lslaym0w.nii.gz,c:\Users\myben\OneDrive\Documents\GitHub\DaT-Parkinson\preproc_cache\lslaym0w_f84f2b8d5a9e.npy,f84f2b8d5a9e,"{""centroid_threshold_pct"": 0.4, ""crop_size"": 64, ""intensity_p_high"": 99, ""intensity_p_low"": 1, ""target_spacing_mm"": 2.9}",1785260370.8755782,cached,,0.0,1.0,0.3257679343223572,0.23739466071128845,0.9220695495605469,True,"high_intensity_touches_boundary:y,z"
bglmy62x,c:\Users\myben\OneDrive\Documents\GitHub\DaT-Parkinson\niftis\bglmy62x.nii.gz,c:\Users\myben\OneDrive\Documents\GitHub\DaT-Parkinson\preproc_cache\bglmy62x_f84f2b8d5a9e.npy,f84f2b8d5a9e,"{""centroid_threshold_pct"": 0.4, ""crop_size"": 64, ""intensity_p_high"": 99, ""intensity_p_low"": 1, ""target_spacing_mm"": 2.9}",1785260365.1460903,cached,,0.0,1.0,0.2856397032737732,0.2216135710477829,0.8284950256347656,True,"high_intensity_touches_boundary:y,z"
rw6tm2o0,c:\Users\myben\OneDrive\Documents\GitHub\DaT-Parkinson\niftis\rw6tm2o0.nii.gz,c:\Users\myben\OneDrive\Documents\GitHub\DaT-Parkinson\preproc_cache\rw6tm2o0_f84f2b8d5a9e.npy,f84f2b8d5a9e,"{""centroid_threshold_pct"": 0.4, ""crop_size"": 64, ""intensity_p_high"": 99, ""intensity_p_low"": 1, ""target_spacing_mm"": 2.9}",1785260374.1940405,cached,,0.0,1.0,0.330788254737854,0.26248300075531006,0.8218193054199219,True,high_intensity_touches_boundary:y
4k0lthy2,c:\Users\myben\OneDrive\Documents\GitHub\DaT-Parkinson\niftis\4k0lthy2.nii.gz,c:\Users\myben\OneDrive\Documents\GitHub\DaT-Parkinson\preproc_cache\4k0lthy2_f84f2b8d5a9e.npy,f84f2b8d5a9e,"{""centroid_threshold_pct"": 0.4, ""crop_size"": 64, ""intensity_p_high"": 99, ""intensity_p_low"": 1, ""target_spacing_mm"": 2.9}",1785260361.802009,cached,,0.0,1.0,0.3014668822288513,0.2073468565940857,0.8985633850097656,True,"high_intensity_touches_boundary:x,y,z"
5m8kb9w4,c:\Users\myben\OneDrive\Documents\GitHub\DaT-Parkinson\niftis\5m8kb9w4.nii.gz,c:\Users\myben\OneDrive\Documents\GitHub\DaT-Parkinson\preproc_cache\5m8kb9w4_f84f2b8d5a9e.npy,f84f2b8d5a9e,"{""centroid_threshold_pct"": 0.4, ""crop_size"": 64, ""intensity_p_high"": 99, ""intensity_p_low"": 1, ""target_spacing_mm"": 2.9}",1785260362.3979132,cached,,0.0,1.0,0.3037506937980652,0.2566429674625397,0.8000946044921875,True,"high_intensity_touches_boundary:y,z"
uov51zlb,c:\Users\myben\OneDrive\Documents\GitHub\DaT-Parkinson\niftis\uov51zlb.nii.gz,c:\Users\myben\OneDrive\Documents\GitHub\DaT-Parkinson\preproc_cache\uov51zlb_f84f2b8d5a9e.npy,f84f2b8d5a9e,"{""centroid_threshold_pct"": 0.4, ""crop_size"": 64, ""intensity_p_high"": 99, ""intensity_p_low"": 1, ""target_spacing_mm"": 2.9}",1785260375.6551962,cached,,0.0,1.0,0.3353409767150879,0.25248223543167114,0.8435325622558594,True,high_intensity_touches_boundary:y
oriq8hke,c:\Users\myben\OneDrive\Documents\GitHub\DaT-Parkinson\niftis\oriq8hke.nii.gz,c:\Users\myben\OneDrive\Documents\GitHub\DaT-Parkinson\preproc_cache\oriq8hke_f84f2b8d5a9e.npy,f84f2b8d5a9e,"{""centroid_threshold_pct"": 0.4, ""crop_size"": 64, ""intensity_p_high"": 99, ""intensity_p_low"": 1, ""target_spacing_mm"": 2.9}",1785260372.543275,cached,,0.0,1.0,0.27227160334587097,0.2377774566411972,0.8501625061035156,True,high_intensity_touches_boundary:y
226parsg,c:\Users\myben\OneDrive\Documents\GitHub\DaT-Parkinson\niftis\226parsg.nii.gz,c:\Users\myben\OneDrive\Documents\GitHub\DaT-Parkinson\preproc_cache\226parsg_f84f2b8d5a9e.npy,f84f2b8d5a9e,"{""centroid_threshold_pct"": 0.4, ""crop_size"": 64, ""intensity_p_high"": 99, ""intensity_p_low"": 1, ""target_spacing_mm"": 2.9}",1785260360.325073,cached,,0.0,1.0,0.24447192251682281,0.26290053129196167,0.6907386779785156,True,high_intensity_touches_boundary:y
70s1f537,c:\Users\myben\OneDrive\Documents\GitHub\DaT-Parkinson\niftis\70s1f537.nii.gz,c:\Users\myben\OneDrive\Documents\GitHub\DaT-Parkinson\preproc_cache\70s1f537_f84f2b8d5a9e.npy,f84f2b8d5a9e,"{""centroid_threshold_pct"": 0.4, ""crop_size"": 64, ""intensity_p_high"": 99, ""intensity_p_low"": 1, ""target_spacing_mm"": 2.9}",1785260363.0949152,cached,,0.0,1.0,0.27497971057891846,0.2584037482738495,0.8018455505371094,True,"high_intensity_touches_boundary:y,z"
ye0qzsa7,c:\Users\myben\OneDrive\Documents\GitHub\DaT-Parkinson\niftis\ye0qzsa7.nii.gz,c:\Users\myben\OneDrive\Documents\GitHub\DaT-Parkinson\preproc_cache\ye0qzsa7_f84f2b8d5a9e.npy,f84f2b8d5a9e,"{""centroid_threshold_pct"": 0.4, ""crop_size"": 64, ""intensity_p_high"": 99, ""intensity_p_low"": 1, ""target_spacing_mm"": 2.9}",1785260377.7362745,cached,,0.0,1.0,0.2723613977432251,0.2836226224899292,0.7141838073730469,True,
yvdqbsxl,c:\Users\myben\OneDrive\Documents\GitHub\DaT-Parkinson\niftis\yvdqbsxl.nii.gz,c:\Users\myben\OneDrive\Documents\GitHub\DaT-Parkinson\preproc_cache\yvdqbsxl_f84f2b8d5a9e.npy,f84f2b8d5a9e,"{""centroid_threshold_pct"": 0.4, ""crop_size"": 64, ""intensity_p_high"": 99, ""intensity_p_low"": 1, ""target_spacing_mm"": 2.9}",1785260377.9784758,cached,,0.0,1.0,0.2857581377029419,0.2095077782869339,0.900390625,True,high_intensity_touches_boundary:y
ul6lgjlp,c:\Users\myben\OneDrive\Documents\GitHub\DaT-Parkinson\niftis\ul6lgjlp.nii.gz,c:\Users\myben\OneDrive\Documents\GitHub\DaT-Parkinson\preproc_cache\ul6lgjlp_f84f2b8d5a9e.npy,f84f2b8d5a9e,"{""centroid_threshold_pct"": 0.4, ""crop_size"": 64, ""intensity_p_high"": 99, ""intensity_p_low"": 1, ""target_spacing_mm"": 2.9}",1785260375.581492,cached,,0.0,1.0,0.25446489453315735,0.24304285645484924,0.7546424865722656,True,"high_intensity_touches_boundary:y,z"
efjawshm,c:\Users\myben\OneDrive\Documents\GitHub\DaT-Parkinson\niftis\efjawshm.nii.gz,c:\Users\myben\OneDrive\Documents\GitHub\DaT-Parkinson\preproc_cache\efjawshm_f84f2b8d5a9e.npy,f84f2b8d5a9e,"{""centroid_threshold_pct"": 0.4, ""crop_size"": 64, ""intensity_p_high"": 99, ""intensity_p_low"": 1, ""target_spacing_mm"": 2.9}",1785260366.954157,cached,,0.0,1.0,0.2532825767993927,0.2658247649669647,0.8030128479003906,True,high_intensity_touches_boundary:y
lfzkicwm,c:\Users\myben\OneDrive\Documents\GitHub\DaT-Parkinson\niftis\lfzkicwm.nii.gz,c:\Users\myben\OneDrive\Documents\GitHub\DaT-Parkinson\preproc_cache\lfzkicwm_f84f2b8d5a9e.npy,f84f2b8d5a9e,"{""centroid_threshold_pct"": 0.4, ""crop_size"": 64, ""intensity_p_high"": 99, ""intensity_p_low"": 1, ""target_spacing_mm"": 2.9}",1785260370.7261105,cached,,0.0,1.0,0.2783777713775635,0.25351184606552124,0.7661323547363281,True,high_intensity_touches_boundary:y
peqydbpg,c:\Users\myben\OneDrive\Documents\GitHub\DaT-Parkinson\niftis\peqydbpg.nii.gz,c:\Users\myben\OneDrive\Documents\GitHub\DaT-Parkinson\preproc_cache\peqydbpg_f84f2b8d5a9e.npy,f84f2b8d5a9e,"{""centroid_threshold_pct"": 0.4, ""crop_size"": 64, ""intensity_p_high"": 99, ""intensity_p_low"": 1, ""target_spacing_mm"": 2.9}",1785260372.8665688,cached,,0.0,1.0,0.31033778190612793,0.2641272246837616,0.7593917846679688,True,high_intensity_touches_boundary:y
vv4zwl3z,c:\Users\myben\OneDrive\Documents\GitHub\DaT-Parkinson\niftis\vv4zwl3z.nii.gz,c:\Users\myben\OneDrive\Documents\GitHub\DaT-Parkinson\preproc_cache\vv4zwl3z_f84f2b8d5a9e.npy,f84f2b8d5a9e,"{""centroid_threshold_pct"": 0.4, ""crop_size"": 64, ""intensity_p_high"": 99, ""intensity_p_low"": 1, ""target_spacing_mm"": 2.9}",1785260376.3059561,cached,,0.0,1.0,0.27294978499412537,0.23018701374530792,0.8245735168457031,True,"high_intensity_touches_boundary:y,z"
yt91qe37,c:\Users\myben\OneDrive\Documents\GitHub\DaT-Parkinson\niftis\yt91qe37.nii.gz,c:\Users\myben\OneDrive\Documents\GitHub\DaT-Parkinson\preproc_cache\yt91qe37_f84f2b8d5a9e.npy,f84f2b8d5a9e,"{""centroid_threshold_pct"": 0.4, ""crop_size"": 64, ""intensity_p_high"": 99, ""intensity_p_low"": 1, ""target_spacing_mm"": 2.9}",1785260377.9333768,cached,,0.0,1.0,0.2653426229953766,0.21245664358139038,0.8433113098144531,True,"high_intensity_touches_boundary:y,z"
qqyzqii4,c:\Users\myben\OneDrive\Documents\GitHub\DaT-Parkinson\niftis\qqyzqii4.nii.gz,c:\Users\myben\OneDrive\Documents\GitHub\DaT-Parkinson\preproc_cache\qqyzqii4_f84f2b8d5a9e.npy,f84f2b8d5a9e,"{""centroid_threshold_pct"": 0.4, ""crop_size"": 64, ""intensity_p_high"": 99, ""intensity_p_low"": 1, ""target_spacing_mm"": 2.9}",1785260373.5526814,cached,,0.0,1.0,0.2742919325828552,0.2355172038078308,0.8329658508300781,True,high_intensity_touches_boundary:y
w6ozx25q,c:\Users\myben\OneDrive\Documents\GitHub\DaT-Parkinson\niftis\w6ozx25q.nii.gz,c:\Users\myben\OneDrive\Documents\GitHub\DaT-Parkinson\preproc_cache\w6ozx25q_f84f2b8d5a9e.npy,f84f2b8d5a9e,"{""centroid_threshold_pct"": 0.4, ""crop_size"": 64, ""intensity_p_high"": 99, ""intensity_p_low"": 1, ""target_spacing_mm"": 2.9}",1785260376.544341,cached,,0.0,1.0,0.2839493155479431,0.27857500314712524,0.6722450256347656,True,high_intensity_touches_boundary:y
brmqg1ve,c:\Users\myben\OneDrive\Documents\GitHub\DaT-Parkinson\niftis\brmqg1ve.nii.gz,c:\Users\myben\OneDrive\Documents\GitHub\DaT-Parkinson\preproc_cache\brmqg1ve_f84f2b8d5a9e.npy,f84f2b8d5a9e,"{""centroid_threshold_pct"": 0.4, ""crop_size"": 64, ""intensity_p_high"": 99, ""intensity_p_low"": 1, ""target_spacing_mm"": 2.9}",1785260365.2558658,cached,,0.0,1.0,0.27706873416900635,0.2724810540676117,0.6796913146972656,True,high_intensity_touches_boundary:y
d32lx2to,c:\Users\myben\OneDrive\Documents\GitHub\DaT-Parkinson\niftis\d32lx2to.nii.gz,c:\Users\myben\OneDrive\Documents\GitHub\DaT-Parkinson\preproc_cache\d32lx2to_f84f2b8d5a9e.npy,f84f2b8d5a9e,"{""centroid_threshold_pct"": 0.4, ""crop_size"": 64, ""intensity_p_high"": 99, ""intensity_p_low"": 1, ""target_spacing_mm"": 2.9}",1785260366.157616,cached,,0.0,1.0,0.24629303812980652,0.23461048305034637,0.84625244140625,True,high_intensity_touches_boundary:y
owt9nm3v,c:\Users\myben\OneDrive\Documents\GitHub\DaT-Parkinson\niftis\owt9nm3v.nii.gz,c:\Users\myben\OneDrive\Documents\GitHub\DaT-Parkinson\preproc_cache\owt9nm3v_f84f2b8d5a9e.npy,f84f2b8d5a9e,"{""centroid_threshold_pct"": 0.4, ""crop_size"": 64, ""intensity_p_high"": 99, ""intensity_p_low"": 1, ""target_spacing_mm"": 2.9}",1785260372.6558018,cached,,0.0,1.0,0.29643139243125916,0.2701651155948639,0.7371711730957031,True,high_intensity_touches_boundary:y
2p2tixc7,c:\Users\myben\OneDrive\Documents\GitHub\DaT-Parkinson\niftis\2p2tixc7.nii.gz,c:\Users\myben\OneDrive\Documents\GitHub\DaT-Parkinson\preproc_cache\2p2tixc7_f84f2b8d5a9e.npy,f84f2b8d5a9e,"{""centroid_threshold_pct"": 0.4, ""crop_size"": 64, ""intensity_p_high"": 99, ""intensity_p_low"": 1, ""target_spacing_mm"": 2.9}",1785260360.6580732,cached,,0.0,1.0,0.28180599212646484,0.25862935185432434,0.866485595703125,True,
urvqt3g8,c:\Users\myben\OneDrive\Documents\GitHub\DaT-Parkinson\niftis\urvqt3g8.nii.gz,c:\Users\myben\OneDrive\Documents\GitHub\DaT-Parkinson\preproc_cache\urvqt3g8_f84f2b8d5a9e.npy,f84f2b8d5a9e,"{""centroid_threshold_pct"": 0.4, ""crop_size"": 64, ""intensity_p_high"": 99, ""intensity_p_low"": 1, ""target_spacing_mm"": 2.9}",1785260375.7172785,cached,,0.0,1.0,0.29467251896858215,0.26860368251800537,0.7213516235351562,True,"high_intensity_touches_boundary:x,y"
cd31nrxd,c:\Users\myben\OneDrive\Documents\GitHub\DaT-Parkinson\niftis\cd31nrxd.nii.gz,c:\Users\myben\OneDrive\Documents\GitHub\DaT-Parkinson\preproc_cache\cd31nrxd_f84f2b8d5a9e.npy,f84f2b8d5a9e,"{""centroid_threshold_pct"": 0.4, ""crop_size"": 64, ""intensity_p_high"": 99, ""intensity_p_low"": 1, ""target_spacing_mm"": 2.9}",1785260365.6399233,cached,,0.0,1.0,0.21508364379405975,0.175154447555542,0.8255615234375,True,"high_intensity_touches_boundary:y,z"
356wafft,c:\Users\myben\OneDrive\Documents\GitHub\DaT-Parkinson\niftis\356wafft.nii.gz,c:\Users\myben\OneDrive\Documents\GitHub\DaT-Parkinson\preproc_cache\356wafft_f84f2b8d5a9e.npy,f84f2b8d5a9e,"{""centroid_threshold_pct"": 0.4, ""crop_size"": 64, ""intensity_p_high"": 99, ""intensity_p_low"": 1, ""target_spacing_mm"": 2.9}",1785260360.9339502,cached,,0.0,1.0,0.2933804392814636,0.2399197220802307,0.853057861328125,True,high_intensity_touches_boundary:y
ouhylu6k,c:\Users\myben\OneDrive\Documents\GitHub\DaT-Parkinson\niftis\ouhylu6k.nii.gz,c:\Users\myben\OneDrive\Documents\GitHub\DaT-Parkinson\preproc_cache\ouhylu6k_f84f2b8d5a9e.npy,f84f2b8d5a9e,"{""centroid_threshold_pct"": 0.4, ""crop_size"": 64, ""intensity_p_high"": 99, ""intensity_p_low"": 1, ""target_spacing_mm"": 2.9}",1785260372.6300886,cached,,0.0,1.0,0.2632670998573303,0.24622389674186707,0.750396728515625,True,"high_intensity_touches_boundary:x,y"
7p9mda9o,c:\Users\myben\OneDrive\Documents\GitHub\DaT-Parkinson\niftis\7p9mda9o.nii.gz,c:\Users\myben\OneDrive\Documents\GitHub\DaT-Parkinson\preproc_cache\7p9mda9o_f84f2b8d5a9e.npy,f84f2b8d5a9e,"{""centroid_threshold_pct"": 0.4, ""crop_size"": 64, ""intensity_p_high"": 99, ""intensity_p_low"": 1, ""target_spacing_mm"": 2.9}",1785260363.3553703,cached,,0.0,1.0,0.28974080085754395,0.2618710398674011,0.7449111938476562,True,high_intensity_touches_boundary:y
ekntbz3m,c:\Users\myben\OneDrive\Documents\GitHub\DaT-Parkinson\niftis\ekntbz3m.nii.gz,c:\Users\myben\OneDrive\Documents\GitHub\DaT-Parkinson\preproc_cache\ekntbz3m_f84f2b8d5a9e.npy,f84f2b8d5a9e,"{""centroid_threshold_pct"": 0.4, ""crop_size"": 64, ""intensity_p_high"": 99, ""intensity_p_low"": 1, ""target_spacing_mm"": 2.9}",1785260367.1678085,cached,,0.0,1.0,0.2817559838294983,0.2527458667755127,0.7930259704589844,True,high_intensity_touches_boundary:y
55izolnn,c:\Users\myben\OneDrive\Documents\GitHub\DaT-Parkinson\niftis\55izolnn.nii.gz,c:\Users\myben\OneDrive\Documents\GitHub\DaT-Parkinson\preproc_cache\55izolnn_f84f2b8d5a9e.npy,f84f2b8d5a9e,"{""centroid_threshold_pct"": 0.4, ""crop_size"": 64, ""intensity_p_high"": 99, ""intensity_p_low"": 1, ""target_spacing_mm"": 2.9}",1785260362.1675491,cached,,0.0,1.0,0.2774202525615692,0.24153117835521698,0.8750686645507812,True,"high_intensity_touches_boundary:y,z"
txrgn74f,c:\Users\myben\OneDrive\Documents\GitHub\DaT-Parkinson\niftis\txrgn74f.nii.gz,c:\Users\myben\OneDrive\Documents\GitHub\DaT-Parkinson\preproc_cache\txrgn74f_f84f2b8d5a9e.npy,f84f2b8d5a9e,"{""centroid_threshold_pct"": 0.4, ""crop_size"": 64, ""intensity_p_high"": 99, ""intensity_p_low"": 1, ""target_spacing_mm"": 2.9}",1785260375.2187328,cached,,0.0,1.0,0.3366965651512146,0.27350670099258423,0.8003501892089844,True,"high_intensity_touches_boundary:x,y"
9yecazrp,c:\Users\myben\OneDrive\Documents\GitHub\DaT-Parkinson\niftis\9yecazrp.nii.gz,c:\Users\myben\OneDrive\Documents\GitHub\DaT-Parkinson\preproc_cache\9yecazrp_f84f2b8d5a9e.npy,f84f2b8d5a9e,"{""centroid_threshold_pct"": 0.4, ""crop_size"": 64, ""intensity_p_high"": 99, ""intensity_p_low"": 1, ""target_spacing_mm"": 2.9}",1785260364.4804468,cached,,0.0,1.0,0.2721560299396515,0.21895775198936462,0.9754219055175781,True,"high_intensity_touches_boundary:y,z"
9dxoq2vp,c:\Users\myben\OneDrive\Documents\GitHub\DaT-Parkinson\niftis\9dxoq2vp.nii.gz,c:\Users\myben\OneDrive\Documents\GitHub\DaT-Parkinson\preproc_cache\9dxoq2vp_f84f2b8d5a9e.npy,f84f2b8d5a9e,"{""centroid_threshold_pct"": 0.4, ""crop_size"": 64, ""intensity_p_high"": 99, ""intensity_p_low"": 1, ""target_spacing_mm"": 2.9}",1785260364.2045143,cached,,0.0,1.0,0.27597397565841675,0.26535749435424805,0.708251953125,True,high_intensity_touches_boundary:y
gstqmgvu,c:\Users\myben\OneDrive\Documents\GitHub\DaT-Parkinson\niftis\gstqmgvu.nii.gz,c:\Users\myben\OneDrive\Documents\GitHub\DaT-Parkinson\preproc_cache\gstqmgvu_f84f2b8d5a9e.npy,f84f2b8d5a9e,"{""centroid_threshold_pct"": 0.4, ""crop_size"": 64, ""intensity_p_high"": 99, ""intensity_p_low"": 1, ""target_spacing_mm"": 2.9}",1785260368.430648,cached,,0.0,1.0,0.3360518217086792,0.25275805592536926,0.8410568237304688,True,"high_intensity_touches_boundary:y,z"
4isotn9u,c:\Users\myben\OneDrive\Documents\GitHub\DaT-Parkinson\niftis\4isotn9u.nii.gz,c:\Users\myben\OneDrive\Documents\GitHub\DaT-Parkinson\preproc_cache\4isotn9u_f84f2b8d5a9e.npy,f84f2b8d5a9e,"{""centroid_threshold_pct"": 0.4, ""crop_size"": 64, ""intensity_p_high"": 99, ""intensity_p_low"": 1, ""target_spacing_mm"": 2.9}",1785260361.7358208,cached,,0.0,1.0,0.28620076179504395,0.23437516391277313,0.7779159545898438,True,"high_intensity_touches_boundary:y,z"
zeryf099,c:\Users\myben\OneDrive\Documents\GitHub\DaT-Parkinson\niftis\zeryf099.nii.gz,c:\Users\myben\OneDrive\Documents\GitHub\DaT-Parkinson\preproc_cache\zeryf099_f84f2b8d5a9e.npy,f84f2b8d5a9e,"{""centroid_threshold_pct"": 0.4, ""crop_size"": 64, ""intensity_p_high"": 99, ""intensity_p_low"": 1, ""target_spacing_mm"": 2.9}",1785260378.236733,cached,,0.0,1.0,0.2560311555862427,0.27033016085624695,0.7073822021484375,True,high_intensity_touches_boundary:y
2qc6dr08,c:\Users\myben\OneDrive\Documents\GitHub\DaT-Parkinson\niftis\2qc6dr08.nii.gz,c:\Users\myben\OneDrive\Documents\GitHub\DaT-Parkinson\preproc_cache\2qc6dr08_f84f2b8d5a9e.npy,f84f2b8d5a9e,"{""centroid_threshold_pct"": 0.4, ""crop_size"": 64, ""intensity_p_high"": 99, ""intensity_p_low"": 1, ""target_spacing_mm"": 2.9}",1785260360.6699028,cached,,0.0,1.0,0.2784683108329773,0.2993304431438446,0.7781867980957031,True,
cw2lbm2q,c:\Users\myben\OneDrive\Documents\GitHub\DaT-Parkinson\niftis\cw2lbm2q.nii.gz,c:\Users\myben\OneDrive\Documents\GitHub\DaT-Parkinson\preproc_cache\cw2lbm2q_f84f2b8d5a9e.npy,f84f2b8d5a9e,"{""centroid_threshold_pct"": 0.4, ""crop_size"": 64, ""intensity_p_high"": 99, ""intensity_p_low"": 1, ""target_spacing_mm"": 2.9}",1785260365.8868647,cached,,0.0,1.0,0.29511117935180664,0.2348070591688156,0.8531761169433594,True,high_intensity_touches_boundary:y
sq0p82kb,c:\Users\myben\OneDrive\Documents\GitHub\DaT-Parkinson\niftis\sq0p82kb.nii.gz,c:\Users\myben\OneDrive\Documents\GitHub\DaT-Parkinson\preproc_cache\sq0p82kb_f84f2b8d5a9e.npy,f84f2b8d5a9e,"{""centroid_threshold_pct"": 0.4, ""crop_size"": 64, ""intensity_p_high"": 99, ""intensity_p_low"": 1, ""target_spacing_mm"": 2.9}",1785260374.6706605,cached,,0.0,1.0,0.26134514808654785,0.295560747385025,0.6563720703125,True,high_intensity_touches_boundary:y
700ucrgb,c:\Users\myben\OneDrive\Documents\GitHub\DaT-Parkinson\niftis\700ucrgb.nii.gz,c:\Users\myben\OneDrive\Documents\GitHub\DaT-Parkinson\preproc_cache\700ucrgb_f84f2b8d5a9e.npy,f84f2b8d5a9e,"{""centroid_threshold_pct"": 0.4, ""crop_size"": 64, ""intensity_p_high"": 99, ""intensity_p_low"": 1, ""target_spacing_mm"": 2.9}",1785260363.0629427,cached,,0.0,1.0,0.2668737471103668,0.2824116051197052,0.7271614074707031,True,high_intensity_touches_boundary:y
93wkcs4k,c:\Users\myben\OneDrive\Documents\GitHub\DaT-Parkinson\niftis\93wkcs4k.nii.gz,c:\Users\myben\OneDrive\Documents\GitHub\DaT-Parkinson\preproc_cache\93wkcs4k_f84f2b8d5a9e.npy,f84f2b8d5a9e,"{""centroid_threshold_pct"": 0.4, ""crop_size"": 64, ""intensity_p_high"": 99, ""intensity_p_low"": 1, ""target_spacing_mm"": 2.9}",1785260364.078688,cached,,0.0,1.0,0.2577926814556122,0.25981229543685913,0.6993789672851562,True,high_intensity_touches_boundary:y
ek4aegvf,c:\Users\myben\OneDrive\Documents\GitHub\DaT-Parkinson\niftis\ek4aegvf.nii.gz,c:\Users\myben\OneDrive\Documents\GitHub\DaT-Parkinson\preproc_cache\ek4aegvf_f84f2b8d5a9e.npy,f84f2b8d5a9e,"{""centroid_threshold_pct"": 0.4, ""crop_size"": 64, ""intensity_p_high"": 99, ""intensity_p_low"": 1, ""target_spacing_mm"": 2.9}",1785260367.1555173,cached,,0.0,1.0,0.2546306848526001,0.26393845677375793,0.7984123229980469,True,
q3jzr25m,c:\Users\myben\OneDrive\Documents\GitHub\DaT-Parkinson\niftis\q3jzr25m.nii.gz,c:\Users\myben\OneDrive\Documents\GitHub\DaT-Parkinson\preproc_cache\q3jzr25m_f84f2b8d5a9e.npy,f84f2b8d5a9e,"{""centroid_threshold_pct"": 0.4, ""crop_size"": 64, ""intensity_p_high"": 99, ""intensity_p_low"": 1, ""target_spacing_mm"": 2.9}",1785260373.192366,cached,,0.0,1.0,0.33436375856399536,0.25242993235588074,0.8110542297363281,True,"high_intensity_touches_boundary:x,y"
df7fr91i,c:\Users\myben\OneDrive\Documents\GitHub\DaT-Parkinson\niftis\df7fr91i.nii.gz,c:\Users\myben\OneDrive\Documents\GitHub\DaT-Parkinson\preproc_cache\df7fr91i_f84f2b8d5a9e.npy,f84f2b8d5a9e,"{""centroid_threshold_pct"": 0.4, ""crop_size"": 64, ""intensity_p_high"": 99, ""intensity_p_low"": 1, ""target_spacing_mm"": 2.9}",1785260366.3264105,cached,,0.0,1.0,0.2538931965827942,0.22967369854450226,0.7578659057617188,True,high_intensity_touches_boundary:y
pwh0mx1e,c:\Users\myben\OneDrive\Documents\GitHub\DaT-Parkinson\niftis\pwh0mx1e.nii.gz,c:\Users\myben\OneDrive\Documents\GitHub\DaT-Parkinson\preproc_cache\pwh0mx1e_f84f2b8d5a9e.npy,f84f2b8d5a9e,"{""centroid_threshold_pct"": 0.4, ""crop_size"": 64, ""intensity_p_high"": 99, ""intensity_p_low"": 1, ""target_spacing_mm"": 2.9}",1785260373.157919,cached,,0.0,1.0,0.2561980187892914,0.2691301703453064,0.6807365417480469,True,high_intensity_touches_boundary:y
gok01tnz,c:\Users\myben\OneDrive\Documents\GitHub\DaT-Parkinson\niftis\gok01tnz.nii.gz,c:\Users\myben\OneDrive\Documents\GitHub\DaT-Parkinson\preproc_cache\gok01tnz_f84f2b8d5a9e.npy,f84f2b8d5a9e,"{""centroid_threshold_pct"": 0.4, ""crop_size"": 64, ""intensity_p_high"": 99, ""intensity_p_low"": 1, ""target_spacing_mm"": 2.9}",1785260368.338884,cached,,0.0,1.0,0.2815636992454529,0.23630660772323608,0.7678146362304688,True,high_intensity_touches_boundary:y
rf5a7qy8,c:\Users\myben\OneDrive\Documents\GitHub\DaT-Parkinson\niftis\rf5a7qy8.nii.gz,c:\Users\myben\OneDrive\Documents\GitHub\DaT-Parkinson\preproc_cache\rf5a7qy8_f84f2b8d5a9e.npy,f84f2b8d5a9e,"{""centroid_threshold_pct"": 0.4, ""crop_size"": 64, ""intensity_p_high"": 99, ""intensity_p_low"": 1, ""target_spacing_mm"": 2.9}",1785260373.9233367,cached,,0.0,1.0,0.30142873525619507,0.2589855492115021,0.8055839538574219,True,high_intensity_touches_boundary:y
yb7w8p74,c:\Users\myben\OneDrive\Documents\GitHub\DaT-Parkinson\niftis\yb7w8p74.nii.gz,c:\Users\myben\OneDrive\Documents\GitHub\DaT-Parkinson\preproc_cache\yb7w8p74_f84f2b8d5a9e.npy,f84f2b8d5a9e,"{""centroid_threshold_pct"": 0.4, ""crop_size"": 64, ""intensity_p_high"": 99, ""intensity_p_low"": 1, ""target_spacing_mm"": 2.9}",1785260377.6531942,cached,,0.0,1.0,0.28544747829437256,0.28169605135917664,0.7026023864746094,True,high_intensity_touches_boundary:y
mjdxo100,c:\Users\myben\OneDrive\Documents\GitHub\DaT-Parkinson\niftis\mjdxo100.nii.gz,c:\Users\myben\OneDrive\Documents\GitHub\DaT-Parkinson\preproc_cache\mjdxo100_f84f2b8d5a9e.npy,f84f2b8d5a9e,"{""centroid_threshold_pct"": 0.4, ""crop_size"": 64, ""intensity_p_high"": 99, ""intensity_p_low"": 1, ""target_spacing_mm"": 2.9}",1785260371.1747482,cached,,0.0,1.0,0.31270402669906616,0.22191224992275238,0.8800010681152344,True,high_intensity_touches_boundary:y
vhmygty3,c:\Users\myben\OneDrive\Documents\GitHub\DaT-Parkinson\niftis\vhmygty3.nii.gz,c:\Users\myben\OneDrive\Documents\GitHub\DaT-Parkinson\preproc_cache\vhmygty3_f84f2b8d5a9e.npy,f84f2b8d5a9e,"{""centroid_threshold_pct"": 0.4, ""crop_size"": 64, ""intensity_p_high"": 99, ""intensity_p_low"": 1, ""target_spacing_mm"": 2.9}",1785260376.1664312,cached,,0.0,1.0,0.310105562210083,0.2698250710964203,0.8725509643554688,True,"high_intensity_touches_boundary:y,z"
addqhkga,c:\Users\myben\OneDrive\Documents\GitHub\DaT-Parkinson\niftis\addqhkga.nii.gz,c:\Users\myben\OneDrive\Documents\GitHub\DaT-Parkinson\preproc_cache\addqhkga_f84f2b8d5a9e.npy,f84f2b8d5a9e,"{""centroid_threshold_pct"": 0.4, ""crop_size"": 64, ""intensity_p_high"": 99, ""intensity_p_low"": 1, ""target_spacing_mm"": 2.9}",1785260364.64529,cached,,0.0,1.0,0.31155404448509216,0.2982494533061981,0.6941299438476562,True,high_intensity_touches_boundary:y
d7x48wze,c:\Users\myben\OneDrive\Documents\GitHub\DaT-Parkinson\niftis\d7x48wze.nii.gz,c:\Users\myben\OneDrive\Documents\GitHub\DaT-Parkinson\preproc_cache\d7x48wze_f84f2b8d5a9e.npy,f84f2b8d5a9e,"{""centroid_threshold_pct"": 0.4, ""crop_size"": 64, ""intensity_p_high"": 99, ""intensity_p_low"": 1, ""target_spacing_mm"": 2.9}",1785260366.2130418,cached,,0.0,1.0,0.23223258554935455,0.2319049835205078,0.7008819580078125,True,high_intensity_touches_boundary:y
4ex6u86z,c:\Users\myben\OneDrive\Documents\GitHub\DaT-Parkinson\niftis\4ex6u86z.nii.gz,c:\Users\myben\OneDrive\Documents\GitHub\DaT-Parkinson\preproc_cache\4ex6u86z_f84f2b8d5a9e.npy,f84f2b8d5a9e,"{""centroid_threshold_pct"": 0.4, ""crop_size"": 64, ""intensity_p_high"": 99, ""intensity_p_low"": 1, ""target_spacing_mm"": 2.9}",1785260361.6951964,cached,,0.0,1.0,0.2718215882778168,0.21757899224758148,0.8364524841308594,True,"high_intensity_touches_boundary:y,z"
jq7w7jp6,c:\Users\myben\OneDrive\Documents\GitHub\DaT-Parkinson\niftis\jq7w7jp6.nii.gz,c:\Users\myben\OneDrive\Documents\GitHub\DaT-Parkinson\preproc_cache\jq7w7jp6_f84f2b8d5a9e.npy,f84f2b8d5a9e,"{""centroid_threshold_pct"": 0.4, ""crop_size"": 64, ""intensity_p_high"": 99, ""intensity_p_low"": 1, ""target_spacing_mm"": 2.9}",1785260369.8055787,cached,,0.0,1.0,0.2247912883758545,0.21114999055862427,0.7136001586914062,True,"high_intensity_touches_boundary:x,y,z"
1lfc1nlc,c:\Users\myben\OneDrive\Documents\GitHub\DaT-Parkinson\niftis\1lfc1nlc.nii.gz,c:\Users\myben\OneDrive\Documents\GitHub\DaT-Parkinson\preproc_cache\1lfc1nlc_f84f2b8d5a9e.npy,f84f2b8d5a9e,"{""centroid_threshold_pct"": 0.4, ""crop_size"": 64, ""intensity_p_high"": 99, ""intensity_p_low"": 1, ""target_spacing_mm"": 2.9}",1785260360.1060116,cached,,0.0,1.0,0.3023187518119812,0.2427675426006317,0.8505935668945312,True,high_intensity_touches_boundary:y
8jpr7vgr,c:\Users\myben\OneDrive\Documents\GitHub\DaT-Parkinson\niftis\8jpr7vgr.nii.gz,c:\Users\myben\OneDrive\Documents\GitHub\DaT-Parkinson\preproc_cache\8jpr7vgr_f84f2b8d5a9e.npy,f84f2b8d5a9e,"{""centroid_threshold_pct"": 0.4, ""crop_size"": 64, ""intensity_p_high"": 99, ""intensity_p_low"": 1, ""target_spacing_mm"": 2.9}",1785260363.8141174,cached,,0.0,1.0,0.2823445200920105,0.3052680492401123,0.5960922241210938,True,high_intensity_touches_boundary:y
f1hx6zdc,c:\Users\myben\OneDrive\Documents\GitHub\DaT-Parkinson\niftis\f1hx6zdc.nii.gz,c:\Users\myben\OneDrive\Documents\GitHub\DaT-Parkinson\preproc_cache\f1hx6zdc_f84f2b8d5a9e.npy,f84f2b8d5a9e,"{""centroid_threshold_pct"": 0.4, ""crop_size"": 64, ""intensity_p_high"": 99, ""intensity_p_low"": 1, ""target_spacing_mm"": 2.9}",1785260367.4513264,cached,,0.0,1.0,0.2888602018356323,0.2553175687789917,0.8412055969238281,True,"high_intensity_touches_boundary:y,z"
ujq6fx7x,c:\Users\myben\OneDrive\Documents\GitHub\DaT-Parkinson\niftis\ujq6fx7x.nii.gz,c:\Users\myben\OneDrive\Documents\GitHub\DaT-Parkinson\preproc_cache\ujq6fx7x_f84f2b8d5a9e.npy,f84f2b8d5a9e,"{""centroid_threshold_pct"": 0.4, ""crop_size"": 64, ""intensity_p_high"": 99, ""intensity_p_low"": 1, ""target_spacing_mm"": 2.9}",1785260375.5478742,cached,,0.0,1.0,0.29911720752716064,0.28877609968185425,0.79931640625,True,high_intensity_touches_boundary:y
jz6us7rp,c:\Users\myben\OneDrive\Documents\GitHub\DaT-Parkinson\niftis\jz6us7rp.nii.gz,c:\Users\myben\OneDrive\Documents\GitHub\DaT-Parkinson\preproc_cache\jz6us7rp_f84f2b8d5a9e.npy,f84f2b8d5a9e,"{""centroid_threshold_pct"": 0.4, ""crop_size"": 64, ""intensity_p_high"": 99, ""intensity_p_low"": 1, ""target_spacing_mm"": 2.9}",1785260369.9164102,cached,,0.0,1.0,0.2686772346496582,0.20298512279987335,0.8069534301757812,True,"high_intensity_touches_boundary:x,y,z"
422ta83r,c:\Users\myben\OneDrive\Documents\GitHub\DaT-Parkinson\niftis\422ta83r.nii.gz,c:\Users\myben\OneDrive\Documents\GitHub\DaT-Parkinson\preproc_cache\422ta83r_f84f2b8d5a9e.npy,f84f2b8d5a9e,"{""centroid_threshold_pct"": 0.4, ""crop_size"": 64, ""intensity_p_high"": 99, ""intensity_p_low"": 1, ""target_spacing_mm"": 2.9}",1785260361.4607244,cached,,0.0,1.0,0.2565056085586548,0.27357217669487,0.7044143676757812,True,high_intensity_touches_boundary:y
t8cq1xgb,c:\Users\myben\OneDrive\Documents\GitHub\DaT-Parkinson\niftis\t8cq1xgb.nii.gz,c:\Users\myben\OneDrive\Documents\GitHub\DaT-Parkinson\preproc_cache\t8cq1xgb_f84f2b8d5a9e.npy,f84f2b8d5a9e,"{""centroid_threshold_pct"": 0.4, ""crop_size"": 64, ""intensity_p_high"": 99, ""intensity_p_low"": 1, ""target_spacing_mm"": 2.9}",1785260374.8811467,cached,,0.0,1.0,0.2070559710264206,0.2572798430919647,0.746246337890625,True,high_intensity_touches_boundary:y
ngz6wmdw,c:\Users\myben\OneDrive\Documents\GitHub\DaT-Parkinson\niftis\ngz6wmdw.nii.gz,c:\Users\myben\OneDrive\Documents\GitHub\DaT-Parkinson\preproc_cache\ngz6wmdw_f84f2b8d5a9e.npy,f84f2b8d5a9e,"{""centroid_threshold_pct"": 0.4, ""crop_size"": 64, ""intensity_p_high"": 99, ""intensity_p_low"": 1, ""target_spacing_mm"": 2.9}",1785260371.7113483,cached,,0.0,1.0,0.2907213866710663,0.2864484488964081,0.7131919860839844,True,high_intensity_touches_boundary:y
0fgzvrct,c:\Users\myben\OneDrive\Documents\GitHub\DaT-Parkinson\niftis\0fgzvrct.nii.gz,c:\Users\myben\OneDrive\Documents\GitHub\DaT-Parkinson\preproc_cache\0fgzvrct_f84f2b8d5a9e.npy,f84f2b8d5a9e,"{""centroid_threshold_pct"": 0.4, ""crop_size"": 64, ""intensity_p_high"": 99, ""intensity_p_low"": 1, ""target_spacing_mm"": 2.9}",1785260359.3923512,cached,,0.0,1.0,0.28464630246162415,0.2772309184074402,0.7894287109375,True,high_intensity_touches_boundary:y
lt4q9bc2,c:\Users\myben\OneDrive\Documents\GitHub\DaT-Parkinson\niftis\lt4q9bc2.nii.gz,c:\Users\myben\OneDrive\Documents\GitHub\DaT-Parkinson\preproc_cache\lt4q9bc2_f84f2b8d5a9e.npy,f84f2b8d5a9e,"{""centroid_threshold_pct"": 0.4, ""crop_size"": 64, ""intensity_p_high"": 99, ""intensity_p_low"": 1, ""target_spacing_mm"": 2.9}",1785260370.8862813,cached,,0.0,1.0,0.2933577299118042,0.2910102903842926,0.821624755859375,True,high_intensity_touches_boundary:y
be3yqy5f,c:\Users\myben\OneDrive\Documents\GitHub\DaT-Parkinson\niftis\be3yqy5f.nii.gz,c:\Users\myben\OneDrive\Documents\GitHub\DaT-Parkinson\preproc_cache\be3yqy5f_f84f2b8d5a9e.npy,f84f2b8d5a9e,"{""centroid_threshold_pct"": 0.4, ""crop_size"": 64, ""intensity_p_high"": 99, ""intensity_p_low"": 1, ""target_spacing_mm"": 2.9}",1785260365.070685,cached,,0.0,1.0,0.29266154766082764,0.27314454317092896,0.8357887268066406,True,high_intensity_touches_boundary:y
u7bfxq7b,c:\Users\myben\OneDrive\Documents\GitHub\DaT-Parkinson\niftis\u7bfxq7b.nii.gz,c:\Users\myben\OneDrive\Documents\GitHub\DaT-Parkinson\preproc_cache\u7bfxq7b_f84f2b8d5a9e.npy,f84f2b8d5a9e,"{""centroid_threshold_pct"": 0.4, ""crop_size"": 64, ""intensity_p_high"": 99, ""intensity_p_low"": 1, ""target_spacing_mm"": 2.9}",1785260375.342592,cached,,0.0,1.0,0.21072977781295776,0.2547135055065155,0.7707405090332031,True,high_intensity_touches_boundary:y
zegbl2qg,c:\Users\myben\OneDrive\Documents\GitHub\DaT-Parkinson\niftis\zegbl2qg.nii.gz,c:\Users\myben\OneDrive\Documents\GitHub\DaT-Parkinson\preproc_cache\zegbl2qg_f84f2b8d5a9e.npy,f84f2b8d5a9e,"{""centroid_threshold_pct"": 0.4, ""crop_size"": 64, ""intensity_p_high"": 99, ""intensity_p_low"": 1, ""target_spacing_mm"": 2.9}",1785260378.223804,cached,,0.0,1.0,0.26087069511413574,0.27852052450180054,0.7812347412109375,True,high_intensity_touches_boundary:y
v3dr2h2p,c:\Users\myben\OneDrive\Documents\GitHub\DaT-Parkinson\niftis\v3dr2h2p.nii.gz,c:\Users\myben\OneDrive\Documents\GitHub\DaT-Parkinson\preproc_cache\v3dr2h2p_f84f2b8d5a9e.npy,f84f2b8d5a9e,"{""centroid_threshold_pct"": 0.4, ""crop_size"": 64, ""intensity_p_high"": 99, ""intensity_p_low"": 1, ""target_spacing_mm"": 2.9}",1785260375.8803573,cached,,0.0,1.0,0.2792900502681732,0.26955685019493103,0.80218505859375,True,high_intensity_touches_boundary:y
39yl9ue4,c:\Users\myben\OneDrive\Documents\GitHub\DaT-Parkinson\niftis\39yl9ue4.nii.gz,c:\Users\myben\OneDrive\Documents\GitHub\DaT-Parkinson\preproc_cache\39yl9ue4_f84f2b8d5a9e.npy,f84f2b8d5a9e,"{""centroid_threshold_pct"": 0.4, ""crop_size"": 64, ""intensity_p_high"": 99, ""intensity_p_low"": 1, ""target_spacing_mm"": 2.9}",1785260360.9610085,cached,,0.0,1.0,0.28064942359924316,0.28229206800460815,0.8035354614257812,True,high_intensity_touches_boundary:y
21vmefoz,c:\Users\myben\OneDrive\Documents\GitHub\DaT-Parkinson\niftis\21vmefoz.nii.gz,c:\Users\myben\OneDrive\Documents\GitHub\DaT-Parkinson\preproc_cache\21vmefoz_f84f2b8d5a9e.npy,f84f2b8d5a9e,"{""centroid_threshold_pct"": 0.4, ""crop_size"": 64, ""intensity_p_high"": 99, ""intensity_p_low"": 1, ""target_spacing_mm"": 2.9}",1785260360.309437,cached,,0.0,1.0,0.2604621350765228,0.29717862606048584,0.7663345336914062,True,high_intensity_touches_boundary:y
tp7bd4w1,c:\Users\myben\OneDrive\Documents\GitHub\DaT-Parkinson\niftis\tp7bd4w1.nii.gz,c:\Users\myben\OneDrive\Documents\GitHub\DaT-Parkinson\preproc_cache\tp7bd4w1_f84f2b8d5a9e.npy,f84f2b8d5a9e,"{""centroid_threshold_pct"": 0.4, ""crop_size"": 64, ""intensity_p_high"": 99, ""intensity_p_low"": 1, ""target_spacing_mm"": 2.9}",1785260375.1258092,cached,,0.0,1.0,0.3142193853855133,0.29810628294944763,0.8016242980957031,True,high_intensity_touches_boundary:y
aragdx5o,c:\Users\myben\OneDrive\Documents\GitHub\DaT-Parkinson\niftis\aragdx5o.nii.gz,c:\Users\myben\OneDrive\Documents\GitHub\DaT-Parkinson\preproc_cache\aragdx5o_f84f2b8d5a9e.npy,f84f2b8d5a9e,"{""centroid_threshold_pct"": 0.4, ""crop_size"": 64, ""intensity_p_high"": 99, ""intensity_p_low"": 1, ""target_spacing_mm"": 2.9}",1785260364.756666,cached,,0.0,1.0,0.22641265392303467,0.282401978969574,0.6701164245605469,True,
31yhxso7,c:\Users\myben\OneDrive\Documents\GitHub\DaT-Parkinson\niftis\31yhxso7.nii.gz,c:\Users\myben\OneDrive\Documents\GitHub\DaT-Parkinson\preproc_cache\31yhxso7_f84f2b8d5a9e.npy,f84f2b8d5a9e,"{""centroid_threshold_pct"": 0.4, ""crop_size"": 64, ""intensity_p_high"": 99, ""intensity_p_low"": 1, ""target_spacing_mm"": 2.9}",1785260360.8640518,cached,,0.0,1.0,0.28419071435928345,0.2587491273880005,0.8268699645996094,True,high_intensity_touches_boundary:y
vbgr8w2m,c:\Users\myben\OneDrive\Documents\GitHub\DaT-Parkinson\niftis\vbgr8w2m.nii.gz,c:\Users\myben\OneDrive\Documents\GitHub\DaT-Parkinson\preproc_cache\vbgr8w2m_f84f2b8d5a9e.npy,f84f2b8d5a9e,"{""centroid_threshold_pct"": 0.4, ""crop_size"": 64, ""intensity_p_high"": 99, ""intensity_p_low"": 1, ""target_spacing_mm"": 2.9}",1785260376.024615,cached,,0.0,1.0,0.2693614959716797,0.2779984474182129,0.76300048828125,True,"high_intensity_touches_boundary:x,y"
aietdn1t,c:\Users\myben\OneDrive\Documents\GitHub\DaT-Parkinson\niftis\aietdn1t.nii.gz,c:\Users\myben\OneDrive\Documents\GitHub\DaT-Parkinson\preproc_cache\aietdn1t_f84f2b8d5a9e.npy,f84f2b8d5a9e,"{""centroid_threshold_pct"": 0.4, ""crop_size"": 64, ""intensity_p_high"": 99, ""intensity_p_low"": 1, ""target_spacing_mm"": 2.9}",1785260364.711146,cached,,0.0,1.0,0.3271152973175049,0.26358354091644287,0.8260383605957031,True,high_intensity_touches_boundary:y
h1xjg2y8,c:\Users\myben\OneDrive\Documents\GitHub\DaT-Parkinson\niftis\h1xjg2y8.nii.gz,c:\Users\myben\OneDrive\Documents\GitHub\DaT-Parkinson\preproc_cache\h1xjg2y8_f84f2b8d5a9e.npy,f84f2b8d5a9e,"{""centroid_threshold_pct"": 0.4, ""crop_size"": 64, ""intensity_p_high"": 99, ""intensity_p_low"": 1, ""target_spacing_mm"": 2.9}",1785260368.5501685,cached,,0.0,1.0,0.2817412316799164,0.2834644019603729,0.7888755798339844,True,high_intensity_touches_boundary:y
rgybxkpm,c:\Users\myben\OneDrive\Documents\GitHub\DaT-Parkinson\niftis\rgybxkpm.nii.gz,c:\Users\myben\OneDrive\Documents\GitHub\DaT-Parkinson\preproc_cache\rgybxkpm_f84f2b8d5a9e.npy,f84f2b8d5a9e,"{""centroid_threshold_pct"": 0.4, ""crop_size"": 64, ""intensity_p_high"": 99, ""intensity_p_low"": 1, ""target_spacing_mm"": 2.9}",1785260373.934773,cached,,0.0,1.0,0.3023272752761841,0.27081167697906494,0.83074951171875,True,high_intensity_touches_boundary:y
21b07g2r,c:\Users\myben\OneDrive\Documents\GitHub\DaT-Parkinson\niftis\21b07g2r.nii.gz,c:\Users\myben\OneDrive\Documents\GitHub\DaT-Parkinson\preproc_cache\21b07g2r_f84f2b8d5a9e.npy,f84f2b8d5a9e,"{""centroid_threshold_pct"": 0.4, ""crop_size"": 64, ""intensity_p_high"": 99, ""intensity_p_low"": 1, ""target_spacing_mm"": 2.9}",1785260360.2776113,cached,,0.0,1.0,0.2660970687866211,0.2721124291419983,0.7960090637207031,True,high_intensity_touches_boundary:y
e6zvlhyl,c:\Users\myben\OneDrive\Documents\GitHub\DaT-Parkinson\niftis\e6zvlhyl.nii.gz,c:\Users\myben\OneDrive\Documents\GitHub\DaT-Parkinson\preproc_cache\e6zvlhyl_f84f2b8d5a9e.npy,f84f2b8d5a9e,"{""centroid_threshold_pct"": 0.4, ""crop_size"": 64, ""intensity_p_high"": 99, ""intensity_p_low"": 1, ""target_spacing_mm"": 2.9}",1785260366.7677827,cached,,0.0,1.0,0.24343204498291016,0.2773442566394806,0.7752799987792969,True,high_intensity_touches_boundary:y
2ld05nhq,c:\Users\myben\OneDrive\Documents\GitHub\DaT-Parkinson\niftis\2ld05nhq.nii.gz,c:\Users\myben\OneDrive\Documents\GitHub\DaT-Parkinson\preproc_cache\2ld05nhq_f84f2b8d5a9e.npy,f84f2b8d5a9e,"{""centroid_threshold_pct"": 0.4, ""crop_size"": 64, ""intensity_p_high"": 99, ""intensity_p_low"": 1, ""target_spacing_mm"": 2.9}",1785260360.5782464,cached,,0.0,1.0,0.28547897934913635,0.2890200614929199,0.7664222717285156,True,high_intensity_touches_boundary:y
r6f7qnez,c:\Users\myben\OneDrive\Documents\GitHub\DaT-Parkinson\niftis\r6f7qnez.nii.gz,c:\Users\myben\OneDrive\Documents\GitHub\DaT-Parkinson\preproc_cache\r6f7qnez_f84f2b8d5a9e.npy,f84f2b8d5a9e,"{""centroid_threshold_pct"": 0.4, ""crop_size"": 64, ""intensity_p_high"": 99, ""intensity_p_low"": 1, ""target_spacing_mm"": 2.9}",1785260373.844769,cached,,0.0,1.0,0.25830361247062683,0.26980534195899963,0.7938461303710938,True,
w9heyce4,c:\Users\myben\OneDrive\Documents\GitHub\DaT-Parkinson\niftis\w9heyce4.nii.gz,c:\Users\myben\OneDrive\Documents\GitHub\DaT-Parkinson\preproc_cache\w9heyce4_f84f2b8d5a9e.npy,f84f2b8d5a9e,"{""centroid_threshold_pct"": 0.4, ""crop_size"": 64, ""intensity_p_high"": 99, ""intensity_p_low"": 1, ""target_spacing_mm"": 2.9}",1785260376.5708365,cached,,0.0,1.0,0.3007572293281555,0.2652048170566559,0.8192253112792969,True,"high_intensity_touches_boundary:x,y"
qgm5v2ww,c:\Users\myben\OneDrive\Documents\GitHub\DaT-Parkinson\niftis\qgm5v2ww.nii.gz,c:\Users\myben\OneDrive\Documents\GitHub\DaT-Parkinson\preproc_cache\qgm5v2ww_f84f2b8d5a9e.npy,f84f2b8d5a9e,"{""centroid_threshold_pct"": 0.4, ""crop_size"": 64, ""intensity_p_high"": 99, ""intensity_p_low"": 1, ""target_spacing_mm"": 2.9}",1785260373.3955486,cached,,0.0,1.0,0.27614718675613403,0.27077487111091614,0.8252716064453125,True,high_intensity_touches_boundary:y
g84d4r9v,c:\Users\myben\OneDrive\Documents\GitHub\DaT-Parkinson\niftis\g84d4r9v.nii.gz,c:\Users\myben\OneDrive\Documents\GitHub\DaT-Parkinson\preproc_cache\g84d4r9v_f84f2b8d5a9e.npy,f84f2b8d5a9e,"{""centroid_threshold_pct"": 0.4, ""crop_size"": 64, ""intensity_p_high"": 99, ""intensity_p_low"": 1, ""target_spacing_mm"": 2.9}",1785260368.0458252,cached,,0.0,1.0,0.29242128133773804,0.28423866629600525,0.8094902038574219,True,high_intensity_touches_boundary:y
4k00ilu6,c:\Users\myben\OneDrive\Documents\GitHub\DaT-Parkinson\niftis\4k00ilu6.nii.gz,c:\Users\myben\OneDrive\Documents\GitHub\DaT-Parkinson\preproc_cache\4k00ilu6_f84f2b8d5a9e.npy,f84f2b8d5a9e,"{""centroid_threshold_pct"": 0.4, ""crop_size"": 64, ""intensity_p_high"": 99, ""intensity_p_low"": 1, ""target_spacing_mm"": 2.9}",1785260361.7894158,cached,,0.0,1.0,0.2302643209695816,0.24111869931221008,0.8949928283691406,True,
vfua9bq1,c:\Users\myben\OneDrive\Documents\GitHub\DaT-Parkinson\niftis\vfua9bq1.nii.gz,c:\Users\myben\OneDrive\Documents\GitHub\DaT-Parkinson\preproc_cache\vfua9bq1_f84f2b8d5a9e.npy,f84f2b8d5a9e,"{""centroid_threshold_pct"": 0.4, ""crop_size"": 64, ""intensity_p_high"": 99, ""intensity_p_low"": 1, ""target_spacing_mm"": 2.9}",1785260376.1180954,cached,,0.0,1.0,0.2732250392436981,0.25871410965919495,0.9363746643066406,True,high_intensity_touches_boundary:y
btr23qiu,c:\Users\myben\OneDrive\Documents\GitHub\DaT-Parkinson\niftis\btr23qiu.nii.gz,c:\Users\myben\OneDrive\Documents\GitHub\DaT-Parkinson\preproc_cache\btr23qiu_f84f2b8d5a9e.npy,f84f2b8d5a9e,"{""centroid_threshold_pct"": 0.4, ""crop_size"": 64, ""intensity_p_high"": 99, ""intensity_p_low"": 1, ""target_spacing_mm"": 2.9}",1785260365.3393667,cached,,0.0,1.0,0.2647731900215149,0.2919369339942932,0.7350425720214844,True,high_intensity_touches_boundary:y
a08ekxdr,c:\Users\myben\OneDrive\Documents\GitHub\DaT-Parkinson\niftis\a08ekxdr.nii.gz,c:\Users\myben\OneDrive\Documents\GitHub\DaT-Parkinson\preproc_cache\a08ekxdr_f84f2b8d5a9e.npy,f84f2b8d5a9e,"{""centroid_threshold_pct"": 0.4, ""crop_size"": 64, ""intensity_p_high"": 99, ""intensity_p_low"": 1, ""target_spacing_mm"": 2.9}",1785260364.5085492,cached,,0.0,1.0,0.2724444270133972,0.29336461424827576,0.7950439453125,True,high_intensity_touches_boundary:y
kz40aq15,c:\Users\myben\OneDrive\Documents\GitHub\DaT-Parkinson\niftis\kz40aq15.nii.gz,c:\Users\myben\OneDrive\Documents\GitHub\DaT-Parkinson\preproc_cache\kz40aq15_f84f2b8d5a9e.npy,f84f2b8d5a9e,"{""centroid_threshold_pct"": 0.4, ""crop_size"": 64, ""intensity_p_high"": 99, ""intensity_p_low"": 1, ""target_spacing_mm"": 2.9}",1785260370.5585282,cached,,0.0,1.0,0.256655216217041,0.26622024178504944,0.7489547729492188,True,high_intensity_touches_boundary:y
o2nqw4c6,c:\Users\myben\OneDrive\Documents\GitHub\DaT-Parkinson\niftis\o2nqw4c6.nii.gz,c:\Users\myben\OneDrive\Documents\GitHub\DaT-Parkinson\preproc_cache\o2nqw4c6_f84f2b8d5a9e.npy,f84f2b8d5a9e,"{""centroid_threshold_pct"": 0.4, ""crop_size"": 64, ""intensity_p_high"": 99, ""intensity_p_low"": 1, ""target_spacing_mm"": 2.9}",1785260372.068192,cached,,0.0,1.0,0.2697381377220154,0.2711251974105835,0.7744331359863281,True,high_intensity_touches_boundary:y
lbpj8t22,c:\Users\myben\OneDrive\Documents\GitHub\DaT-Parkinson\niftis\lbpj8t22.nii.gz,c:\Users\myben\OneDrive\Documents\GitHub\DaT-Parkinson\preproc_cache\lbpj8t22_f84f2b8d5a9e.npy,f84f2b8d5a9e,"{""centroid_threshold_pct"": 0.4, ""crop_size"": 64, ""intensity_p_high"": 99, ""intensity_p_low"": 1, ""target_spacing_mm"": 2.9}",1785260370.6859014,cached,,0.0,1.0,0.25921493768692017,0.27395668625831604,0.772308349609375,True,high_intensity_touches_boundary:y
c50b8y5d,c:\Users\myben\OneDrive\Documents\GitHub\DaT-Parkinson\niftis\c50b8y5d.nii.gz,c:\Users\myben\OneDrive\Documents\GitHub\DaT-Parkinson\preproc_cache\c50b8y5d_f84f2b8d5a9e.npy,f84f2b8d5a9e,"{""centroid_threshold_pct"": 0.4, ""crop_size"": 64, ""intensity_p_high"": 99, ""intensity_p_low"": 1, ""target_spacing_mm"": 2.9}",1785260365.520671,cached,,0.0,1.0,0.27906376123428345,0.2898598611354828,0.8265762329101562,True,high_intensity_touches_boundary:y
nwnguczh,c:\Users\myben\OneDrive\Documents\GitHub\DaT-Parkinson\niftis\nwnguczh.nii.gz,c:\Users\myben\OneDrive\Documents\GitHub\DaT-Parkinson\preproc_cache\nwnguczh_f84f2b8d5a9e.npy,f84f2b8d5a9e,"{""centroid_threshold_pct"": 0.4, ""crop_size"": 64, ""intensity_p_high"": 99, ""intensity_p_low"": 1, ""target_spacing_mm"": 2.9}",1785260371.9846857,cached,,0.0,1.0,0.22949174046516418,0.25304439663887024,0.7521743774414062,True,
9ier7u8h,c:\Users\myben\OneDrive\Documents\GitHub\DaT-Parkinson\niftis\9ier7u8h.nii.gz,c:\Users\myben\OneDrive\Documents\GitHub\DaT-Parkinson\preproc_cache\9ier7u8h_f84f2b8d5a9e.npy,f84f2b8d5a9e,"{""centroid_threshold_pct"": 0.4, ""crop_size"": 64, ""intensity_p_high"": 99, ""intensity_p_low"": 1, ""target_spacing_mm"": 2.9}",1785260364.2504556,cached,,0.0,1.0,0.2895231246948242,0.27100521326065063,0.8175201416015625,True,high_intensity_touches_boundary:y
0imjyjcm,c:\Users\myben\OneDrive\Documents\GitHub\DaT-Parkinson\niftis\0imjyjcm.nii.gz,c:\Users\myben\OneDrive\Documents\GitHub\DaT-Parkinson\preproc_cache\0imjyjcm_f84f2b8d5a9e.npy,f84f2b8d5a9e,"{""centroid_threshold_pct"": 0.4, ""crop_size"": 64, ""intensity_p_high"": 99, ""intensity_p_low"": 1, ""target_spacing_mm"": 2.9}",1785260359.4295595,cached,,0.0,1.0,0.24116787314414978,0.2700112462043762,0.726287841796875,True,high_intensity_touches_boundary:y
rsezytkw,c:\Users\myben\OneDrive\Documents\GitHub\DaT-Parkinson\niftis\rsezytkw.nii.gz,c:\Users\myben\OneDrive\Documents\GitHub\DaT-Parkinson\preproc_cache\rsezytkw_f84f2b8d5a9e.npy,f84f2b8d5a9e,"{""centroid_threshold_pct"": 0.4, ""crop_size"": 64, ""intensity_p_high"": 99, ""intensity_p_low"": 1, ""target_spacing_mm"": 2.9}",1785260374.1161075,cached,,0.0,1.0,0.2805989980697632,0.27697616815567017,0.7864913940429688,True,high_intensity_touches_boundary:y
2837c6qc,c:\Users\myben\OneDrive\Documents\GitHub\DaT-Parkinson\niftis\2837c6qc.nii.gz,c:\Users\myben\OneDrive\Documents\GitHub\DaT-Parkinson\preproc_cache\2837c6qc_f84f2b8d5a9e.npy,f84f2b8d5a9e,"{""centroid_threshold_pct"": 0.4, ""crop_size"": 64, ""intensity_p_high"": 99, ""intensity_p_low"": 1, ""target_spacing_mm"": 2.9}",1785260360.3703215,cached,,0.0,1.0,0.28097987174987793,0.28177741169929504,0.806671142578125,True,
6k8djzr5,c:\Users\myben\OneDrive\Documents\GitHub\DaT-Parkinson\niftis\6k8djzr5.nii.gz,c:\Users\myben\OneDrive\Documents\GitHub\DaT-Parkinson\preproc_cache\6k8djzr5_f84f2b8d5a9e.npy,f84f2b8d5a9e,"{""centroid_threshold_pct"": 0.4, ""crop_size"": 64, ""intensity_p_high"": 99, ""intensity_p_low"": 1, ""target_spacing_mm"": 2.9}",1785260362.7824185,cached,,0.0,1.0,0.2351636439561844,0.2770908772945404,0.7338333129882812,True,high_intensity_touches_boundary:y
swk8temp,c:\Users\myben\OneDrive\Documents\GitHub\DaT-Parkinson\niftis\swk8temp.nii.gz,c:\Users\myben\OneDrive\Documents\GitHub\DaT-Parkinson\preproc_cache\swk8temp_f84f2b8d5a9e.npy,f84f2b8d5a9e,"{""centroid_threshold_pct"": 0.4, ""crop_size"": 64, ""intensity_p_high"": 99, ""intensity_p_low"": 1, ""target_spacing_mm"": 2.9}",1785260374.7221086,cached,,0.0,1.0,0.2746174931526184,0.27658069133758545,0.8184051513671875,True,"high_intensity_touches_boundary:x,y"
xkc5i8xo,c:\Users\myben\OneDrive\Documents\GitHub\DaT-Parkinson\niftis\xkc5i8xo.nii.gz,c:\Users\myben\OneDrive\Documents\GitHub\DaT-Parkinson\preproc_cache\xkc5i8xo_f84f2b8d5a9e.npy,f84f2b8d5a9e,"{""centroid_threshold_pct"": 0.4, ""crop_size"": 64, ""intensity_p_high"": 99, ""intensity_p_low"": 1, ""target_spacing_mm"": 2.9}",1785260377.127494,cached,,0.0,1.0,0.2507905066013336,0.2638883590698242,0.769256591796875,True,high_intensity_touches_boundary:y
mxlvz4qk,c:\Users\myben\OneDrive\Documents\GitHub\DaT-Parkinson\niftis\mxlvz4qk.nii.gz,c:\Users\myben\OneDrive\Documents\GitHub\DaT-Parkinson\preproc_cache\mxlvz4qk_f84f2b8d5a9e.npy,f84f2b8d5a9e,"{""centroid_threshold_pct"": 0.4, ""crop_size"": 64, ""intensity_p_high"": 99, ""intensity_p_low"": 1, ""target_spacing_mm"": 2.9}",1785260371.391015,cached,,0.0,1.0,0.29230281710624695,0.28214678168296814,0.8046875,True,high_intensity_touches_boundary:y
e2gjr81b,c:\Users\myben\OneDrive\Documents\GitHub\DaT-Parkinson\niftis\e2gjr81b.nii.gz,c:\Users\myben\OneDrive\Documents\GitHub\DaT-Parkinson\preproc_cache\e2gjr81b_f84f2b8d5a9e.npy,f84f2b8d5a9e,"{""centroid_threshold_pct"": 0.4, ""crop_size"": 64, ""intensity_p_high"": 99, ""intensity_p_low"": 1, ""target_spacing_mm"": 2.9}",1785260366.696862,cached,,0.0,1.0,0.28805041313171387,0.26969626545906067,0.8141860961914062,True,high_intensity_touches_boundary:y
mqf7zk94,c:\Users\myben\OneDrive\Documents\GitHub\DaT-Parkinson\niftis\mqf7zk94.nii.gz,c:\Users\myben\OneDrive\Documents\GitHub\DaT-Parkinson\preproc_cache\mqf7zk94_f84f2b8d5a9e.npy,f84f2b8d5a9e,"{""centroid_threshold_pct"": 0.4, ""crop_size"": 64, ""intensity_p_high"": 99, ""intensity_p_low"": 1, ""target_spacing_mm"": 2.9}",1785260371.262591,cached,,0.0,1.0,0.2954404354095459,0.2789860665798187,0.8433456420898438,True,high_intensity_touches_boundary:y
yxfiblej,c:\Users\myben\OneDrive\Documents\GitHub\DaT-Parkinson\niftis\yxfiblej.nii.gz,c:\Users\myben\OneDrive\Documents\GitHub\DaT-Parkinson\preproc_cache\yxfiblej_f84f2b8d5a9e.npy,f84f2b8d5a9e,"{""centroid_threshold_pct"": 0.4, ""crop_size"": 64, ""intensity_p_high"": 99, ""intensity_p_low"": 1, ""target_spacing_mm"": 2.9}",1785260378.0173657,cached,,0.0,1.0,0.2617919445037842,0.27308809757232666,0.8303756713867188,True,high_intensity_touches_boundary:y
gublmntf,c:\Users\myben\OneDrive\Documents\GitHub\DaT-Parkinson\niftis\gublmntf.nii.gz,c:\Users\myben\OneDrive\Documents\GitHub\DaT-Parkinson\preproc_cache\gublmntf_f84f2b8d5a9e.npy,f84f2b8d5a9e,"{""centroid_threshold_pct"": 0.4, ""crop_size"": 64, ""intensity_p_high"": 99, ""intensity_p_low"": 1, ""target_spacing_mm"": 2.9}",1785260368.44225,cached,,0.0,1.0,0.28577539324760437,0.28245994448661804,0.7935829162597656,True,high_intensity_touches_boundary:y
k7orfqla,c:\Users\myben\OneDrive\Documents\GitHub\DaT-Parkinson\niftis\k7orfqla.nii.gz,c:\Users\myben\OneDrive\Documents\GitHub\DaT-Parkinson\preproc_cache\k7orfqla_f84f2b8d5a9e.npy,f84f2b8d5a9e,"{""centroid_threshold_pct"": 0.4, ""crop_size"": 64, ""intensity_p_high"": 99, ""intensity_p_low"": 1, ""target_spacing_mm"": 2.9}",1785260370.1160264,cached,,0.0,1.0,0.35022595524787903,0.30666112899780273,0.8124656677246094,True,high_intensity_touches_boundary:y
09lzrk79,c:\Users\myben\OneDrive\Documents\GitHub\DaT-Parkinson\niftis\09lzrk79.nii.gz,c:\Users\myben\OneDrive\Documents\GitHub\DaT-Parkinson\preproc_cache\09lzrk79_f84f2b8d5a9e.npy,f84f2b8d5a9e,"{""centroid_threshold_pct"": 0.4, ""crop_size"": 64, ""intensity_p_high"": 99, ""intensity_p_low"": 1, ""target_spacing_mm"": 2.9}",1785260359.2970307,cached,,0.0,1.0,0.30100080370903015,0.2691570222377777,0.8794441223144531,True,high_intensity_touches_boundary:y
ufu6py06,c:\Users\myben\OneDrive\Documents\GitHub\DaT-Parkinson\niftis\ufu6py06.nii.gz,c:\Users\myben\OneDrive\Documents\GitHub\DaT-Parkinson\preproc_cache\ufu6py06_f84f2b8d5a9e.npy,f84f2b8d5a9e,"{""centroid_threshold_pct"": 0.4, ""crop_size"": 64, ""intensity_p_high"": 99, ""intensity_p_low"": 1, ""target_spacing_mm"": 2.9}",1785260375.4726653,cached,,0.0,1.0,0.33649396896362305,0.296746164560318,0.7944793701171875,True,high_intensity_touches_boundary:y
ftlo4qdb,c:\Users\myben\OneDrive\Documents\GitHub\DaT-Parkinson\niftis\ftlo4qdb.nii.gz,c:\Users\myben\OneDrive\Documents\GitHub\DaT-Parkinson\preproc_cache\ftlo4qdb_f84f2b8d5a9e.npy,f84f2b8d5a9e,"{""centroid_threshold_pct"": 0.4, ""crop_size"": 64, ""intensity_p_high"": 99, ""intensity_p_low"": 1, ""target_spacing_mm"": 2.9}",1785260367.884768,cached,,0.0,1.0,0.30337288975715637,0.29853513836860657,0.8112907409667969,True,high_intensity_touches_boundary:y
xvh7katq,c:\Users\myben\OneDrive\Documents\GitHub\DaT-Parkinson\niftis\xvh7katq.nii.gz,c:\Users\myben\OneDrive\Documents\GitHub\DaT-Parkinson\preproc_cache\xvh7katq_f84f2b8d5a9e.npy,f84f2b8d5a9e,"{""centroid_threshold_pct"": 0.4, ""crop_size"": 64, ""intensity_p_high"": 99, ""intensity_p_low"": 1, ""target_spacing_mm"": 2.9}",1785260377.4321294,cached,,0.0,1.0,0.24528658390045166,0.2619875967502594,0.7765007019042969,True,high_intensity_touches_boundary:y
ydshlv76,c:\Users\myben\OneDrive\Documents\GitHub\DaT-Parkinson\niftis\ydshlv76.nii.gz,c:\Users\myben\OneDrive\Documents\GitHub\DaT-Parkinson\preproc_cache\ydshlv76_f84f2b8d5a9e.npy,f84f2b8d5a9e,"{""centroid_threshold_pct"": 0.4, ""crop_size"": 64, ""intensity_p_high"": 99, ""intensity_p_low"": 1, ""target_spacing_mm"": 2.9}",1785260377.7260985,cached,,0.0,1.0,0.28502506017684937,0.2713080644607544,0.8199195861816406,True,
mf4nnkm9,c:\Users\myben\OneDrive\Documents\GitHub\DaT-Parkinson\niftis\mf4nnkm9.nii.gz,c:\Users\myben\OneDrive\Documents\GitHub\DaT-Parkinson\preproc_cache\mf4nnkm9_f84f2b8d5a9e.npy,f84f2b8d5a9e,"{""centroid_threshold_pct"": 0.4, ""crop_size"": 64, ""intensity_p_high"": 99, ""intensity_p_low"": 1, ""target_spacing_mm"": 2.9}",1785260371.1160834,cached,,0.0,1.0,0.2633674144744873,0.2733408808708191,0.8277053833007812,True,
5d0p92k3,c:\Users\myben\OneDrive\Documents\GitHub\DaT-Parkinson\niftis\5d0p92k3.nii.gz,c:\Users\myben\OneDrive\Documents\GitHub\DaT-Parkinson\preproc_cache\5d0p92k3_f84f2b8d5a9e.npy,f84f2b8d5a9e,"{""centroid_threshold_pct"": 0.4, ""crop_size"": 64, ""intensity_p_high"": 99, ""intensity_p_low"": 1, ""target_spacing_mm"": 2.9}",1785260362.2573147,cached,,0.0,1.0,0.2380576729774475,0.2472677081823349,0.83966064453125,True,high_intensity_touches_boundary:y
8p6fvdhr,c:\Users\myben\OneDrive\Documents\GitHub\DaT-Parkinson\niftis\8p6fvdhr.nii.gz,c:\Users\myben\OneDrive\Documents\GitHub\DaT-Parkinson\preproc_cache\8p6fvdhr_f84f2b8d5a9e.npy,f84f2b8d5a9e,"{""centroid_threshold_pct"": 0.4, ""crop_size"": 64, ""intensity_p_high"": 99, ""intensity_p_low"": 1, ""target_spacing_mm"": 2.9}",1785260363.939782,cached,,0.0,1.0,0.29328930377960205,0.29399868845939636,0.8421363830566406,True,
59c81do6,c:\Users\myben\OneDrive\Documents\GitHub\DaT-Parkinson\niftis\59c81do6.nii.gz,c:\Users\myben\OneDrive\Documents\GitHub\DaT-Parkinson\preproc_cache\59c81do6_f84f2b8d5a9e.npy,f84f2b8d5a9e,"{""centroid_threshold_pct"": 0.4, ""crop_size"": 64, ""intensity_p_high"": 99, ""intensity_p_low"": 1, ""target_spacing_mm"": 2.9}",1785260362.2077477,cached,,0.0,1.0,0.2992624044418335,0.28984394669532776,0.8043861389160156,True,high_intensity_touches_boundary:y
ouz1egnt,c:\Users\myben\OneDrive\Documents\GitHub\DaT-Parkinson\niftis\ouz1egnt.nii.gz,c:\Users\myben\OneDrive\Documents\GitHub\DaT-Parkinson\preproc_cache\ouz1egnt_f84f2b8d5a9e.npy,f84f2b8d5a9e,"{""centroid_threshold_pct"": 0.4, ""crop_size"": 64, ""intensity_p_high"": 99, ""intensity_p_low"": 1, ""target_spacing_mm"": 2.9}",1785260372.6421874,cached,,0.0,1.0,0.35991066694259644,0.28861764073371887,0.8749656677246094,True,high_intensity_touches_boundary:y
b34kuqaa,c:\Users\myben\OneDrive\Documents\GitHub\DaT-Parkinson\niftis\b34kuqaa.nii.gz,c:\Users\myben\OneDrive\Documents\GitHub\DaT-Parkinson\preproc_cache\b34kuqaa_f84f2b8d5a9e.npy,f84f2b8d5a9e,"{""centroid_threshold_pct"": 0.4, ""crop_size"": 64, ""intensity_p_high"": 99, ""intensity_p_low"": 1, ""target_spacing_mm"": 2.9}",1785260364.9143944,cached,,0.0,1.0,0.29955923557281494,0.2636507451534271,0.8620223999023438,True,high_intensity_touches_boundary:y
j84rx6pr,c:\Users\myben\OneDrive\Documents\GitHub\DaT-Parkinson\niftis\j84rx6pr.nii.gz,c:\Users\myben\OneDrive\Documents\GitHub\DaT-Parkinson\preproc_cache\j84rx6pr_f84f2b8d5a9e.npy,f84f2b8d5a9e,"{""centroid_threshold_pct"": 0.4, ""crop_size"": 64, ""intensity_p_high"": 99, ""intensity_p_low"": 1, ""target_spacing_mm"": 2.9}",1785260369.4628098,cached,,0.0,1.0,0.3094542622566223,0.2726347744464874,0.8433265686035156,True,high_intensity_touches_boundary:y
yiej9c0u,c:\Users\myben\OneDrive\Documents\GitHub\DaT-Parkinson\niftis\yiej9c0u.nii.gz,c:\Users\myben\OneDrive\Documents\GitHub\DaT-Parkinson\preproc_cache\yiej9c0u_f84f2b8d5a9e.npy,f84f2b8d5a9e,"{""centroid_threshold_pct"": 0.4, ""crop_size"": 64, ""intensity_p_high"": 99, ""intensity_p_low"": 1, ""target_spacing_mm"": 2.9}",1785260377.7568164,cached,,0.0,1.0,0.26347851753234863,0.27769073843955994,0.7809982299804688,True,high_intensity_touches_boundary:y
u5wryesu,c:\Users\myben\OneDrive\Documents\GitHub\DaT-Parkinson\niftis\u5wryesu.nii.gz,c:\Users\myben\OneDrive\Documents\GitHub\DaT-Parkinson\preproc_cache\u5wryesu_f84f2b8d5a9e.npy,f84f2b8d5a9e,"{""centroid_threshold_pct"": 0.4, ""crop_size"": 64, ""intensity_p_high"": 99, ""intensity_p_low"": 1, ""target_spacing_mm"": 2.9}",1785260375.301147,cached,,0.0,1.0,0.28307318687438965,0.28498756885528564,0.7703857421875,True,high_intensity_touches_boundary:y
4fcl5efj,c:\Users\myben\OneDrive\Documents\GitHub\DaT-Parkinson\niftis\4fcl5efj.nii.gz,c:\Users\myben\OneDrive\Documents\GitHub\DaT-Parkinson\preproc_cache\4fcl5efj_f84f2b8d5a9e.npy,f84f2b8d5a9e,"{""centroid_threshold_pct"": 0.4, ""crop_size"": 64, ""intensity_p_high"": 99, ""intensity_p_low"": 1, ""target_spacing_mm"": 2.9}",1785260361.7233248,cached,,0.0,1.0,0.29881107807159424,0.3060540556907654,0.781341552734375,True,high_intensity_touches_boundary:y
p6mkt7s1,c:\Users\myben\OneDrive\Documents\GitHub\DaT-Parkinson\niftis\p6mkt7s1.nii.gz,c:\Users\myben\OneDrive\Documents\GitHub\DaT-Parkinson\preproc_cache\p6mkt7s1_f84f2b8d5a9e.npy,f84f2b8d5a9e,"{""centroid_threshold_pct"": 0.4, ""crop_size"": 64, ""intensity_p_high"": 99, ""intensity_p_low"": 1, ""target_spacing_mm"": 2.9}",1785260372.7187212,cached,,0.0,1.0,0.26872140169143677,0.28586259484291077,0.7877235412597656,True,high_intensity_touches_boundary:y
gd1t53yk,c:\Users\myben\OneDrive\Documents\GitHub\DaT-Parkinson\niftis\gd1t53yk.nii.gz,c:\Users\myben\OneDrive\Documents\GitHub\DaT-Parkinson\preproc_cache\gd1t53yk_f84f2b8d5a9e.npy,f84f2b8d5a9e,"{""centroid_threshold_pct"": 0.4, ""crop_size"": 64, ""intensity_p_high"": 99, ""intensity_p_low"": 1, ""target_spacing_mm"": 2.9}",1785260368.0788443,cached,,0.0,1.0,0.2928924560546875,0.2905617952346802,0.8123397827148438,True,high_intensity_touches_boundary:y
yydu3asn,c:\Users\myben\OneDrive\Documents\GitHub\DaT-Parkinson\niftis\yydu3asn.nii.gz,c:\Users\myben\OneDrive\Documents\GitHub\DaT-Parkinson\preproc_cache\yydu3asn_f84f2b8d5a9e.npy,f84f2b8d5a9e,"{""centroid_threshold_pct"": 0.4, ""crop_size"": 64, ""intensity_p_high"": 99, ""intensity_p_low"": 1, ""target_spacing_mm"": 2.9}",1785260378.038682,cached,,0.0,1.0,0.29089200496673584,0.28572553396224976,0.838134765625,True,high_intensity_touches_boundary:y
rm6dfhg6,c:\Users\myben\OneDrive\Documents\GitHub\DaT-Parkinson\niftis\rm6dfhg6.nii.gz,c:\Users\myben\OneDrive\Documents\GitHub\DaT-Parkinson\preproc_cache\rm6dfhg6_f84f2b8d5a9e.npy,f84f2b8d5a9e,"{""centroid_threshold_pct"": 0.4, ""crop_size"": 64, ""intensity_p_high"": 99, ""intensity_p_low"": 1, ""target_spacing_mm"": 2.9}",1785260373.9843767,cached,,0.0,1.0,0.27393046021461487,0.2629549503326416,0.8262825012207031,True,high_intensity_touches_boundary:y
w3stt1eq,c:\Users\myben\OneDrive\Documents\GitHub\DaT-Parkinson\niftis\w3stt1eq.nii.gz,c:\Users\myben\OneDrive\Documents\GitHub\DaT-Parkinson\preproc_cache\w3stt1eq_f84f2b8d5a9e.npy,f84f2b8d5a9e,"{""centroid_threshold_pct"": 0.4, ""crop_size"": 64, ""intensity_p_high"": 99, ""intensity_p_low"": 1, ""target_spacing_mm"": 2.9}",1785260376.4482749,cached,,0.0,1.0,0.3246012032032013,0.30167683959007263,0.84783935546875,True,high_intensity_touches_boundary:y
c37rln36,c:\Users\myben\OneDrive\Documents\GitHub\DaT-Parkinson\niftis\c37rln36.nii.gz,c:\Users\myben\OneDrive\Documents\GitHub\DaT-Parkinson\preproc_cache\c37rln36_f84f2b8d5a9e.npy,f84f2b8d5a9e,"{""centroid_threshold_pct"": 0.4, ""crop_size"": 64, ""intensity_p_high"": 99, ""intensity_p_low"": 1, ""target_spacing_mm"": 2.9}",1785260365.5101466,cached,,0.0,1.0,0.2884874939918518,0.29760313034057617,0.8119888305664062,True,high_intensity_touches_boundary:y
v1mzb3i4,c:\Users\myben\OneDrive\Documents\GitHub\DaT-Parkinson\niftis\v1mzb3i4.nii.gz,c:\Users\myben\OneDrive\Documents\GitHub\DaT-Parkinson\preproc_cache\v1mzb3i4_f84f2b8d5a9e.npy,f84f2b8d5a9e,"{""centroid_threshold_pct"": 0.4, ""crop_size"": 64, ""intensity_p_high"": 99, ""intensity_p_low"": 1, ""target_spacing_mm"": 2.9}",1785260375.8101797,cached,,0.0,1.0,0.2494225949048996,0.26241907477378845,0.7724609375,True,high_intensity_touches_boundary:y
fieecy2c,c:\Users\myben\OneDrive\Documents\GitHub\DaT-Parkinson\niftis\fieecy2c.nii.gz,c:\Users\myben\OneDrive\Documents\GitHub\DaT-Parkinson\preproc_cache\fieecy2c_f84f2b8d5a9e.npy,f84f2b8d5a9e,"{""centroid_threshold_pct"": 0.4, ""crop_size"": 64, ""intensity_p_high"": 99, ""intensity_p_low"": 1, ""target_spacing_mm"": 2.9}",1785260367.6877742,cached,,0.0,1.0,0.2648620307445526,0.2837541699409485,0.77386474609375,True,high_intensity_touches_boundary:y
11bd2sce,c:\Users\myben\OneDrive\Documents\GitHub\DaT-Parkinson\niftis\11bd2sce.nii.gz,c:\Users\myben\OneDrive\Documents\GitHub\DaT-Parkinson\preproc_cache\11bd2sce_f84f2b8d5a9e.npy,f84f2b8d5a9e,"{""centroid_threshold_pct"": 0.4, ""crop_size"": 64, ""intensity_p_high"": 99, ""intensity_p_low"": 1, ""target_spacing_mm"": 2.9}",1785260359.7492068,cached,,0.0,1.0,0.3081255555152893,0.285852313041687,0.8005180358886719,True,high_intensity_touches_boundary:y
jcy127h6,c:\Users\myben\OneDrive\Documents\GitHub\DaT-Parkinson\niftis\jcy127h6.nii.gz,c:\Users\myben\OneDrive\Documents\GitHub\DaT-Parkinson\preproc_cache\jcy127h6_f84f2b8d5a9e.npy,f84f2b8d5a9e,"{""centroid_threshold_pct"": 0.4, ""crop_size"": 64, ""intensity_p_high"": 99, ""intensity_p_low"": 1, ""target_spacing_mm"": 2.9}",1785260369.5012577,cached,,0.0,1.0,0.2698900103569031,0.2937297523021698,0.7559280395507812,True,high_intensity_touches_boundary:y
gmd478mf,c:\Users\myben\OneDrive\Documents\GitHub\DaT-Parkinson\niftis\gmd478mf.nii.gz,c:\Users\myben\OneDrive\Documents\GitHub\DaT-Parkinson\preproc_cache\gmd478mf_f84f2b8d5a9e.npy,f84f2b8d5a9e,"{""centroid_threshold_pct"": 0.4, ""crop_size"": 64, ""intensity_p_high"": 99, ""intensity_p_low"": 1, ""target_spacing_mm"": 2.9}",1785260368.2831602,cached,,0.0,1.0,0.32687777280807495,0.2865419089794159,0.8152122497558594,True,high_intensity_touches_boundary:y
s0iuduah,c:\Users\myben\OneDrive\Documents\GitHub\DaT-Parkinson\niftis\s0iuduah.nii.gz,c:\Users\myben\OneDrive\Documents\GitHub\DaT-Parkinson\preproc_cache\s0iuduah_f84f2b8d5a9e.npy,f84f2b8d5a9e,"{""centroid_threshold_pct"": 0.4, ""crop_size"": 64, ""intensity_p_high"": 99, ""intensity_p_low"": 1, ""target_spacing_mm"": 2.9}",1785260374.3053403,cached,,0.0,1.0,0.28237444162368774,0.2664869427680969,0.8072433471679688,True,high_intensity_touches_boundary:y
gk6t9dhs,c:\Users\myben\OneDrive\Documents\GitHub\DaT-Parkinson\niftis\gk6t9dhs.nii.gz,c:\Users\myben\OneDrive\Documents\GitHub\DaT-Parkinson\preproc_cache\gk6t9dhs_f84f2b8d5a9e.npy,f84f2b8d5a9e,"{""centroid_threshold_pct"": 0.4, ""crop_size"": 64, ""intensity_p_high"": 99, ""intensity_p_low"": 1, ""target_spacing_mm"": 2.9}",1785260368.2267861,cached,,0.0,1.0,0.26930856704711914,0.25261977314949036,0.9545249938964844,True,
znvp8gmn,c:\Users\myben\OneDrive\Documents\GitHub\DaT-Parkinson\niftis\znvp8gmn.nii.gz,c:\Users\myben\OneDrive\Documents\GitHub\DaT-Parkinson\preproc_cache\znvp8gmn_f84f2b8d5a9e.npy,f84f2b8d5a9e,"{""centroid_threshold_pct"": 0.4, ""crop_size"": 64, ""intensity_p_high"": 99, ""intensity_p_low"": 1, ""target_spacing_mm"": 2.9}",1785260378.3377564,cached,,0.0,1.0,0.3012952506542206,0.2805347740650177,0.8028411865234375,True,high_intensity_touches_boundary:y
hie9ede1,c:\Users\myben\OneDrive\Documents\GitHub\DaT-Parkinson\niftis\hie9ede1.nii.gz,c:\Users\myben\OneDrive\Documents\GitHub\DaT-Parkinson\preproc_cache\hie9ede1_f84f2b8d5a9e.npy,f84f2b8d5a9e,"{""centroid_threshold_pct"": 0.4, ""crop_size"": 64, ""intensity_p_high"": 99, ""intensity_p_low"": 1, ""target_spacing_mm"": 2.9}",1785260368.7139256,cached,,0.0,1.0,0.24167975783348083,0.25362205505371094,0.7541694641113281,True,high_intensity_touches_boundary:y
zublekvl,c:\Users\myben\OneDrive\Documents\GitHub\DaT-Parkinson\niftis\zublekvl.nii.gz,c:\Users\myben\OneDrive\Documents\GitHub\DaT-Parkinson\preproc_cache\zublekvl_f84f2b8d5a9e.npy,f84f2b8d5a9e,"{""centroid_threshold_pct"": 0.4, ""crop_size"": 64, ""intensity_p_high"": 99, ""intensity_p_low"": 1, ""target_spacing_mm"": 2.9}",1785260378.4055326,cached,,0.0,1.0,0.26794949173927307,0.2797296941280365,0.8208084106445312,True,high_intensity_touches_boundary:y
9ptk4gc4,c:\Users\myben\OneDrive\Documents\GitHub\DaT-Parkinson\niftis\9ptk4gc4.nii.gz,c:\Users\myben\OneDrive\Documents\GitHub\DaT-Parkinson\preproc_cache\9ptk4gc4_f84f2b8d5a9e.npy,f84f2b8d5a9e,"{""centroid_threshold_pct"": 0.4, ""crop_size"": 64, ""intensity_p_high"": 99, ""intensity_p_low"": 1, ""target_spacing_mm"": 2.9}",1785260364.395972,cached,,0.0,1.0,0.2624273896217346,0.26028111577033997,0.7787132263183594,True,high_intensity_touches_boundary:y
ryg9rdpx,c:\Users\myben\OneDrive\Documents\GitHub\DaT-Parkinson\niftis\ryg9rdpx.nii.gz,c:\Users\myben\OneDrive\Documents\GitHub\DaT-Parkinson\preproc_cache\ryg9rdpx_f84f2b8d5a9e.npy,f84f2b8d5a9e,"{""centroid_threshold_pct"": 0.4, ""crop_size"": 64, ""intensity_p_high"": 99, ""intensity_p_low"": 1, ""target_spacing_mm"": 2.9}",1785260374.2798166,cached,,0.0,1.0,0.29171478748321533,0.29357361793518066,0.7745933532714844,True,high_intensity_touches_boundary:y
dfovd79c,c:\Users\myben\OneDrive\Documents\GitHub\DaT-Parkinson\niftis\dfovd79c.nii.gz,c:\Users\myben\OneDrive\Documents\GitHub\DaT-Parkinson\preproc_cache\dfovd79c_f84f2b8d5a9e.npy,f84f2b8d5a9e,"{""centroid_threshold_pct"": 0.4, ""crop_size"": 64, ""intensity_p_high"": 99, ""intensity_p_low"": 1, ""target_spacing_mm"": 2.9}",1785260366.3488903,cached,,0.0,1.0,0.31154054403305054,0.27132946252822876,0.8269882202148438,True,high_intensity_touches_boundary:y
9mv9e40k,c:\Users\myben\OneDrive\Documents\GitHub\DaT-Parkinson\niftis\9mv9e40k.nii.gz,c:\Users\myben\OneDrive\Documents\GitHub\DaT-Parkinson\preproc_cache\9mv9e40k_f84f2b8d5a9e.npy,f84f2b8d5a9e,"{""centroid_threshold_pct"": 0.4, ""crop_size"": 64, ""intensity_p_high"": 99, ""intensity_p_low"": 1, ""target_spacing_mm"": 2.9}",1785260364.3259375,cached,,0.0,1.0,0.25294211506843567,0.26660335063934326,0.8104782104492188,True,high_intensity_touches_boundary:y
zuj2xorv,c:\Users\myben\OneDrive\Documents\GitHub\DaT-Parkinson\niftis\zuj2xorv.nii.gz,c:\Users\myben\OneDrive\Documents\GitHub\DaT-Parkinson\preproc_cache\zuj2xorv_f84f2b8d5a9e.npy,f84f2b8d5a9e,"{""centroid_threshold_pct"": 0.4, ""crop_size"": 64, ""intensity_p_high"": 99, ""intensity_p_low"": 1, ""target_spacing_mm"": 2.9}",1785260378.4181156,cached,,0.0,1.0,0.29642146825790405,0.2915303707122803,0.82330322265625,True,high_intensity_touches_boundary:y
ork1djrw,c:\Users\myben\OneDrive\Documents\GitHub\DaT-Parkinson\niftis\ork1djrw.nii.gz,c:\Users\myben\OneDrive\Documents\GitHub\DaT-Parkinson\preproc_cache\ork1djrw_f84f2b8d5a9e.npy,f84f2b8d5a9e,"{""centroid_threshold_pct"": 0.4, ""crop_size"": 64, ""intensity_p_high"": 99, ""intensity_p_low"": 1, ""target_spacing_mm"": 2.9}",1785260372.5532832,cached,,0.0,1.0,0.2614378035068512,0.2727949619293213,0.7674331665039062,True,high_intensity_touches_boundary:y
edbcy8ny,c:\Users\myben\OneDrive\Documents\GitHub\DaT-Parkinson\niftis\edbcy8ny.nii.gz,c:\Users\myben\OneDrive\Documents\GitHub\DaT-Parkinson\preproc_cache\edbcy8ny_f84f2b8d5a9e.npy,f84f2b8d5a9e,"{""centroid_threshold_pct"": 0.4, ""crop_size"": 64, ""intensity_p_high"": 99, ""intensity_p_low"": 1, ""target_spacing_mm"": 2.9}",1785260366.89853,cached,,0.0,1.0,0.27718496322631836,0.29256927967071533,0.7761077880859375,True,high_intensity_touches_boundary:y
fwdc112h,c:\Users\myben\OneDrive\Documents\GitHub\DaT-Parkinson\niftis\fwdc112h.nii.gz,c:\Users\myben\OneDrive\Documents\GitHub\DaT-Parkinson\preproc_cache\fwdc112h_f84f2b8d5a9e.npy,f84f2b8d5a9e,"{""centroid_threshold_pct"": 0.4, ""crop_size"": 64, ""intensity_p_high"": 99, ""intensity_p_low"": 1, ""target_spacing_mm"": 2.9}",1785260367.8951514,cached,,0.0,1.0,0.24519632756710052,0.2749907076358795,0.7310256958007812,True,high_intensity_touches_boundary:y
xrjm4t8b,c:\Users\myben\OneDrive\Documents\GitHub\DaT-Parkinson\niftis\xrjm4t8b.nii.gz,c:\Users\myben\OneDrive\Documents\GitHub\DaT-Parkinson\preproc_cache\xrjm4t8b_f84f2b8d5a9e.npy,f84f2b8d5a9e,"{""centroid_threshold_pct"": 0.4, ""crop_size"": 64, ""intensity_p_high"": 99, ""intensity_p_low"": 1, ""target_spacing_mm"": 2.9}",1785260377.3251204,cached,,0.0,1.0,0.1969415545463562,0.24935071170330048,0.7973060607910156,True,
p6nlnqbu,c:\Users\myben\OneDrive\Documents\GitHub\DaT-Parkinson\niftis\p6nlnqbu.nii.gz,c:\Users\myben\OneDrive\Documents\GitHub\DaT-Parkinson\preproc_cache\p6nlnqbu_f84f2b8d5a9e.npy,f84f2b8d5a9e,"{""centroid_threshold_pct"": 0.4, ""crop_size"": 64, ""intensity_p_high"": 99, ""intensity_p_low"": 1, ""target_spacing_mm"": 2.9}",1785260372.7285893,cached,,0.0,1.0,0.26142430305480957,0.26752904057502747,0.7518577575683594,True,high_intensity_touches_boundary:y
4kzrezrd,c:\Users\myben\OneDrive\Documents\GitHub\DaT-Parkinson\niftis\4kzrezrd.nii.gz,c:\Users\myben\OneDrive\Documents\GitHub\DaT-Parkinson\preproc_cache\4kzrezrd_f84f2b8d5a9e.npy,f84f2b8d5a9e,"{""centroid_threshold_pct"": 0.4, ""crop_size"": 64, ""intensity_p_high"": 99, ""intensity_p_low"": 1, ""target_spacing_mm"": 2.9}",1785260361.8297894,cached,,0.0,1.0,0.2773491144180298,0.2594377100467682,0.8203201293945312,True,"high_intensity_touches_boundary:x,y"
yxyur4so,c:\Users\myben\OneDrive\Documents\GitHub\DaT-Parkinson\niftis\yxyur4so.nii.gz,c:\Users\myben\OneDrive\Documents\GitHub\DaT-Parkinson\preproc_cache\yxyur4so_f84f2b8d5a9e.npy,f84f2b8d5a9e,"{""centroid_threshold_pct"": 0.4, ""crop_size"": 64, ""intensity_p_high"": 99, ""intensity_p_low"": 1, ""target_spacing_mm"": 2.9}",1785260378.029158,cached,,0.0,1.0,0.30486834049224854,0.29088127613067627,0.8276405334472656,True,high_intensity_touches_boundary:y
r8wm9lbb,c:\Users\myben\OneDrive\Documents\GitHub\DaT-Parkinson\niftis\r8wm9lbb.nii.gz,c:\Users\myben\OneDrive\Documents\GitHub\DaT-Parkinson\preproc_cache\r8wm9lbb_f84f2b8d5a9e.npy,f84f2b8d5a9e,"{""centroid_threshold_pct"": 0.4, ""crop_size"": 64, ""intensity_p_high"": 99, ""intensity_p_low"": 1, ""target_spacing_mm"": 2.9}",1785260373.8672864,cached,,0.0,1.0,0.27200043201446533,0.2731063663959503,0.8122787475585938,True,high_intensity_touches_boundary:y
4m0a6mdm,c:\Users\myben\OneDrive\Documents\GitHub\DaT-Parkinson\niftis\4m0a6mdm.nii.gz,c:\Users\myben\OneDrive\Documents\GitHub\DaT-Parkinson\preproc_cache\4m0a6mdm_f84f2b8d5a9e.npy,f84f2b8d5a9e,"{""centroid_threshold_pct"": 0.4, ""crop_size"": 64, ""intensity_p_high"": 99, ""intensity_p_low"": 1, ""target_spacing_mm"": 2.9}",1785260361.8562806,cached,,0.0,1.0,0.2705742120742798,0.26175087690353394,0.8184051513671875,True,high_intensity_touches_boundary:y
mmxixv6c,c:\Users\myben\OneDrive\Documents\GitHub\DaT-Parkinson\niftis\mmxixv6c.nii.gz,c:\Users\myben\OneDrive\Documents\GitHub\DaT-Parkinson\preproc_cache\mmxixv6c_f84f2b8d5a9e.npy,f84f2b8d5a9e,"{""centroid_threshold_pct"": 0.4, ""crop_size"": 64, ""intensity_p_high"": 99, ""intensity_p_low"": 1, ""target_spacing_mm"": 2.9}",1785260371.2226613,cached,,0.0,1.0,0.3124465346336365,0.27711424231529236,0.7911567687988281,True,"high_intensity_touches_boundary:x,y"
kmalq5u6,c:\Users\myben\OneDrive\Documents\GitHub\DaT-Parkinson\niftis\kmalq5u6.nii.gz,c:\Users\myben\OneDrive\Documents\GitHub\DaT-Parkinson\preproc_cache\kmalq5u6_f84f2b8d5a9e.npy,f84f2b8d5a9e,"{""centroid_threshold_pct"": 0.4, ""crop_size"": 64, ""intensity_p_high"": 99, ""intensity_p_low"": 1, ""target_spacing_mm"": 2.9}",1785260370.4252336,cached,,0.0,1.0,0.27775320410728455,0.2936681807041168,0.780792236328125,True,high_intensity_touches_boundary:y
jzv9nou3,c:\Users\myben\OneDrive\Documents\GitHub\DaT-Parkinson\niftis\jzv9nou3.nii.gz,c:\Users\myben\OneDrive\Documents\GitHub\DaT-Parkinson\preproc_cache\jzv9nou3_f84f2b8d5a9e.npy,f84f2b8d5a9e,"{""centroid_threshold_pct"": 0.4, ""crop_size"": 64, ""intensity_p_high"": 99, ""intensity_p_low"": 1, ""target_spacing_mm"": 2.9}",1785260369.9444149,cached,,0.0,1.0,0.2391819953918457,0.25789156556129456,0.7938423156738281,True,high_intensity_touches_boundary:y
dyms1mwn,c:\Users\myben\OneDrive\Documents\GitHub\DaT-Parkinson\niftis\dyms1mwn.nii.gz,c:\Users\myben\OneDrive\Documents\GitHub\DaT-Parkinson\preproc_cache\dyms1mwn_f84f2b8d5a9e.npy,f84f2b8d5a9e,"{""centroid_threshold_pct"": 0.4, ""crop_size"": 64, ""intensity_p_high"": 99, ""intensity_p_low"": 1, ""target_spacing_mm"": 2.9}",1785260366.5850785,cached,,0.0,1.0,0.2867046296596527,0.29224634170532227,0.7969093322753906,True,high_intensity_touches_boundary:y
pr424tkb,c:\Users\myben\OneDrive\Documents\GitHub\DaT-Parkinson\niftis\pr424tkb.nii.gz,c:\Users\myben\OneDrive\Documents\GitHub\DaT-Parkinson\preproc_cache\pr424tkb_f84f2b8d5a9e.npy,f84f2b8d5a9e,"{""centroid_threshold_pct"": 0.4, ""crop_size"": 64, ""intensity_p_high"": 99, ""intensity_p_low"": 1, ""target_spacing_mm"": 2.9}",1785260373.0600784,cached,,0.0,1.0,0.3086758255958557,0.2721518874168396,0.8460464477539062,True,high_intensity_touches_boundary:y
9oi0d4dm,c:\Users\myben\OneDrive\Documents\GitHub\DaT-Parkinson\niftis\9oi0d4dm.nii.gz,c:\Users\myben\OneDrive\Documents\GitHub\DaT-Parkinson\preproc_cache\9oi0d4dm_f84f2b8d5a9e.npy,f84f2b8d5a9e,"{""centroid_threshold_pct"": 0.4, ""crop_size"": 64, ""intensity_p_high"": 99, ""intensity_p_low"": 1, ""target_spacing_mm"": 2.9}",1785260364.3676765,cached,,0.0,1.0,0.30484312772750854,0.29522237181663513,0.7689781188964844,True,high_intensity_touches_boundary:y
c2rh2xk2,c:\Users\myben\OneDrive\Documents\GitHub\DaT-Parkinson\niftis\c2rh2xk2.nii.gz,c:\Users\myben\OneDrive\Documents\GitHub\DaT-Parkinson\preproc_cache\c2rh2xk2_f84f2b8d5a9e.npy,f84f2b8d5a9e,"{""centroid_threshold_pct"": 0.4, ""crop_size"": 64, ""intensity_p_high"": 99, ""intensity_p_low"": 1, ""target_spacing_mm"": 2.9}",1785260365.4974926,cached,,0.0,1.0,0.32309645414352417,0.2972145080566406,0.8103294372558594,True,high_intensity_touches_boundary:y
pthowq1g,c:\Users\myben\OneDrive\Documents\GitHub\DaT-Parkinson\niftis\pthowq1g.nii.gz,c:\Users\myben\OneDrive\Documents\GitHub\DaT-Parkinson\preproc_cache\pthowq1g_f84f2b8d5a9e.npy,f84f2b8d5a9e,"{""centroid_threshold_pct"": 0.4, ""crop_size"": 64, ""intensity_p_high"": 99, ""intensity_p_low"": 1, ""target_spacing_mm"": 2.9}",1785260373.0920584,cached,,0.0,1.0,0.20575396716594696,0.21216559410095215,0.9631614685058594,True,
az5uh80q,c:\Users\myben\OneDrive\Documents\GitHub\DaT-Parkinson\niftis\az5uh80q.nii.gz,c:\Users\myben\OneDrive\Documents\GitHub\DaT-Parkinson\preproc_cache\az5uh80q_f84f2b8d5a9e.npy,f84f2b8d5a9e,"{""centroid_threshold_pct"": 0.4, ""crop_size"": 64, ""intensity_p_high"": 99, ""intensity_p_low"": 1, ""target_spacing_mm"": 2.9}",1785260364.8659494,cached,,0.0,1.0,0.2720908522605896,0.26925361156463623,0.7543411254882812,True,high_intensity_touches_boundary:y
7tw1puws,c:\Users\myben\OneDrive\Documents\GitHub\DaT-Parkinson\niftis\7tw1puws.nii.gz,c:\Users\myben\OneDrive\Documents\GitHub\DaT-Parkinson\preproc_cache\7tw1puws_f84f2b8d5a9e.npy,f84f2b8d5a9e,"{""centroid_threshold_pct"": 0.4, ""crop_size"": 64, ""intensity_p_high"": 99, ""intensity_p_low"": 1, ""target_spacing_mm"": 2.9}",1785260363.4118989,cached,,0.0,1.0,0.2672949433326721,0.27899375557899475,0.7495231628417969,True,high_intensity_touches_boundary:y
nffykpl3,c:\Users\myben\OneDrive\Documents\GitHub\DaT-Parkinson\niftis\nffykpl3.nii.gz,c:\Users\myben\OneDrive\Documents\GitHub\DaT-Parkinson\preproc_cache\nffykpl3_f84f2b8d5a9e.npy,f84f2b8d5a9e,"{""centroid_threshold_pct"": 0.4, ""crop_size"": 64, ""intensity_p_high"": 99, ""intensity_p_low"": 1, ""target_spacing_mm"": 2.9}",1785260371.6805742,cached,,0.0,1.0,0.3088536858558655,0.2863095700740814,0.83203125,True,high_intensity_touches_boundary:y
cho3xjvo,c:\Users\myben\OneDrive\Documents\GitHub\DaT-Parkinson\niftis\cho3xjvo.nii.gz,c:\Users\myben\OneDrive\Documents\GitHub\DaT-Parkinson\preproc_cache\cho3xjvo_f84f2b8d5a9e.npy,f84f2b8d5a9e,"{""centroid_threshold_pct"": 0.4, ""crop_size"": 64, ""intensity_p_high"": 99, ""intensity_p_low"": 1, ""target_spacing_mm"": 2.9}",1785260365.7014875,cached,,0.0,1.0,0.28704261779785156,0.30171090364456177,0.8065567016601562,True,high_intensity_touches_boundary:y
egi3qupx,c:\Users\myben\OneDrive\Documents\GitHub\DaT-Parkinson\niftis\egi3qupx.nii.gz,c:\Users\myben\OneDrive\Documents\GitHub\DaT-Parkinson\preproc_cache\egi3qupx_f84f2b8d5a9e.npy,f84f2b8d5a9e,"{""centroid_threshold_pct"": 0.4, ""crop_size"": 64, ""intensity_p_high"": 99, ""intensity_p_low"": 1, ""target_spacing_mm"": 2.9}",1785260367.0170999,cached,,0.0,1.0,0.2532968521118164,0.25489670038223267,0.8134346008300781,True,high_intensity_touches_boundary:y
bfej2xg4,c:\Users\myben\OneDrive\Documents\GitHub\DaT-Parkinson\niftis\bfej2xg4.nii.gz,c:\Users\myben\OneDrive\Documents\GitHub\DaT-Parkinson\preproc_cache\bfej2xg4_f84f2b8d5a9e.npy,f84f2b8d5a9e,"{""centroid_threshold_pct"": 0.4, ""crop_size"": 64, ""intensity_p_high"": 99, ""intensity_p_low"": 1, ""target_spacing_mm"": 2.9}",1785260365.103193,cached,,0.0,1.0,0.23410800099372864,0.27804073691368103,0.7132492065429688,True,
8ra4dv56,c:\Users\myben\OneDrive\Documents\GitHub\DaT-Parkinson\niftis\8ra4dv56.nii.gz,c:\Users\myben\OneDrive\Documents\GitHub\DaT-Parkinson\preproc_cache\8ra4dv56_f84f2b8d5a9e.npy,f84f2b8d5a9e,"{""centroid_threshold_pct"": 0.4, ""crop_size"": 64, ""intensity_p_high"": 99, ""intensity_p_low"": 1, ""target_spacing_mm"": 2.9}",1785260363.9812965,cached,,0.0,1.0,0.2802879214286804,0.2990206182003021,0.7773551940917969,True,high_intensity_touches_boundary:y
onxd70fe,c:\Users\myben\OneDrive\Documents\GitHub\DaT-Parkinson\niftis\onxd70fe.nii.gz,c:\Users\myben\OneDrive\Documents\GitHub\DaT-Parkinson\preproc_cache\onxd70fe_f84f2b8d5a9e.npy,f84f2b8d5a9e,"{""centroid_threshold_pct"": 0.4, ""crop_size"": 64, ""intensity_p_high"": 99, ""intensity_p_low"": 1, ""target_spacing_mm"": 2.9}",1785260372.4847646,cached,,0.0,1.0,0.3124168813228607,0.3031649887561798,0.8716163635253906,True,high_intensity_touches_boundary:y
07s387j5,c:\Users\myben\OneDrive\Documents\GitHub\DaT-Parkinson\niftis\07s387j5.nii.gz,c:\Users\myben\OneDrive\Documents\GitHub\DaT-Parkinson\preproc_cache\07s387j5_f84f2b8d5a9e.npy,f84f2b8d5a9e,"{""centroid_threshold_pct"": 0.4, ""crop_size"": 64, ""intensity_p_high"": 99, ""intensity_p_low"": 1, ""target_spacing_mm"": 2.9}",1785260359.2380404,cached,,0.0,1.0,0.2950647175312042,0.2807610332965851,0.8157882690429688,True,high_intensity_touches_boundary:y
ie3lvo0i,c:\Users\myben\OneDrive\Documents\GitHub\DaT-Parkinson\niftis\ie3lvo0i.nii.gz,c:\Users\myben\OneDrive\Documents\GitHub\DaT-Parkinson\preproc_cache\ie3lvo0i_f84f2b8d5a9e.npy,f84f2b8d5a9e,"{""centroid_threshold_pct"": 0.4, ""crop_size"": 64, ""intensity_p_high"": 99, ""intensity_p_low"": 1, ""target_spacing_mm"": 2.9}",1785260369.1002336,cached,,0.0,1.0,0.2940794825553894,0.26982083916664124,0.7579574584960938,True,high_intensity_touches_boundary:y
pfg8pjvr,c:\Users\myben\OneDrive\Documents\GitHub\DaT-Parkinson\niftis\pfg8pjvr.nii.gz,c:\Users\myben\OneDrive\Documents\GitHub\DaT-Parkinson\preproc_cache\pfg8pjvr_f84f2b8d5a9e.npy,f84f2b8d5a9e,"{""centroid_threshold_pct"": 0.4, ""crop_size"": 64, ""intensity_p_high"": 99, ""intensity_p_low"": 1, ""target_spacing_mm"": 2.9}",1785260372.8917496,cached,,0.0,1.0,0.2802218794822693,0.27400773763656616,0.8091392517089844,True,high_intensity_touches_boundary:y
n8lpy857,c:\Users\myben\OneDrive\Documents\GitHub\DaT-Parkinson\niftis\n8lpy857.nii.gz,c:\Users\myben\OneDrive\Documents\GitHub\DaT-Parkinson\preproc_cache\n8lpy857_f84f2b8d5a9e.npy,f84f2b8d5a9e,"{""centroid_threshold_pct"": 0.4, ""crop_size"": 64, ""intensity_p_high"": 99, ""intensity_p_low"": 1, ""target_spacing_mm"": 2.9}",1785260371.5046532,cached,,0.0,1.0,0.27531570196151733,0.2813817262649536,0.7966880798339844,True,
nz3a8v4x,c:\Users\myben\OneDrive\Documents\GitHub\DaT-Parkinson\niftis\nz3a8v4x.nii.gz,c:\Users\myben\OneDrive\Documents\GitHub\DaT-Parkinson\preproc_cache\nz3a8v4x_f84f2b8d5a9e.npy,f84f2b8d5a9e,"{""centroid_threshold_pct"": 0.4, ""crop_size"": 64, ""intensity_p_high"": 99, ""intensity_p_low"": 1, ""target_spacing_mm"": 2.9}",1785260372.0272205,cached,,0.0,1.0,0.26308637857437134,0.289659708738327,0.7842826843261719,True,
7y2itl8n,c:\Users\myben\OneDrive\Documents\GitHub\DaT-Parkinson\niftis\7y2itl8n.nii.gz,c:\Users\myben\OneDrive\Documents\GitHub\DaT-Parkinson\preproc_cache\7y2itl8n_f84f2b8d5a9e.npy,f84f2b8d5a9e,"{""centroid_threshold_pct"": 0.4, ""crop_size"": 64, ""intensity_p_high"": 99, ""intensity_p_low"": 1, ""target_spacing_mm"": 2.9}",1785260363.4472685,cached,,0.0,1.0,0.32355618476867676,0.27200642228126526,0.7818336486816406,True,"high_intensity_touches_boundary:x,y"
3e54n6o9,c:\Users\myben\OneDrive\Documents\GitHub\DaT-Parkinson\niftis\3e54n6o9.nii.gz,c:\Users\myben\OneDrive\Documents\GitHub\DaT-Parkinson\preproc_cache\3e54n6o9_f84f2b8d5a9e.npy,f84f2b8d5a9e,"{""centroid_threshold_pct"": 0.4, ""crop_size"": 64, ""intensity_p_high"": 99, ""intensity_p_low"": 1, ""target_spacing_mm"": 2.9}",1785260361.0798073,cached,,0.0,1.0,0.2649194896221161,0.28040045499801636,0.7535896301269531,True,high_intensity_touches_boundary:y
jd3ih66w,c:\Users\myben\OneDrive\Documents\GitHub\DaT-Parkinson\niftis\jd3ih66w.nii.gz,c:\Users\myben\OneDrive\Documents\GitHub\DaT-Parkinson\preproc_cache\jd3ih66w_f84f2b8d5a9e.npy,f84f2b8d5a9e,"{""centroid_threshold_pct"": 0.4, ""crop_size"": 64, ""intensity_p_high"": 99, ""intensity_p_low"": 1, ""target_spacing_mm"": 2.9}",1785260369.5278764,cached,,0.0,1.0,0.2676818370819092,0.2850106656551361,0.7737197875976562,True,high_intensity_touches_boundary:y
51ob537q,c:\Users\myben\OneDrive\Documents\GitHub\DaT-Parkinson\niftis\51ob537q.nii.gz,c:\Users\myben\OneDrive\Documents\GitHub\DaT-Parkinson\preproc_cache\51ob537q_f84f2b8d5a9e.npy,f84f2b8d5a9e,"{""centroid_threshold_pct"": 0.4, ""crop_size"": 64, ""intensity_p_high"": 99, ""intensity_p_low"": 1, ""target_spacing_mm"": 2.9}",1785260362.1113377,cached,,0.0,1.0,0.2710186243057251,0.25828689336776733,0.8409461975097656,True,high_intensity_touches_boundary:y
o4z533zs,c:\Users\myben\OneDrive\Documents\GitHub\DaT-Parkinson\niftis\o4z533zs.nii.gz,c:\Users\myben\OneDrive\Documents\GitHub\DaT-Parkinson\preproc_cache\o4z533zs_f84f2b8d5a9e.npy,f84f2b8d5a9e,"{""centroid_threshold_pct"": 0.4, ""crop_size"": 64, ""intensity_p_high"": 99, ""intensity_p_low"": 1, ""target_spacing_mm"": 2.9}",1785260372.1439943,cached,,0.0,1.0,0.26727089285850525,0.27197128534317017,0.79986572265625,True,high_intensity_touches_boundary:y
mv30qabx,c:\Users\myben\OneDrive\Documents\GitHub\DaT-Parkinson\niftis\mv30qabx.nii.gz,c:\Users\myben\OneDrive\Documents\GitHub\DaT-Parkinson\preproc_cache\mv30qabx_f84f2b8d5a9e.npy,f84f2b8d5a9e,"{""centroid_threshold_pct"": 0.4, ""crop_size"": 64, ""intensity_p_high"": 99, ""intensity_p_low"": 1, ""target_spacing_mm"": 2.9}",1785260371.3460598,cached,,0.0,1.0,0.25516754388809204,0.2693556845188141,0.7843704223632812,True,high_intensity_touches_boundary:y
w2eowlcf,c:\Users\myben\OneDrive\Documents\GitHub\DaT-Parkinson\niftis\w2eowlcf.nii.gz,c:\Users\myben\OneDrive\Documents\GitHub\DaT-Parkinson\preproc_cache\w2eowlcf_f84f2b8d5a9e.npy,f84f2b8d5a9e,"{""centroid_threshold_pct"": 0.4, ""crop_size"": 64, ""intensity_p_high"": 99, ""intensity_p_low"": 1, ""target_spacing_mm"": 2.9}",1785260376.4381342,cached,,0.0,1.0,0.2612050175666809,0.2820568084716797,0.745025634765625,True,
s8314y2l,c:\Users\myben\OneDrive\Documents\GitHub\DaT-Parkinson\niftis\s8314y2l.nii.gz,c:\Users\myben\OneDrive\Documents\GitHub\DaT-Parkinson\preproc_cache\s8314y2l_f84f2b8d5a9e.npy,f84f2b8d5a9e,"{""centroid_threshold_pct"": 0.4, ""crop_size"": 64, ""intensity_p_high"": 99, ""intensity_p_low"": 1, ""target_spacing_mm"": 2.9}",1785260374.4000297,cached,,0.0,1.0,0.26730966567993164,0.28846657276153564,0.7465705871582031,True,high_intensity_touches_boundary:y
r0jy32ho,c:\Users\myben\OneDrive\Documents\GitHub\DaT-Parkinson\niftis\r0jy32ho.nii.gz,c:\Users\myben\OneDrive\Documents\GitHub\DaT-Parkinson\preproc_cache\r0jy32ho_f84f2b8d5a9e.npy,f84f2b8d5a9e,"{""centroid_threshold_pct"": 0.4, ""crop_size"": 64, ""intensity_p_high"": 99, ""intensity_p_low"": 1, ""target_spacing_mm"": 2.9}",1785260373.7450497,cached,,0.0,1.0,0.2799822688102722,0.2573695182800293,0.8265151977539062,True,high_intensity_touches_boundary:y
g585i87x,c:\Users\myben\OneDrive\Documents\GitHub\DaT-Parkinson\niftis\g585i87x.nii.gz,c:\Users\myben\OneDrive\Documents\GitHub\DaT-Parkinson\preproc_cache\g585i87x_f84f2b8d5a9e.npy,f84f2b8d5a9e,"{""centroid_threshold_pct"": 0.4, ""crop_size"": 64, ""intensity_p_high"": 99, ""intensity_p_low"": 1, ""target_spacing_mm"": 2.9}",1785260367.976371,cached,,0.0,1.0,0.27248191833496094,0.28112733364105225,0.791229248046875,True,high_intensity_touches_boundary:y
w69hzgop,c:\Users\myben\OneDrive\Documents\GitHub\DaT-Parkinson\niftis\w69hzgop.nii.gz,c:\Users\myben\OneDrive\Documents\GitHub\DaT-Parkinson\preproc_cache\w69hzgop_f84f2b8d5a9e.npy,f84f2b8d5a9e,"{""centroid_threshold_pct"": 0.4, ""crop_size"": 64, ""intensity_p_high"": 99, ""intensity_p_low"": 1, ""target_spacing_mm"": 2.9}",1785260376.5333245,cached,,0.0,1.0,0.281848669052124,0.277843177318573,0.802520751953125,True,high_intensity_touches_boundary:y
jdn8ezp7,c:\Users\myben\OneDrive\Documents\GitHub\DaT-Parkinson\niftis\jdn8ezp7.nii.gz,c:\Users\myben\OneDrive\Documents\GitHub\DaT-Parkinson\preproc_cache\jdn8ezp7_f84f2b8d5a9e.npy,f84f2b8d5a9e,"{""centroid_threshold_pct"": 0.4, ""crop_size"": 64, ""intensity_p_high"": 99, ""intensity_p_low"": 1, ""target_spacing_mm"": 2.9}",1785260369.557865,cached,,0.0,1.0,0.3652781546115875,0.2997370958328247,0.8435401916503906,True,high_intensity_touches_boundary:y
qyezg52k,c:\Users\myben\OneDrive\Documents\GitHub\DaT-Parkinson\niftis\qyezg52k.nii.gz,c:\Users\myben\OneDrive\Documents\GitHub\DaT-Parkinson\preproc_cache\qyezg52k_f84f2b8d5a9e.npy,f84f2b8d5a9e,"{""centroid_threshold_pct"": 0.4, ""crop_size"": 64, ""intensity_p_high"": 99, ""intensity_p_low"": 1, ""target_spacing_mm"": 2.9}",1785260373.7012355,cached,,0.0,1.0,0.30315905809402466,0.3124489486217499,0.7780189514160156,True,high_intensity_touches_boundary:y
re4v9kyp,c:\Users\myben\OneDrive\Documents\GitHub\DaT-Parkinson\niftis\re4v9kyp.nii.gz,c:\Users\myben\OneDrive\Documents\GitHub\DaT-Parkinson\preproc_cache\re4v9kyp_f84f2b8d5a9e.npy,f84f2b8d5a9e,"{""centroid_threshold_pct"": 0.4, ""crop_size"": 64, ""intensity_p_high"": 99, ""intensity_p_low"": 1, ""target_spacing_mm"": 2.9}",1785260373.9002833,cached,,0.0,1.0,0.2883819341659546,0.27747642993927,0.7920303344726562,True,high_intensity_touches_boundary:y
ofkjw6ny,c:\Users\myben\OneDrive\Documents\GitHub\DaT-Parkinson\niftis\ofkjw6ny.nii.gz,c:\Users\myben\OneDrive\Documents\GitHub\DaT-Parkinson\preproc_cache\ofkjw6ny_f84f2b8d5a9e.npy,f84f2b8d5a9e,"{""centroid_threshold_pct"": 0.4, ""crop_size"": 64, ""intensity_p_high"": 99, ""intensity_p_low"": 1, ""target_spacing_mm"": 2.9}",1785260372.2883563,cached,,0.0,1.0,0.31083202362060547,0.27470359206199646,0.8587684631347656,True,high_intensity_touches_boundary:y
qaelyyzz,c:\Users\myben\OneDrive\Documents\GitHub\DaT-Parkinson\niftis\qaelyyzz.nii.gz,c:\Users\myben\OneDrive\Documents\GitHub\DaT-Parkinson\preproc_cache\qaelyyzz_f84f2b8d5a9e.npy,f84f2b8d5a9e,"{""centroid_threshold_pct"": 0.4, ""crop_size"": 64, ""intensity_p_high"": 99, ""intensity_p_low"": 1, ""target_spacing_mm"": 2.9}",1785260373.2952387,cached,,0.0,1.0,0.26081061363220215,0.27720770239830017,0.7710609436035156,True,high_intensity_touches_boundary:y
0jdcli69,c:\Users\myben\OneDrive\Documents\GitHub\DaT-Parkinson\niftis\0jdcli69.nii.gz,c:\Users\myben\OneDrive\Documents\GitHub\DaT-Parkinson\preproc_cache\0jdcli69_f84f2b8d5a9e.npy,f84f2b8d5a9e,"{""centroid_threshold_pct"": 0.4, ""crop_size"": 64, ""intensity_p_high"": 99, ""intensity_p_low"": 1, ""target_spacing_mm"": 2.9}",1785260359.4658527,cached,,0.0,1.0,0.2645384669303894,0.2733098566532135,0.7747344970703125,True,high_intensity_touches_boundary:y
78v0bjwk,c:\Users\myben\OneDrive\Documents\GitHub\DaT-Parkinson\niftis\78v0bjwk.nii.gz,c:\Users\myben\OneDrive\Documents\GitHub\DaT-Parkinson\preproc_cache\78v0bjwk_f84f2b8d5a9e.npy,f84f2b8d5a9e,"{""centroid_threshold_pct"": 0.4, ""crop_size"": 64, ""intensity_p_high"": 99, ""intensity_p_low"": 1, ""target_spacing_mm"": 2.9}",1785260363.1901119,cached,,0.0,1.0,0.22101254761219025,0.2547495663166046,0.7561912536621094,True,
on8uujs7,c:\Users\myben\OneDrive\Documents\GitHub\DaT-Parkinson\niftis\on8uujs7.nii.gz,c:\Users\myben\OneDrive\Documents\GitHub\DaT-Parkinson\preproc_cache\on8uujs7_f84f2b8d5a9e.npy,f84f2b8d5a9e,"{""centroid_threshold_pct"": 0.4, ""crop_size"": 64, ""intensity_p_high"": 99, ""intensity_p_low"": 1, ""target_spacing_mm"": 2.9}",1785260372.4743085,cached,,0.0,1.0,0.28818434476852417,0.2883414030075073,0.7861442565917969,True,high_intensity_touches_boundary:y
5eltfebe,c:\Users\myben\OneDrive\Documents\GitHub\DaT-Parkinson\niftis\5eltfebe.nii.gz,c:\Users\myben\OneDrive\Documents\GitHub\DaT-Parkinson\preproc_cache\5eltfebe_f84f2b8d5a9e.npy,f84f2b8d5a9e,"{""centroid_threshold_pct"": 0.4, ""crop_size"": 64, ""intensity_p_high"": 99, ""intensity_p_low"": 1, ""target_spacing_mm"": 2.9}",1785260362.2780943,cached,,0.0,1.0,0.26765555143356323,0.2864667773246765,0.7471427917480469,True,high_intensity_touches_boundary:y
5407k5w1,c:\Users\myben\OneDrive\Documents\GitHub\DaT-Parkinson\niftis\5407k5w1.nii.gz,c:\Users\myben\OneDrive\Documents\GitHub\DaT-Parkinson\preproc_cache\5407k5w1_f84f2b8d5a9e.npy,f84f2b8d5a9e,"{""centroid_threshold_pct"": 0.4, ""crop_size"": 64, ""intensity_p_high"": 99, ""intensity_p_low"": 1, ""target_spacing_mm"": 2.9}",1785260362.155434,cached,,0.0,1.0,0.23677749931812286,0.2514997720718384,0.7350997924804688,True,high_intensity_touches_boundary:y
jl6l91f4,c:\Users\myben\OneDrive\Documents\GitHub\DaT-Parkinson\niftis\jl6l91f4.nii.gz,c:\Users\myben\OneDrive\Documents\GitHub\DaT-Parkinson\preproc_cache\jl6l91f4_f84f2b8d5a9e.npy,f84f2b8d5a9e,"{""centroid_threshold_pct"": 0.4, ""crop_size"": 64, ""intensity_p_high"": 99, ""intensity_p_low"": 1, ""target_spacing_mm"": 2.9}",1785260369.7552273,cached,,0.0,1.0,0.26940321922302246,0.2568592131137848,0.8326148986816406,True,high_intensity_touches_boundary:y
x2bfibjz,c:\Users\myben\OneDrive\Documents\GitHub\DaT-Parkinson\niftis\x2bfibjz.nii.gz,c:\Users\myben\OneDrive\Documents\GitHub\DaT-Parkinson\preproc_cache\x2bfibjz_f84f2b8d5a9e.npy,f84f2b8d5a9e,"{""centroid_threshold_pct"": 0.4, ""crop_size"": 64, ""intensity_p_high"": 99, ""intensity_p_low"": 1, ""target_spacing_mm"": 2.9}",1785260376.8936417,cached,,0.0,1.0,0.2827097773551941,0.2690655589103699,0.7931938171386719,True,high_intensity_touches_boundary:y
p97bmzrr,c:\Users\myben\OneDrive\Documents\GitHub\DaT-Parkinson\niftis\p97bmzrr.nii.gz,c:\Users\myben\OneDrive\Documents\GitHub\DaT-Parkinson\preproc_cache\p97bmzrr_f84f2b8d5a9e.npy,f84f2b8d5a9e,"{""centroid_threshold_pct"": 0.4, ""crop_size"": 64, ""intensity_p_high"": 99, ""intensity_p_low"": 1, ""target_spacing_mm"": 2.9}",1785260372.7694387,cached,,0.0,1.0,0.2767656445503235,0.2853965759277344,0.8125,True,high_intensity_touches_boundary:y
45ed5ggs,c:\Users\myben\OneDrive\Documents\GitHub\DaT-Parkinson\niftis\45ed5ggs.nii.gz,c:\Users\myben\OneDrive\Documents\GitHub\DaT-Parkinson\preproc_cache\45ed5ggs_f84f2b8d5a9e.npy,f84f2b8d5a9e,"{""centroid_threshold_pct"": 0.4, ""crop_size"": 64, ""intensity_p_high"": 99, ""intensity_p_low"": 1, ""target_spacing_mm"": 2.9}",1785260361.5584183,cached,,0.0,1.0,0.24606923758983612,0.2574128210544586,0.8007011413574219,True,high_intensity_touches_boundary:y
j6vv8suo,c:\Users\myben\OneDrive\Documents\GitHub\DaT-Parkinson\niftis\j6vv8suo.nii.gz,c:\Users\myben\OneDrive\Documents\GitHub\DaT-Parkinson\preproc_cache\j6vv8suo_f84f2b8d5a9e.npy,f84f2b8d5a9e,"{""centroid_threshold_pct"": 0.4, ""crop_size"": 64, ""intensity_p_high"": 99, ""intensity_p_low"": 1, ""target_spacing_mm"": 2.9}",1785260369.4265788,cached,,0.0,1.0,0.273399293422699,0.2756536602973938,0.7559127807617188,True,high_intensity_touches_boundary:y
c1y5ayyo,c:\Users\myben\OneDrive\Documents\GitHub\DaT-Parkinson\niftis\c1y5ayyo.nii.gz,c:\Users\myben\OneDrive\Documents\GitHub\DaT-Parkinson\preproc_cache\c1y5ayyo_f84f2b8d5a9e.npy,f84f2b8d5a9e,"{""centroid_threshold_pct"": 0.4, ""crop_size"": 64, ""intensity_p_high"": 99, ""intensity_p_low"": 1, ""target_spacing_mm"": 2.9}",1785260365.4626405,cached,,0.0,1.0,0.2828085422515869,0.2674654424190521,0.826416015625,True,high_intensity_touches_boundary:y
v84fc3xq,c:\Users\myben\OneDrive\Documents\GitHub\DaT-Parkinson\niftis\v84fc3xq.nii.gz,c:\Users\myben\OneDrive\Documents\GitHub\DaT-Parkinson\preproc_cache\v84fc3xq_f84f2b8d5a9e.npy,f84f2b8d5a9e,"{""centroid_threshold_pct"": 0.4, ""crop_size"": 64, ""intensity_p_high"": 99, ""intensity_p_low"": 1, ""target_spacing_mm"": 2.9}",1785260375.9473023,cached,,0.0,1.0,0.30199098587036133,0.27978694438934326,0.8446807861328125,True,high_intensity_touches_boundary:y
8va8x8l0,c:\Users\myben\OneDrive\Documents\GitHub\DaT-Parkinson\niftis\8va8x8l0.nii.gz,c:\Users\myben\OneDrive\Documents\GitHub\DaT-Parkinson\preproc_cache\8va8x8l0_f84f2b8d5a9e.npy,f84f2b8d5a9e,"{""centroid_threshold_pct"": 0.4, ""crop_size"": 64, ""intensity_p_high"": 99, ""intensity_p_low"": 1, ""target_spacing_mm"": 2.9}",1785260364.0110993,cached,,0.0,1.0,0.3085584044456482,0.2816711366176605,0.8587608337402344,True,high_intensity_touches_boundary:y
08uhbxlb,c:\Users\myben\OneDrive\Documents\GitHub\DaT-Parkinson\niftis\08uhbxlb.nii.gz,c:\Users\myben\OneDrive\Documents\GitHub\DaT-Parkinson\preproc_cache\08uhbxlb_f84f2b8d5a9e.npy,f84f2b8d5a9e,"{""centroid_threshold_pct"": 0.4, ""crop_size"": 64, ""intensity_p_high"": 99, ""intensity_p_low"": 1, ""target_spacing_mm"": 2.9}",1785260359.2837338,cached,,0.0,1.0,0.26225745677948,0.28452998399734497,0.7871627807617188,True,high_intensity_touches_boundary:y
c8nog85d,c:\Users\myben\OneDrive\Documents\GitHub\DaT-Parkinson\niftis\c8nog85d.nii.gz,c:\Users\myben\OneDrive\Documents\GitHub\DaT-Parkinson\preproc_cache\c8nog85d_f84f2b8d5a9e.npy,f84f2b8d5a9e,"{""centroid_threshold_pct"": 0.4, ""crop_size"": 64, ""intensity_p_high"": 99, ""intensity_p_low"": 1, ""target_spacing_mm"": 2.9}",1785260365.5768642,cached,,0.0,1.0,0.22292852401733398,0.25723156332969666,0.7724227905273438,True,
4f2k1xer,c:\Users\myben\OneDrive\Documents\GitHub\DaT-Parkinson\niftis\4f2k1xer.nii.gz,c:\Users\myben\OneDrive\Documents\GitHub\DaT-Parkinson\preproc_cache\4f2k1xer_f84f2b8d5a9e.npy,f84f2b8d5a9e,"{""centroid_threshold_pct"": 0.4, ""crop_size"": 64, ""intensity_p_high"": 99, ""intensity_p_low"": 1, ""target_spacing_mm"": 2.9}",1785260361.704718,cached,,0.0,1.0,0.2714715600013733,0.2749667167663574,0.8287086486816406,True,high_intensity_touches_boundary:x
p3lyex3s,c:\Users\myben\OneDrive\Documents\GitHub\DaT-Parkinson\niftis\p3lyex3s.nii.gz,c:\Users\myben\OneDrive\Documents\GitHub\DaT-Parkinson\preproc_cache\p3lyex3s_f84f2b8d5a9e.npy,f84f2b8d5a9e,"{""centroid_threshold_pct"": 0.4, ""crop_size"": 64, ""intensity_p_high"": 99, ""intensity_p_low"": 1, ""target_spacing_mm"": 2.9}",1785260372.7082317,cached,,0.0,1.0,0.28922033309936523,0.2824888527393341,0.8203887939453125,True,high_intensity_touches_boundary:y
r5rup13w,c:\Users\myben\OneDrive\Documents\GitHub\DaT-Parkinson\niftis\r5rup13w.nii.gz,c:\Users\myben\OneDrive\Documents\GitHub\DaT-Parkinson\preproc_cache\r5rup13w_f84f2b8d5a9e.npy,f84f2b8d5a9e,"{""centroid_threshold_pct"": 0.4, ""crop_size"": 64, ""intensity_p_high"": 99, ""intensity_p_low"": 1, ""target_spacing_mm"": 2.9}",1785260373.8055065,cached,,0.0,1.0,0.2819800078868866,0.2747306823730469,0.8139533996582031,True,high_intensity_touches_boundary:y
ppbmqiyf,c:\Users\myben\OneDrive\Documents\GitHub\DaT-Parkinson\niftis\ppbmqiyf.nii.gz,c:\Users\myben\OneDrive\Documents\GitHub\DaT-Parkinson\preproc_cache\ppbmqiyf_f84f2b8d5a9e.npy,f84f2b8d5a9e,"{""centroid_threshold_pct"": 0.4, ""crop_size"": 64, ""intensity_p_high"": 99, ""intensity_p_low"": 1, ""target_spacing_mm"": 2.9}",1785260373.0480745,cached,,0.0,1.0,0.29163557291030884,0.2854582667350769,0.8135757446289062,True,high_intensity_touches_boundary:y
rwskp6rf,c:\Users\myben\OneDrive\Documents\GitHub\DaT-Parkinson\niftis\rwskp6rf.nii.gz,c:\Users\myben\OneDrive\Documents\GitHub\DaT-Parkinson\preproc_cache\rwskp6rf_f84f2b8d5a9e.npy,f84f2b8d5a9e,"{""centroid_threshold_pct"": 0.4, ""crop_size"": 64, ""intensity_p_high"": 99, ""intensity_p_low"": 1, ""target_spacing_mm"": 2.9}",1785260374.2353332,cached,,0.0,1.0,0.2841259241104126,0.25372937321662903,0.890625,True,high_intensity_touches_boundary:y
e64skbcb,c:\Users\myben\OneDrive\Documents\GitHub\DaT-Parkinson\niftis\e64skbcb.nii.gz,c:\Users\myben\OneDrive\Documents\GitHub\DaT-Parkinson\preproc_cache\e64skbcb_f84f2b8d5a9e.npy,f84f2b8d5a9e,"{""centroid_threshold_pct"": 0.4, ""crop_size"": 64, ""intensity_p_high"": 99, ""intensity_p_low"": 1, ""target_spacing_mm"": 2.9}",1785260366.7575867,cached,,0.0,1.0,0.2910611033439636,0.27874064445495605,0.8171195983886719,True,high_intensity_touches_boundary:y
dpdxujjc,c:\Users\myben\OneDrive\Documents\GitHub\DaT-Parkinson\niftis\dpdxujjc.nii.gz,c:\Users\myben\OneDrive\Documents\GitHub\DaT-Parkinson\preproc_cache\dpdxujjc_f84f2b8d5a9e.npy,f84f2b8d5a9e,"{""centroid_threshold_pct"": 0.4, ""crop_size"": 64, ""intensity_p_high"": 99, ""intensity_p_low"": 1, ""target_spacing_mm"": 2.9}",1785260366.5280187,cached,,0.0,1.0,0.24750520288944244,0.2610890865325928,0.8036537170410156,True,
sexggoc5,c:\Users\myben\OneDrive\Documents\GitHub\DaT-Parkinson\niftis\sexggoc5.nii.gz,c:\Users\myben\OneDrive\Documents\GitHub\DaT-Parkinson\preproc_cache\sexggoc5_f84f2b8d5a9e.npy,f84f2b8d5a9e,"{""centroid_threshold_pct"": 0.4, ""crop_size"": 64, ""intensity_p_high"": 99, ""intensity_p_low"": 1, ""target_spacing_mm"": 2.9}",1785260374.4833448,cached,,0.0,1.0,0.28661149740219116,0.28449422121047974,0.8085365295410156,True,high_intensity_touches_boundary:y
kvqywj85,c:\Users\myben\OneDrive\Documents\GitHub\DaT-Parkinson\niftis\kvqywj85.nii.gz,c:\Users\myben\OneDrive\Documents\GitHub\DaT-Parkinson\preproc_cache\kvqywj85_f84f2b8d5a9e.npy,f84f2b8d5a9e,"{""centroid_threshold_pct"": 0.4, ""crop_size"": 64, ""intensity_p_high"": 99, ""intensity_p_low"": 1, ""target_spacing_mm"": 2.9}",1785260370.536345,cached,,0.0,1.0,0.2637958824634552,0.270476371049881,0.7498779296875,True,high_intensity_touches_boundary:y
gg0v5dta,c:\Users\myben\OneDrive\Documents\GitHub\DaT-Parkinson\niftis\gg0v5dta.nii.gz,c:\Users\myben\OneDrive\Documents\GitHub\DaT-Parkinson\preproc_cache\gg0v5dta_f84f2b8d5a9e.npy,f84f2b8d5a9e,"{""centroid_threshold_pct"": 0.4, ""crop_size"": 64, ""intensity_p_high"": 99, ""intensity_p_low"": 1, ""target_spacing_mm"": 2.9}",1785260368.1347513,cached,,0.0,1.0,0.23880209028720856,0.27737873792648315,0.7845535278320312,True,high_intensity_touches_boundary:y
egry58vr,c:\Users\myben\OneDrive\Documents\GitHub\DaT-Parkinson\niftis\egry58vr.nii.gz,c:\Users\myben\OneDrive\Documents\GitHub\DaT-Parkinson\preproc_cache\egry58vr_f84f2b8d5a9e.npy,f84f2b8d5a9e,"{""centroid_threshold_pct"": 0.4, ""crop_size"": 64, ""intensity_p_high"": 99, ""intensity_p_low"": 1, ""target_spacing_mm"": 2.9}",1785260367.0274084,cached,,0.0,1.0,0.2857557237148285,0.28710120916366577,0.7313880920410156,True,high_intensity_touches_boundary:y
w9myyoke,c:\Users\myben\OneDrive\Documents\GitHub\DaT-Parkinson\niftis\w9myyoke.nii.gz,c:\Users\myben\OneDrive\Documents\GitHub\DaT-Parkinson\preproc_cache\w9myyoke_f84f2b8d5a9e.npy,f84f2b8d5a9e,"{""centroid_threshold_pct"": 0.4, ""crop_size"": 64, ""intensity_p_high"": 99, ""intensity_p_low"": 1, ""target_spacing_mm"": 2.9}",1785260376.5818157,cached,,0.0,1.0,0.24905498325824738,0.28789401054382324,0.7932357788085938,True,high_intensity_touches_boundary:y
aea84hxx,c:\Users\myben\OneDrive\Documents\GitHub\DaT-Parkinson\niftis\aea84hxx.nii.gz,c:\Users\myben\OneDrive\Documents\GitHub\DaT-Parkinson\preproc_cache\aea84hxx_f84f2b8d5a9e.npy,f84f2b8d5a9e,"{""centroid_threshold_pct"": 0.4, ""crop_size"": 64, ""intensity_p_high"": 99, ""intensity_p_low"": 1, ""target_spacing_mm"": 2.9}",1785260364.655623,cached,,0.0,1.0,0.24412578344345093,0.25913697481155396,0.7685012817382812,True,high_intensity_touches_boundary:y
pw2gkqra,c:\Users\myben\OneDrive\Documents\GitHub\DaT-Parkinson\niftis\pw2gkqra.nii.gz,c:\Users\myben\OneDrive\Documents\GitHub\DaT-Parkinson\preproc_cache\pw2gkqra_f84f2b8d5a9e.npy,f84f2b8d5a9e,"{""centroid_threshold_pct"": 0.4, ""crop_size"": 64, ""intensity_p_high"": 99, ""intensity_p_low"": 1, ""target_spacing_mm"": 2.9}",1785260373.1340353,cached,,0.0,1.0,0.2162322700023651,0.2380928099155426,0.8605461120605469,True,high_intensity_touches_boundary:y
ffz8q4vh,c:\Users\myben\OneDrive\Documents\GitHub\DaT-Parkinson\niftis\ffz8q4vh.nii.gz,c:\Users\myben\OneDrive\Documents\GitHub\DaT-Parkinson\preproc_cache\ffz8q4vh_f84f2b8d5a9e.npy,f84f2b8d5a9e,"{""centroid_threshold_pct"": 0.4, ""crop_size"": 64, ""intensity_p_high"": 99, ""intensity_p_low"": 1, ""target_spacing_mm"": 2.9}",1785260367.6776712,cached,,0.0,1.0,0.26444482803344727,0.2666035294532776,0.8245582580566406,True,high_intensity_touches_boundary:y
u4bawz94,c:\Users\myben\OneDrive\Documents\GitHub\DaT-Parkinson\niftis\u4bawz94.nii.gz,c:\Users\myben\OneDrive\Documents\GitHub\DaT-Parkinson\preproc_cache\u4bawz94_f84f2b8d5a9e.npy,f84f2b8d5a9e,"{""centroid_threshold_pct"": 0.4, ""crop_size"": 64, ""intensity_p_high"": 99, ""intensity_p_low"": 1, ""target_spacing_mm"": 2.9}",1785260375.2690663,cached,,0.0,1.0,0.2820362448692322,0.266692191362381,0.7796592712402344,True,high_intensity_touches_boundary:y
0vtkrrvw,c:\Users\myben\OneDrive\Documents\GitHub\DaT-Parkinson\niftis\0vtkrrvw.nii.gz,c:\Users\myben\OneDrive\Documents\GitHub\DaT-Parkinson\preproc_cache\0vtkrrvw_f84f2b8d5a9e.npy,f84f2b8d5a9e,"{""centroid_threshold_pct"": 0.4, ""crop_size"": 64, ""intensity_p_high"": 99, ""intensity_p_low"": 1, ""target_spacing_mm"": 2.9}",1785260359.6440651,cached,,0.0,1.0,0.283740758895874,0.26315897703170776,0.8093528747558594,True,high_intensity_touches_boundary:y
y3rztplc,c:\Users\myben\OneDrive\Documents\GitHub\DaT-Parkinson\niftis\y3rztplc.nii.gz,c:\Users\myben\OneDrive\Documents\GitHub\DaT-Parkinson\preproc_cache\y3rztplc_f84f2b8d5a9e.npy,f84f2b8d5a9e,"{""centroid_threshold_pct"": 0.4, ""crop_size"": 64, ""intensity_p_high"": 99, ""intensity_p_low"": 1, ""target_spacing_mm"": 2.9}",1785260377.5603778,cached,,0.0,1.0,0.2713239789009094,0.2885564863681793,0.7219123840332031,True,high_intensity_touches_boundary:y
6prr7mza,c:\Users\myben\OneDrive\Documents\GitHub\DaT-Parkinson\niftis\6prr7mza.nii.gz,c:\Users\myben\OneDrive\Documents\GitHub\DaT-Parkinson\preproc_cache\6prr7mza_f84f2b8d5a9e.npy,f84f2b8d5a9e,"{""centroid_threshold_pct"": 0.4, ""crop_size"": 64, ""intensity_p_high"": 99, ""intensity_p_low"": 1, ""target_spacing_mm"": 2.9}",1785260362.8734043,cached,,0.0,1.0,0.25196683406829834,0.28086209297180176,0.7701225280761719,True,high_intensity_touches_boundary:y
kgmih6mv,c:\Users\myben\OneDrive\Documents\GitHub\DaT-Parkinson\niftis\kgmih6mv.nii.gz,c:\Users\myben\OneDrive\Documents\GitHub\DaT-Parkinson\preproc_cache\kgmih6mv_f84f2b8d5a9e.npy,f84f2b8d5a9e,"{""centroid_threshold_pct"": 0.4, ""crop_size"": 64, ""intensity_p_high"": 99, ""intensity_p_low"": 1, ""target_spacing_mm"": 2.9}",1785260370.3140764,cached,,0.0,1.0,0.2892817556858063,0.285691499710083,0.7685127258300781,True,high_intensity_touches_boundary:y
4xekz83y,c:\Users\myben\OneDrive\Documents\GitHub\DaT-Parkinson\niftis\4xekz83y.nii.gz,c:\Users\myben\OneDrive\Documents\GitHub\DaT-Parkinson\preproc_cache\4xekz83y_f84f2b8d5a9e.npy,f84f2b8d5a9e,"{""centroid_threshold_pct"": 0.4, ""crop_size"": 64, ""intensity_p_high"": 99, ""intensity_p_low"": 1, ""target_spacing_mm"": 2.9}",1785260362.0385149,cached,,0.0,1.0,0.2735670208930969,0.25852370262145996,0.8357734680175781,True,high_intensity_touches_boundary:y
0224wk0y,c:\Users\myben\OneDrive\Documents\GitHub\DaT-Parkinson\niftis\0224wk0y.nii.gz,c:\Users\myben\OneDrive\Documents\GitHub\DaT-Parkinson\preproc_cache\0224wk0y_f84f2b8d5a9e.npy,f84f2b8d5a9e,"{""centroid_threshold_pct"": 0.4, ""crop_size"": 64, ""intensity_p_high"": 99, ""intensity_p_low"": 1, ""target_spacing_mm"": 2.9}",1785260359.135818,cached,,0.0,1.0,0.29943227767944336,0.3098500669002533,0.7736930847167969,True,high_intensity_touches_boundary:y
ehvdo9kh,c:\Users\myben\OneDrive\Documents\GitHub\DaT-Parkinson\niftis\ehvdo9kh.nii.gz,c:\Users\myben\OneDrive\Documents\GitHub\DaT-Parkinson\preproc_cache\ehvdo9kh_f84f2b8d5a9e.npy,f84f2b8d5a9e,"{""centroid_threshold_pct"": 0.4, ""crop_size"": 64, ""intensity_p_high"": 99, ""intensity_p_low"": 1, ""target_spacing_mm"": 2.9}",1785260367.0630896,cached,,0.0,1.0,0.30358564853668213,0.289912611246109,0.7966766357421875,True,high_intensity_touches_boundary:y
ba5mf36b,c:\Users\myben\OneDrive\Documents\GitHub\DaT-Parkinson\niftis\ba5mf36b.nii.gz,c:\Users\myben\OneDrive\Documents\GitHub\DaT-Parkinson\preproc_cache\ba5mf36b_f84f2b8d5a9e.npy,f84f2b8d5a9e,"{""centroid_threshold_pct"": 0.4, ""crop_size"": 64, ""intensity_p_high"": 99, ""intensity_p_low"": 1, ""target_spacing_mm"": 2.9}",1785260364.977456,cached,,0.0,1.0,0.2532810866832733,0.2771736681461334,0.8064765930175781,True,
cpweijmm,c:\Users\myben\OneDrive\Documents\GitHub\DaT-Parkinson\niftis\cpweijmm.nii.gz,c:\Users\myben\OneDrive\Documents\GitHub\DaT-Parkinson\preproc_cache\cpweijmm_f84f2b8d5a9e.npy,f84f2b8d5a9e,"{""centroid_threshold_pct"": 0.4, ""crop_size"": 64, ""intensity_p_high"": 99, ""intensity_p_low"": 1, ""target_spacing_mm"": 2.9}",1785260365.8025844,cached,,0.0,1.0,0.3078728914260864,0.3077329993247986,0.8124008178710938,True,high_intensity_touches_boundary:y
b5jfysyz,c:\Users\myben\OneDrive\Documents\GitHub\DaT-Parkinson\niftis\b5jfysyz.nii.gz,c:\Users\myben\OneDrive\Documents\GitHub\DaT-Parkinson\preproc_cache\b5jfysyz_f84f2b8d5a9e.npy,f84f2b8d5a9e,"{""centroid_threshold_pct"": 0.4, ""crop_size"": 64, ""intensity_p_high"": 99, ""intensity_p_low"": 1, ""target_spacing_mm"": 2.9}",1785260364.942937,cached,,0.0,1.0,0.24311837553977966,0.2572757303714752,0.7156219482421875,True,high_intensity_touches_boundary:y
7pq4ddv2,c:\Users\myben\OneDrive\Documents\GitHub\DaT-Parkinson\niftis\7pq4ddv2.nii.gz,c:\Users\myben\OneDrive\Documents\GitHub\DaT-Parkinson\preproc_cache\7pq4ddv2_f84f2b8d5a9e.npy,f84f2b8d5a9e,"{""centroid_threshold_pct"": 0.4, ""crop_size"": 64, ""intensity_p_high"": 99, ""intensity_p_low"": 1, ""target_spacing_mm"": 2.9}",1785260363.3669968,cached,,0.0,1.0,0.2662315368652344,0.2758506238460541,0.7694091796875,True,high_intensity_touches_boundary:y
83bdw56f,c:\Users\myben\OneDrive\Documents\GitHub\DaT-Parkinson\niftis\83bdw56f.nii.gz,c:\Users\myben\OneDrive\Documents\GitHub\DaT-Parkinson\preproc_cache\83bdw56f_f84f2b8d5a9e.npy,f84f2b8d5a9e,"{""centroid_threshold_pct"": 0.4, ""crop_size"": 64, ""intensity_p_high"": 99, ""intensity_p_low"": 1, ""target_spacing_mm"": 2.9}",1785260363.541601,cached,,0.0,1.0,0.29661574959754944,0.2734476625919342,0.8252906799316406,True,high_intensity_touches_boundary:y
kps0dxme,c:\Users\myben\OneDrive\Documents\GitHub\DaT-Parkinson\niftis\kps0dxme.nii.gz,c:\Users\myben\OneDrive\Documents\GitHub\DaT-Parkinson\preproc_cache\kps0dxme_f84f2b8d5a9e.npy,f84f2b8d5a9e,"{""centroid_threshold_pct"": 0.4, ""crop_size"": 64, ""intensity_p_high"": 99, ""intensity_p_low"": 1, ""target_spacing_mm"": 2.9}",1785260370.4815085,cached,,0.0,1.0,0.25922340154647827,0.2738732099533081,0.8083724975585938,True,high_intensity_touches_boundary:y
4po1i3ms,c:\Users\myben\OneDrive\Documents\GitHub\DaT-Parkinson\niftis\4po1i3ms.nii.gz,c:\Users\myben\OneDrive\Documents\GitHub\DaT-Parkinson\preproc_cache\4po1i3ms_f84f2b8d5a9e.npy,f84f2b8d5a9e,"{""centroid_threshold_pct"": 0.4, ""crop_size"": 64, ""intensity_p_high"": 99, ""intensity_p_low"": 1, ""target_spacing_mm"": 2.9}",1785260361.9096565,cached,,0.0,1.0,0.2637194097042084,0.2787521779537201,0.8373451232910156,True,high_intensity_touches_boundary:y
dn1mxf1p,c:\Users\myben\OneDrive\Documents\GitHub\DaT-Parkinson\niftis\dn1mxf1p.nii.gz,c:\Users\myben\OneDrive\Documents\GitHub\DaT-Parkinson\preproc_cache\dn1mxf1p_f84f2b8d5a9e.npy,f84f2b8d5a9e,"{""centroid_threshold_pct"": 0.4, ""crop_size"": 64, ""intensity_p_high"": 99, ""intensity_p_low"": 1, ""target_spacing_mm"": 2.9}",1785260366.487588,cached,,0.0,1.0,0.2577085494995117,0.27687618136405945,0.7575492858886719,True,
i2ooq42n,c:\Users\myben\OneDrive\Documents\GitHub\DaT-Parkinson\niftis\i2ooq42n.nii.gz,c:\Users\myben\OneDrive\Documents\GitHub\DaT-Parkinson\preproc_cache\i2ooq42n_f84f2b8d5a9e.npy,f84f2b8d5a9e,"{""centroid_threshold_pct"": 0.4, ""crop_size"": 64, ""intensity_p_high"": 99, ""intensity_p_low"": 1, ""target_spacing_mm"": 2.9}",1785260368.97681,cached,,0.0,1.0,0.2859072685241699,0.2791886329650879,0.8275413513183594,True,high_intensity_touches_boundary:y
bfa37dl9,c:\Users\myben\OneDrive\Documents\GitHub\DaT-Parkinson\niftis\bfa37dl9.nii.gz,c:\Users\myben\OneDrive\Documents\GitHub\DaT-Parkinson\preproc_cache\bfa37dl9_f84f2b8d5a9e.npy,f84f2b8d5a9e,"{""centroid_threshold_pct"": 0.4, ""crop_size"": 64, ""intensity_p_high"": 99, ""intensity_p_low"": 1, ""target_spacing_mm"": 2.9}",1785260365.0928497,cached,,0.0,1.0,0.2445501983165741,0.27703776955604553,0.7522392272949219,True,high_intensity_touches_boundary:y
fc1xx6cw,c:\Users\myben\OneDrive\Documents\GitHub\DaT-Parkinson\niftis\fc1xx6cw.nii.gz,c:\Users\myben\OneDrive\Documents\GitHub\DaT-Parkinson\preproc_cache\fc1xx6cw_f84f2b8d5a9e.npy,f84f2b8d5a9e,"{""centroid_threshold_pct"": 0.4, ""crop_size"": 64, ""intensity_p_high"": 99, ""intensity_p_low"": 1, ""target_spacing_mm"": 2.9}",1785260367.5995047,cached,,0.0,1.0,0.29602763056755066,0.2970959544181824,0.7726249694824219,True,high_intensity_touches_boundary:y
zxskoytk,c:\Users\myben\OneDrive\Documents\GitHub\DaT-Parkinson\niftis\zxskoytk.nii.gz,c:\Users\myben\OneDrive\Documents\GitHub\DaT-Parkinson\preproc_cache\zxskoytk_f84f2b8d5a9e.npy,f84f2b8d5a9e,"{""centroid_threshold_pct"": 0.4, ""crop_size"": 64, ""intensity_p_high"": 99, ""intensity_p_low"": 1, ""target_spacing_mm"": 2.9}",1785260378.469621,cached,,0.0,1.0,0.28524458408355713,0.30001941323280334,0.75335693359375,True,high_intensity_touches_boundary:y
06akt7zq,c:\Users\myben\OneDrive\Documents\GitHub\DaT-Parkinson\niftis\06akt7zq.nii.gz,c:\Users\myben\OneDrive\Documents\GitHub\DaT-Parkinson\preproc_cache\06akt7zq_f84f2b8d5a9e.npy,f84f2b8d5a9e,"{""centroid_threshold_pct"": 0.4, ""crop_size"": 64, ""intensity_p_high"": 99, ""intensity_p_low"": 1, ""target_spacing_mm"": 2.9}",1785260359.2039163,cached,,0.0,1.0,0.33049798011779785,0.2763911783695221,0.873870849609375,True,high_intensity_touches_boundary:y
ht2xz52o,c:\Users\myben\OneDrive\Documents\GitHub\DaT-Parkinson\niftis\ht2xz52o.nii.gz,c:\Users\myben\OneDrive\Documents\GitHub\DaT-Parkinson\preproc_cache\ht2xz52o_f84f2b8d5a9e.npy,f84f2b8d5a9e,"{""centroid_threshold_pct"": 0.4, ""crop_size"": 64, ""intensity_p_high"": 99, ""intensity_p_low"": 1, ""target_spacing_mm"": 2.9}",1785260368.8175545,cached,,0.0,1.0,0.2190558910369873,0.26055416464805603,0.7451324462890625,True,high_intensity_touches_boundary:y
hkbm00e9,c:\Users\myben\OneDrive\Documents\GitHub\DaT-Parkinson\niftis\hkbm00e9.nii.gz,c:\Users\myben\OneDrive\Documents\GitHub\DaT-Parkinson\preproc_cache\hkbm00e9_f84f2b8d5a9e.npy,f84f2b8d5a9e,"{""centroid_threshold_pct"": 0.4, ""crop_size"": 64, ""intensity_p_high"": 99, ""intensity_p_low"": 1, ""target_spacing_mm"": 2.9}",1785260368.72504,cached,,0.0,1.0,0.245904341340065,0.2692219614982605,0.7794685363769531,True,high_intensity_touches_boundary:y
kdts1fb2,c:\Users\myben\OneDrive\Documents\GitHub\DaT-Parkinson\niftis\kdts1fb2.nii.gz,c:\Users\myben\OneDrive\Documents\GitHub\DaT-Parkinson\preproc_cache\kdts1fb2_f84f2b8d5a9e.npy,f84f2b8d5a9e,"{""centroid_threshold_pct"": 0.4, ""crop_size"": 64, ""intensity_p_high"": 99, ""intensity_p_low"": 1, ""target_spacing_mm"": 2.9}",1785260370.2476249,cached,,0.0,1.0,0.309382826089859,0.2853465974330902,0.75848388671875,True,high_intensity_touches_boundary:y
vi109dcn,c:\Users\myben\OneDrive\Documents\GitHub\DaT-Parkinson\niftis\vi109dcn.nii.gz,c:\Users\myben\OneDrive\Documents\GitHub\DaT-Parkinson\preproc_cache\vi109dcn_f84f2b8d5a9e.npy,f84f2b8d5a9e,"{""centroid_threshold_pct"": 0.4, ""crop_size"": 64, ""intensity_p_high"": 99, ""intensity_p_low"": 1, ""target_spacing_mm"": 2.9}",1785260376.17873,cached,,0.0,1.0,0.3085257411003113,0.276266872882843,0.8390998840332031,True,high_intensity_touches_boundary:y
wmbxek0q,c:\Users\myben\OneDrive\Documents\GitHub\DaT-Parkinson\niftis\wmbxek0q.nii.gz,c:\Users\myben\OneDrive\Documents\GitHub\DaT-Parkinson\preproc_cache\wmbxek0q_f84f2b8d5a9e.npy,f84f2b8d5a9e,"{""centroid_threshold_pct"": 0.4, ""crop_size"": 64, ""intensity_p_high"": 99, ""intensity_p_low"": 1, ""target_spacing_mm"": 2.9}",1785260376.7410936,cached,,0.0,1.0,0.3007891774177551,0.2950935661792755,0.8231964111328125,True,high_intensity_touches_boundary:y
929u6wtv,c:\Users\myben\OneDrive\Documents\GitHub\DaT-Parkinson\niftis\929u6wtv.nii.gz,c:\Users\myben\OneDrive\Documents\GitHub\DaT-Parkinson\preproc_cache\929u6wtv_f84f2b8d5a9e.npy,f84f2b8d5a9e,"{""centroid_threshold_pct"": 0.4, ""crop_size"": 64, ""intensity_p_high"": 99, ""intensity_p_low"": 1, ""target_spacing_mm"": 2.9}",1785260364.040015,cached,,0.0,1.0,0.25717639923095703,0.2838079035282135,0.7334365844726562,True,high_intensity_touches_boundary:y
mk2zyzsi,c:\Users\myben\OneDrive\Documents\GitHub\DaT-Parkinson\niftis\mk2zyzsi.nii.gz,c:\Users\myben\OneDrive\Documents\GitHub\DaT-Parkinson\preproc_cache\mk2zyzsi_f84f2b8d5a9e.npy,f84f2b8d5a9e,"{""centroid_threshold_pct"": 0.4, ""crop_size"": 64, ""intensity_p_high"": 99, ""intensity_p_low"": 1, ""target_spacing_mm"": 2.9}",1785260371.201182,cached,,0.0,1.0,0.285086989402771,0.28991350531578064,0.7245368957519531,True,high_intensity_touches_boundary:y
lu3ndz3c,c:\Users\myben\OneDrive\Documents\GitHub\DaT-Parkinson\niftis\lu3ndz3c.nii.gz,c:\Users\myben\OneDrive\Documents\GitHub\DaT-Parkinson\preproc_cache\lu3ndz3c_f84f2b8d5a9e.npy,f84f2b8d5a9e,"{""centroid_threshold_pct"": 0.4, ""crop_size"": 64, ""intensity_p_high"": 99, ""intensity_p_low"": 1, ""target_spacing_mm"": 2.9}",1785260370.8967438,cached,,0.0,1.0,0.29197221994400024,0.27753570675849915,0.782501220703125,True,high_intensity_touches_boundary:y
c5rqnsvs,c:\Users\myben\OneDrive\Documents\GitHub\DaT-Parkinson\niftis\c5rqnsvs.nii.gz,c:\Users\myben\OneDrive\Documents\GitHub\DaT-Parkinson\preproc_cache\c5rqnsvs_f84f2b8d5a9e.npy,f84f2b8d5a9e,"{""centroid_threshold_pct"": 0.4, ""crop_size"": 64, ""intensity_p_high"": 99, ""intensity_p_low"": 1, ""target_spacing_mm"": 2.9}",1785260365.5317247,cached,,0.0,1.0,0.2960383892059326,0.2938559055328369,0.802001953125,True,high_intensity_touches_boundary:y
ojrpp7r9,c:\Users\myben\OneDrive\Documents\GitHub\DaT-Parkinson\niftis\ojrpp7r9.nii.gz,c:\Users\myben\OneDrive\Documents\GitHub\DaT-Parkinson\preproc_cache\ojrpp7r9_f84f2b8d5a9e.npy,f84f2b8d5a9e,"{""centroid_threshold_pct"": 0.4, ""crop_size"": 64, ""intensity_p_high"": 99, ""intensity_p_low"": 1, ""target_spacing_mm"": 2.9}",1785260372.3826127,cached,,0.0,1.0,0.32716983556747437,0.27877363562583923,0.8464775085449219,True,high_intensity_touches_boundary:y
3fezez5e,c:\Users\myben\OneDrive\Documents\GitHub\DaT-Parkinson\niftis\3fezez5e.nii.gz,c:\Users\myben\OneDrive\Documents\GitHub\DaT-Parkinson\preproc_cache\3fezez5e_f84f2b8d5a9e.npy,f84f2b8d5a9e,"{""centroid_threshold_pct"": 0.4, ""crop_size"": 64, ""intensity_p_high"": 99, ""intensity_p_low"": 1, ""target_spacing_mm"": 2.9}",1785260361.0910172,cached,,0.0,1.0,0.25921642780303955,0.27910858392715454,0.7822647094726562,True,
hr07n8vo,c:\Users\myben\OneDrive\Documents\GitHub\DaT-Parkinson\niftis\hr07n8vo.nii.gz,c:\Users\myben\OneDrive\Documents\GitHub\DaT-Parkinson\preproc_cache\hr07n8vo_f84f2b8d5a9e.npy,f84f2b8d5a9e,"{""centroid_threshold_pct"": 0.4, ""crop_size"": 64, ""intensity_p_high"": 99, ""intensity_p_low"": 1, ""target_spacing_mm"": 2.9}",1785260368.7598991,cached,,0.0,1.0,0.3266400694847107,0.24407346546649933,0.8953933715820312,True,high_intensity_touches_boundary:y
eubfn9kr,c:\Users\myben\OneDrive\Documents\GitHub\DaT-Parkinson\niftis\eubfn9kr.nii.gz,c:\Users\myben\OneDrive\Documents\GitHub\DaT-Parkinson\preproc_cache\eubfn9kr_f84f2b8d5a9e.npy,f84f2b8d5a9e,"{""centroid_threshold_pct"": 0.4, ""crop_size"": 64, ""intensity_p_high"": 99, ""intensity_p_low"": 1, ""target_spacing_mm"": 2.9}",1785260367.3517365,cached,,0.0,1.0,0.27598822116851807,0.2725628614425659,0.797149658203125,True,
2fvb66h3,c:\Users\myben\OneDrive\Documents\GitHub\DaT-Parkinson\niftis\2fvb66h3.nii.gz,c:\Users\myben\OneDrive\Documents\GitHub\DaT-Parkinson\preproc_cache\2fvb66h3_f84f2b8d5a9e.npy,f84f2b8d5a9e,"{""centroid_threshold_pct"": 0.4, ""crop_size"": 64, ""intensity_p_high"": 99, ""intensity_p_low"": 1, ""target_spacing_mm"": 2.9}",1785260360.4943569,cached,,0.0,1.0,0.30314385890960693,0.2772206962108612,0.80072021484375,True,high_intensity_touches_boundary:y
rem5puu6,c:\Users\myben\OneDrive\Documents\GitHub\DaT-Parkinson\niftis\rem5puu6.nii.gz,c:\Users\myben\OneDrive\Documents\GitHub\DaT-Parkinson\preproc_cache\rem5puu6_f84f2b8d5a9e.npy,f84f2b8d5a9e,"{""centroid_threshold_pct"": 0.4, ""crop_size"": 64, ""intensity_p_high"": 99, ""intensity_p_low"": 1, ""target_spacing_mm"": 2.9}",1785260373.9118063,cached,,0.0,1.0,0.2589579224586487,0.25441455841064453,0.84375,True,
2rzv1sqq,c:\Users\myben\OneDrive\Documents\GitHub\DaT-Parkinson\niftis\2rzv1sqq.nii.gz,c:\Users\myben\OneDrive\Documents\GitHub\DaT-Parkinson\preproc_cache\2rzv1sqq_f84f2b8d5a9e.npy,f84f2b8d5a9e,"{""centroid_threshold_pct"": 0.4, ""crop_size"": 64, ""intensity_p_high"": 99, ""intensity_p_low"": 1, ""target_spacing_mm"": 2.9}",1785260360.7087896,cached,,0.0,1.0,0.30668288469314575,0.29035666584968567,0.7811164855957031,True,high_intensity_touches_boundary:y
q5l2xoio,c:\Users\myben\OneDrive\Documents\GitHub\DaT-Parkinson\niftis\q5l2xoio.nii.gz,c:\Users\myben\OneDrive\Documents\GitHub\DaT-Parkinson\preproc_cache\q5l2xoio_f84f2b8d5a9e.npy,f84f2b8d5a9e,"{""centroid_threshold_pct"": 0.4, ""crop_size"": 64, ""intensity_p_high"": 99, ""intensity_p_low"": 1, ""target_spacing_mm"": 2.9}",1785260373.2037683,cached,,0.0,1.0,0.28955429792404175,0.27306705713272095,0.8501243591308594,True,high_intensity_touches_boundary:y
t860x5zu,c:\Users\myben\OneDrive\Documents\GitHub\DaT-Parkinson\niftis\t860x5zu.nii.gz,c:\Users\myben\OneDrive\Documents\GitHub\DaT-Parkinson\preproc_cache\t860x5zu_f84f2b8d5a9e.npy,f84f2b8d5a9e,"{""centroid_threshold_pct"": 0.4, ""crop_size"": 64, ""intensity_p_high"": 99, ""intensity_p_low"": 1, ""target_spacing_mm"": 2.9}",1785260374.868939,cached,,0.0,1.0,0.31001022458076477,0.2823895215988159,0.8071441650390625,True,high_intensity_touches_boundary:y
2zueugwu,c:\Users\myben\OneDrive\Documents\GitHub\DaT-Parkinson\niftis\2zueugwu.nii.gz,c:\Users\myben\OneDrive\Documents\GitHub\DaT-Parkinson\preproc_cache\2zueugwu_f84f2b8d5a9e.npy,f84f2b8d5a9e,"{""centroid_threshold_pct"": 0.4, ""crop_size"": 64, ""intensity_p_high"": 99, ""intensity_p_low"": 1, ""target_spacing_mm"": 2.9}",1785260360.8199723,cached,,0.0,1.0,0.2560542821884155,0.26894381642341614,0.7537879943847656,True,high_intensity_touches_boundary:y
bugr6e7g,c:\Users\myben\OneDrive\Documents\GitHub\DaT-Parkinson\niftis\bugr6e7g.nii.gz,c:\Users\myben\OneDrive\Documents\GitHub\DaT-Parkinson\preproc_cache\bugr6e7g_f84f2b8d5a9e.npy,f84f2b8d5a9e,"{""centroid_threshold_pct"": 0.4, ""crop_size"": 64, ""intensity_p_high"": 99, ""intensity_p_low"": 1, ""target_spacing_mm"": 2.9}",1785260365.3517892,cached,,0.0,1.0,0.2737722396850586,0.2732686996459961,0.7968902587890625,True,high_intensity_touches_boundary:y
a2iz5p3v,c:\Users\myben\OneDrive\Documents\GitHub\DaT-Parkinson\niftis\a2iz5p3v.nii.gz,c:\Users\myben\OneDrive\Documents\GitHub\DaT-Parkinson\preproc_cache\a2iz5p3v_f84f2b8d5a9e.npy,f84f2b8d5a9e,"{""centroid_threshold_pct"": 0.4, ""crop_size"": 64, ""intensity_p_high"": 99, ""intensity_p_low"": 1, ""target_spacing_mm"": 2.9}",1785260364.541592,cached,,0.0,1.0,0.23123474419116974,0.2393035739660263,0.8853073120117188,True,high_intensity_touches_boundary:y
ob5apo4l,c:\Users\myben\OneDrive\Documents\GitHub\DaT-Parkinson\niftis\ob5apo4l.nii.gz,c:\Users\myben\OneDrive\Documents\GitHub\DaT-Parkinson\preproc_cache\ob5apo4l_f84f2b8d5a9e.npy,f84f2b8d5a9e,"{""centroid_threshold_pct"": 0.4, ""crop_size"": 64, ""intensity_p_high"": 99, ""intensity_p_low"": 1, ""target_spacing_mm"": 2.9}",1785260372.2473636,cached,,0.0,1.0,0.3358928859233856,0.3006790280342102,0.8131065368652344,True,high_intensity_touches_boundary:y
jedgfjdl,c:\Users\myben\OneDrive\Documents\GitHub\DaT-Parkinson\niftis\jedgfjdl.nii.gz,c:\Users\myben\OneDrive\Documents\GitHub\DaT-Parkinson\preproc_cache\jedgfjdl_f84f2b8d5a9e.npy,f84f2b8d5a9e,"{""centroid_threshold_pct"": 0.4, ""crop_size"": 64, ""intensity_p_high"": 99, ""intensity_p_low"": 1, ""target_spacing_mm"": 2.9}",1785260369.590024,cached,,0.0,1.0,0.3111972212791443,0.2670038044452667,0.8356857299804688,True,high_intensity_touches_boundary:y
ogwlacol,c:\Users\myben\OneDrive\Documents\GitHub\DaT-Parkinson\niftis\ogwlacol.nii.gz,c:\Users\myben\OneDrive\Documents\GitHub\DaT-Parkinson\preproc_cache\ogwlacol_f84f2b8d5a9e.npy,f84f2b8d5a9e,"{""centroid_threshold_pct"": 0.4, ""crop_size"": 64, ""intensity_p_high"": 99, ""intensity_p_low"": 1, ""target_spacing_mm"": 2.9}",1785260372.3327994,cached,,0.0,1.0,0.283515065908432,0.2785351872444153,0.8280067443847656,True,high_intensity_touches_boundary:y
oln3eh1v,c:\Users\myben\OneDrive\Documents\GitHub\DaT-Parkinson\niftis\oln3eh1v.nii.gz,c:\Users\myben\OneDrive\Documents\GitHub\DaT-Parkinson\preproc_cache\oln3eh1v_f84f2b8d5a9e.npy,f84f2b8d5a9e,"{""centroid_threshold_pct"": 0.4, ""crop_size"": 64, ""intensity_p_high"": 99, ""intensity_p_low"": 1, ""target_spacing_mm"": 2.9}",1785260372.4156847,cached,,0.0,1.0,0.2926616072654724,0.27102744579315186,0.8006401062011719,True,high_intensity_touches_boundary:y
r1necqor,c:\Users\myben\OneDrive\Documents\GitHub\DaT-Parkinson\niftis\r1necqor.nii.gz,c:\Users\myben\OneDrive\Documents\GitHub\DaT-Parkinson\preproc_cache\r1necqor_f84f2b8d5a9e.npy,f84f2b8d5a9e,"{""centroid_threshold_pct"": 0.4, ""crop_size"": 64, ""intensity_p_high"": 99, ""intensity_p_low"": 1, ""target_spacing_mm"": 2.9}",1785260373.7661784,cached,,0.0,1.0,0.27742093801498413,0.28320425748825073,0.8125190734863281,True,high_intensity_touches_boundary:y
oi5j8yit,c:\Users\myben\OneDrive\Documents\GitHub\DaT-Parkinson\niftis\oi5j8yit.nii.gz,c:\Users\myben\OneDrive\Documents\GitHub\DaT-Parkinson\preproc_cache\oi5j8yit_f84f2b8d5a9e.npy,f84f2b8d5a9e,"{""centroid_threshold_pct"": 0.4, ""crop_size"": 64, ""intensity_p_high"": 99, ""intensity_p_low"": 1, ""target_spacing_mm"": 2.9}",1785260372.343789,cached,,0.0,1.0,0.27734458446502686,0.26714640855789185,0.8403663635253906,True,high_intensity_touches_boundary:y
2kodwh8n,c:\Users\myben\OneDrive\Documents\GitHub\DaT-Parkinson\niftis\2kodwh8n.nii.gz,c:\Users\myben\OneDrive\Documents\GitHub\DaT-Parkinson\preproc_cache\2kodwh8n_f84f2b8d5a9e.npy,f84f2b8d5a9e,"{""centroid_threshold_pct"": 0.4, ""crop_size"": 64, ""intensity_p_high"": 99, ""intensity_p_low"": 1, ""target_spacing_mm"": 2.9}",1785260360.5518107,cached,,0.0,1.0,0.2912023067474365,0.28560671210289,0.8124809265136719,True,high_intensity_touches_boundary:y
92tp6qaq,c:\Users\myben\OneDrive\Documents\GitHub\DaT-Parkinson\niftis\92tp6qaq.nii.gz,c:\Users\myben\OneDrive\Documents\GitHub\DaT-Parkinson\preproc_cache\92tp6qaq_f84f2b8d5a9e.npy,f84f2b8d5a9e,"{""centroid_threshold_pct"": 0.4, ""crop_size"": 64, ""intensity_p_high"": 99, ""intensity_p_low"": 1, ""target_spacing_mm"": 2.9}",1785260364.0634856,cached,,0.0,1.0,0.31576603651046753,0.2851124107837677,0.817291259765625,True,high_intensity_touches_boundary:y
3k8a7rv4,c:\Users\myben\OneDrive\Documents\GitHub\DaT-Parkinson\niftis\3k8a7rv4.nii.gz,c:\Users\myben\OneDrive\Documents\GitHub\DaT-Parkinson\preproc_cache\3k8a7rv4_f84f2b8d5a9e.npy,f84f2b8d5a9e,"{""centroid_threshold_pct"": 0.4, ""crop_size"": 64, ""intensity_p_high"": 99, ""intensity_p_low"": 1, ""target_spacing_mm"": 2.9}",1785260361.2205656,cached,,0.0,1.0,0.24531325697898865,0.26302680373191833,0.7920989990234375,True,
nmwvsb0u,c:\Users\myben\OneDrive\Documents\GitHub\DaT-Parkinson\niftis\nmwvsb0u.nii.gz,c:\Users\myben\OneDrive\Documents\GitHub\DaT-Parkinson\preproc_cache\nmwvsb0u_f84f2b8d5a9e.npy,f84f2b8d5a9e,"{""centroid_threshold_pct"": 0.4, ""crop_size"": 64, ""intensity_p_high"": 99, ""intensity_p_low"": 1, ""target_spacing_mm"": 2.9}",1785260371.8479204,cached,,0.0,1.0,0.294139564037323,0.2792024314403534,0.7833290100097656,True,high_intensity_touches_boundary:y
koefukpv,c:\Users\myben\OneDrive\Documents\GitHub\DaT-Parkinson\niftis\koefukpv.nii.gz,c:\Users\myben\OneDrive\Documents\GitHub\DaT-Parkinson\preproc_cache\koefukpv_f84f2b8d5a9e.npy,f84f2b8d5a9e,"{""centroid_threshold_pct"": 0.4, ""crop_size"": 64, ""intensity_p_high"": 99, ""intensity_p_low"": 1, ""target_spacing_mm"": 2.9}",1785260370.452932,cached,,0.0,1.0,0.29037541151046753,0.2853829264640808,0.8077430725097656,True,high_intensity_touches_boundary:y
8lymj1qi,c:\Users\myben\OneDrive\Documents\GitHub\DaT-Parkinson\niftis\8lymj1qi.nii.gz,c:\Users\myben\OneDrive\Documents\GitHub\DaT-Parkinson\preproc_cache\8lymj1qi_f84f2b8d5a9e.npy,f84f2b8d5a9e,"{""centroid_threshold_pct"": 0.4, ""crop_size"": 64, ""intensity_p_high"": 99, ""intensity_p_low"": 1, ""target_spacing_mm"": 2.9}",1785260363.8920648,cached,,0.0,1.0,0.26181960105895996,0.25862616300582886,0.8294448852539062,True,
9mqvayxa,c:\Users\myben\OneDrive\Documents\GitHub\DaT-Parkinson\niftis\9mqvayxa.nii.gz,c:\Users\myben\OneDrive\Documents\GitHub\DaT-Parkinson\preproc_cache\9mqvayxa_f84f2b8d5a9e.npy,f84f2b8d5a9e,"{""centroid_threshold_pct"": 0.4, ""crop_size"": 64, ""intensity_p_high"": 99, ""intensity_p_low"": 1, ""target_spacing_mm"": 2.9}",1785260364.3143384,cached,,0.0,1.0,0.26691415905952454,0.2753261923789978,0.7930564880371094,True,high_intensity_touches_boundary:y
r6yo6z1t,c:\Users\myben\OneDrive\Documents\GitHub\DaT-Parkinson\niftis\r6yo6z1t.nii.gz,c:\Users\myben\OneDrive\Documents\GitHub\DaT-Parkinson\preproc_cache\r6yo6z1t_f84f2b8d5a9e.npy,f84f2b8d5a9e,"{""centroid_threshold_pct"": 0.4, ""crop_size"": 64, ""intensity_p_high"": 99, ""intensity_p_low"": 1, ""target_spacing_mm"": 2.9}",1785260373.855286,cached,,0.0,1.0,0.27647674083709717,0.3000619113445282,0.7287635803222656,True,high_intensity_touches_boundary:y
2xcb3yym,c:\Users\myben\OneDrive\Documents\GitHub\DaT-Parkinson\niftis\2xcb3yym.nii.gz,c:\Users\myben\OneDrive\Documents\GitHub\DaT-Parkinson\preproc_cache\2xcb3yym_f84f2b8d5a9e.npy,f84f2b8d5a9e,"{""centroid_threshold_pct"": 0.4, ""crop_size"": 64, ""intensity_p_high"": 99, ""intensity_p_low"": 1, ""target_spacing_mm"": 2.9}",1785260360.7323835,cached,,0.0,1.0,0.34607475996017456,0.2871122658252716,0.8326644897460938,True,"high_intensity_touches_boundary:x,y"
33mg1zaq,c:\Users\myben\OneDrive\Documents\GitHub\DaT-Parkinson\niftis\33mg1zaq.nii.gz,c:\Users\myben\OneDrive\Documents\GitHub\DaT-Parkinson\preproc_cache\33mg1zaq_f84f2b8d5a9e.npy,f84f2b8d5a9e,"{""centroid_threshold_pct"": 0.4, ""crop_size"": 64, ""intensity_p_high"": 99, ""intensity_p_low"": 1, ""target_spacing_mm"": 2.9}",1785260360.8901281,cached,,0.0,1.0,0.2756907343864441,0.29905346035957336,0.6956825256347656,True,high_intensity_touches_boundary:y
7qhak7md,c:\Users\myben\OneDrive\Documents\GitHub\DaT-Parkinson\niftis\7qhak7md.nii.gz,c:\Users\myben\OneDrive\Documents\GitHub\DaT-Parkinson\preproc_cache\7qhak7md_f84f2b8d5a9e.npy,f84f2b8d5a9e,"{""centroid_threshold_pct"": 0.4, ""crop_size"": 64, ""intensity_p_high"": 99, ""intensity_p_low"": 1, ""target_spacing_mm"": 2.9}",1785260363.380272,cached,,0.0,1.0,0.2755149006843567,0.27253037691116333,0.879486083984375,True,
wkzirnk6,c:\Users\myben\OneDrive\Documents\GitHub\DaT-Parkinson\niftis\wkzirnk6.nii.gz,c:\Users\myben\OneDrive\Documents\GitHub\DaT-Parkinson\preproc_cache\wkzirnk6_f84f2b8d5a9e.npy,f84f2b8d5a9e,"{""centroid_threshold_pct"": 0.4, ""crop_size"": 64, ""intensity_p_high"": 99, ""intensity_p_low"": 1, ""target_spacing_mm"": 2.9}",1785260376.7044435,cached,,0.0,1.0,0.3005177974700928,0.268783837556839,0.8271522521972656,True,high_intensity_touches_boundary:y
zhh3o5ur,c:\Users\myben\OneDrive\Documents\GitHub\DaT-Parkinson\niftis\zhh3o5ur.nii.gz,c:\Users\myben\OneDrive\Documents\GitHub\DaT-Parkinson\preproc_cache\zhh3o5ur_f84f2b8d5a9e.npy,f84f2b8d5a9e,"{""centroid_threshold_pct"": 0.4, ""crop_size"": 64, ""intensity_p_high"": 99, ""intensity_p_low"": 1, ""target_spacing_mm"": 2.9}",1785260378.279554,cached,,0.0,1.0,0.30385059118270874,0.27937060594558716,0.8377265930175781,True,high_intensity_touches_boundary:y
txuyucec,c:\Users\myben\OneDrive\Documents\GitHub\DaT-Parkinson\niftis\txuyucec.nii.gz,c:\Users\myben\OneDrive\Documents\GitHub\DaT-Parkinson\preproc_cache\txuyucec_f84f2b8d5a9e.npy,f84f2b8d5a9e,"{""centroid_threshold_pct"": 0.4, ""crop_size"": 64, ""intensity_p_high"": 99, ""intensity_p_low"": 1, ""target_spacing_mm"": 2.9}",1785260375.2452595,cached,,0.0,1.0,0.3055453300476074,0.28843656182289124,0.8224220275878906,True,high_intensity_touches_boundary:y
juis2gy9,c:\Users\myben\OneDrive\Documents\GitHub\DaT-Parkinson\niftis\juis2gy9.nii.gz,c:\Users\myben\OneDrive\Documents\GitHub\DaT-Parkinson\preproc_cache\juis2gy9_f84f2b8d5a9e.npy,f84f2b8d5a9e,"{""centroid_threshold_pct"": 0.4, ""crop_size"": 64, ""intensity_p_high"": 99, ""intensity_p_low"": 1, ""target_spacing_mm"": 2.9}",1785260369.831079,cached,,0.0,1.0,0.30037760734558105,0.27843713760375977,0.8414993286132812,True,high_intensity_touches_boundary:y
ytjuq7x7,c:\Users\myben\OneDrive\Documents\GitHub\DaT-Parkinson\niftis\ytjuq7x7.nii.gz,c:\Users\myben\OneDrive\Documents\GitHub\DaT-Parkinson\preproc_cache\ytjuq7x7_f84f2b8d5a9e.npy,f84f2b8d5a9e,"{""centroid_threshold_pct"": 0.4, ""crop_size"": 64, ""intensity_p_high"": 99, ""intensity_p_low"": 1, ""target_spacing_mm"": 2.9}",1785260377.9440043,cached,,0.0,1.0,0.28954291343688965,0.28043097257614136,0.79541015625,True,high_intensity_touches_boundary:y
b7p9jyqn,c:\Users\myben\OneDrive\Documents\GitHub\DaT-Parkinson\niftis\b7p9jyqn.nii.gz,c:\Users\myben\OneDrive\Documents\GitHub\DaT-Parkinson\preproc_cache\b7p9jyqn_f84f2b8d5a9e.npy,f84f2b8d5a9e,"{""centroid_threshold_pct"": 0.4, ""crop_size"": 64, ""intensity_p_high"": 99, ""intensity_p_low"": 1, ""target_spacing_mm"": 2.9}",1785260364.967194,cached,,0.0,1.0,0.256136417388916,0.26173990964889526,0.7503852844238281,True,high_intensity_touches_boundary:y
15ikpqah,c:\Users\myben\OneDrive\Documents\GitHub\DaT-Parkinson\niftis\15ikpqah.nii.gz,c:\Users\myben\OneDrive\Documents\GitHub\DaT-Parkinson\preproc_cache\15ikpqah_f84f2b8d5a9e.npy,f84f2b8d5a9e,"{""centroid_threshold_pct"": 0.4, ""crop_size"": 64, ""intensity_p_high"": 99, ""intensity_p_low"": 1, ""target_spacing_mm"": 2.9}",1785260359.8510096,cached,,0.0,1.0,0.285983145236969,0.2698938250541687,0.8428955078125,True,high_intensity_touches_boundary:y
cua09pci,c:\Users\myben\OneDrive\Documents\GitHub\DaT-Parkinson\niftis\cua09pci.nii.gz,c:\Users\myben\OneDrive\Documents\GitHub\DaT-Parkinson\preproc_cache\cua09pci_f84f2b8d5a9e.npy,f84f2b8d5a9e,"{""centroid_threshold_pct"": 0.4, ""crop_size"": 64, ""intensity_p_high"": 99, ""intensity_p_low"": 1, ""target_spacing_mm"": 2.9}",1785260365.8634307,cached,,0.0,1.0,0.311465322971344,0.2989903688430786,0.8100776672363281,True,high_intensity_touches_boundary:y
flwdr3vw,c:\Users\myben\OneDrive\Documents\GitHub\DaT-Parkinson\niftis\flwdr3vw.nii.gz,c:\Users\myben\OneDrive\Documents\GitHub\DaT-Parkinson\preproc_cache\flwdr3vw_f84f2b8d5a9e.npy,f84f2b8d5a9e,"{""centroid_threshold_pct"": 0.4, ""crop_size"": 64, ""intensity_p_high"": 99, ""intensity_p_low"": 1, ""target_spacing_mm"": 2.9}",1785260367.7615387,cached,,0.0,1.0,0.29901373386383057,0.2809728980064392,0.8160133361816406,True,high_intensity_touches_boundary:y
mjdimbm2,c:\Users\myben\OneDrive\Documents\GitHub\DaT-Parkinson\niftis\mjdimbm2.nii.gz,c:\Users\myben\OneDrive\Documents\GitHub\DaT-Parkinson\preproc_cache\mjdimbm2_f84f2b8d5a9e.npy,f84f2b8d5a9e,"{""centroid_threshold_pct"": 0.4, ""crop_size"": 64, ""intensity_p_high"": 99, ""intensity_p_low"": 1, ""target_spacing_mm"": 2.9}",1785260371.1612659,cached,,0.0,1.0,0.3070848286151886,0.3072546124458313,0.6709403991699219,True,high_intensity_touches_boundary:y
71w1wudc,c:\Users\myben\OneDrive\Documents\GitHub\DaT-Parkinson\niftis\71w1wudc.nii.gz,c:\Users\myben\OneDrive\Documents\GitHub\DaT-Parkinson\preproc_cache\71w1wudc_f84f2b8d5a9e.npy,f84f2b8d5a9e,"{""centroid_threshold_pct"": 0.4, ""crop_size"": 64, ""intensity_p_high"": 99, ""intensity_p_low"": 1, ""target_spacing_mm"": 2.9}",1785260363.1094444,cached,,0.0,1.0,0.20510056614875793,0.22794194519519806,0.8865852355957031,True,
bl4ce7pk,c:\Users\myben\OneDrive\Documents\GitHub\DaT-Parkinson\niftis\bl4ce7pk.nii.gz,c:\Users\myben\OneDrive\Documents\GitHub\DaT-Parkinson\preproc_cache\bl4ce7pk_f84f2b8d5a9e.npy,f84f2b8d5a9e,"{""centroid_threshold_pct"": 0.4, ""crop_size"": 64, ""intensity_p_high"": 99, ""intensity_p_low"": 1, ""target_spacing_mm"": 2.9}",1785260365.2133923,cached,,0.0,1.0,0.2630663514137268,0.27987831830978394,0.7823829650878906,True,high_intensity_touches_boundary:y
wcyuknd1,c:\Users\myben\OneDrive\Documents\GitHub\DaT-Parkinson\niftis\wcyuknd1.nii.gz,c:\Users\myben\OneDrive\Documents\GitHub\DaT-Parkinson\preproc_cache\wcyuknd1_f84f2b8d5a9e.npy,f84f2b8d5a9e,"{""centroid_threshold_pct"": 0.4, ""crop_size"": 64, ""intensity_p_high"": 99, ""intensity_p_low"": 1, ""target_spacing_mm"": 2.9}",1785260376.6190567,cached,,0.0,1.0,0.261597216129303,0.2699532210826874,0.7304611206054688,True,"high_intensity_touches_boundary:x,y"
ivxan25w,c:\Users\myben\OneDrive\Documents\GitHub\DaT-Parkinson\niftis\ivxan25w.nii.gz,c:\Users\myben\OneDrive\Documents\GitHub\DaT-Parkinson\preproc_cache\ivxan25w_f84f2b8d5a9e.npy,f84f2b8d5a9e,"{""centroid_threshold_pct"": 0.4, ""crop_size"": 64, ""intensity_p_high"": 99, ""intensity_p_low"": 1, ""target_spacing_mm"": 2.9}",1785260369.249515,cached,,0.0,1.0,0.25978368520736694,0.2645101249217987,0.7774696350097656,True,"high_intensity_touches_boundary:x,y"
m72qlgdv,c:\Users\myben\OneDrive\Documents\GitHub\DaT-Parkinson\niftis\m72qlgdv.nii.gz,c:\Users\myben\OneDrive\Documents\GitHub\DaT-Parkinson\preproc_cache\m72qlgdv_f84f2b8d5a9e.npy,f84f2b8d5a9e,"{""centroid_threshold_pct"": 0.4, ""crop_size"": 64, ""intensity_p_high"": 99, ""intensity_p_low"": 1, ""target_spacing_mm"": 2.9}",1785260371.0604932,cached,,0.0,1.0,0.2336496114730835,0.2571990489959717,0.79266357421875,True,high_intensity_touches_boundary:y
c2guwjp0,c:\Users\myben\OneDrive\Documents\GitHub\DaT-Parkinson\niftis\c2guwjp0.nii.gz,c:\Users\myben\OneDrive\Documents\GitHub\DaT-Parkinson\preproc_cache\c2guwjp0_f84f2b8d5a9e.npy,f84f2b8d5a9e,"{""centroid_threshold_pct"": 0.4, ""crop_size"": 64, ""intensity_p_high"": 99, ""intensity_p_low"": 1, ""target_spacing_mm"": 2.9}",1785260365.4758694,cached,,0.0,1.0,0.274505078792572,0.2651364505290985,0.8380584716796875,True,high_intensity_touches_boundary:y
qi2clp81,c:\Users\myben\OneDrive\Documents\GitHub\DaT-Parkinson\niftis\qi2clp81.nii.gz,c:\Users\myben\OneDrive\Documents\GitHub\DaT-Parkinson\preproc_cache\qi2clp81_f84f2b8d5a9e.npy,f84f2b8d5a9e,"{""centroid_threshold_pct"": 0.4, ""crop_size"": 64, ""intensity_p_high"": 99, ""intensity_p_low"": 1, ""target_spacing_mm"": 2.9}",1785260373.406755,cached,,0.0,1.0,0.21958811581134796,0.27372831106185913,0.6680183410644531,True,
l51flmna,c:\Users\myben\OneDrive\Documents\GitHub\DaT-Parkinson\niftis\l51flmna.nii.gz,c:\Users\myben\OneDrive\Documents\GitHub\DaT-Parkinson\preproc_cache\l51flmna_f84f2b8d5a9e.npy,f84f2b8d5a9e,"{""centroid_threshold_pct"": 0.4, ""crop_size"": 64, ""intensity_p_high"": 99, ""intensity_p_low"": 1, ""target_spacing_mm"": 2.9}",1785260370.5969832,cached,,0.0,1.0,0.2920655608177185,0.28185728192329407,0.7963523864746094,True,
vycs44ph,c:\Users\myben\OneDrive\Documents\GitHub\DaT-Parkinson\niftis\vycs44ph.nii.gz,c:\Users\myben\OneDrive\Documents\GitHub\DaT-Parkinson\preproc_cache\vycs44ph_f84f2b8d5a9e.npy,f84f2b8d5a9e,"{""centroid_threshold_pct"": 0.4, ""crop_size"": 64, ""intensity_p_high"": 99, ""intensity_p_low"": 1, ""target_spacing_mm"": 2.9}",1785260376.3739486,cached,,0.0,1.0,0.25516563653945923,0.28097233176231384,0.7328033447265625,True,high_intensity_touches_boundary:y
h62myz9v,c:\Users\myben\OneDrive\Documents\GitHub\DaT-Parkinson\niftis\h62myz9v.nii.gz,c:\Users\myben\OneDrive\Documents\GitHub\DaT-Parkinson\preproc_cache\h62myz9v_f84f2b8d5a9e.npy,f84f2b8d5a9e,"{""centroid_threshold_pct"": 0.4, ""crop_size"": 64, ""intensity_p_high"": 99, ""intensity_p_low"": 1, ""target_spacing_mm"": 2.9}",1785260368.624506,cached,,0.0,1.0,0.305597186088562,0.25248533487319946,0.8399391174316406,True,"high_intensity_touches_boundary:x,y"
lu8wpfq2,c:\Users\myben\OneDrive\Documents\GitHub\DaT-Parkinson\niftis\lu8wpfq2.nii.gz,c:\Users\myben\OneDrive\Documents\GitHub\DaT-Parkinson\preproc_cache\lu8wpfq2_f84f2b8d5a9e.npy,f84f2b8d5a9e,"{""centroid_threshold_pct"": 0.4, ""crop_size"": 64, ""intensity_p_high"": 99, ""intensity_p_low"": 1, ""target_spacing_mm"": 2.9}",1785260370.9077556,cached,,0.0,1.0,0.2721908986568451,0.27567628026008606,0.8000068664550781,True,high_intensity_touches_boundary:y
bhaiiwi0,c:\Users\myben\OneDrive\Documents\GitHub\DaT-Parkinson\niftis\bhaiiwi0.nii.gz,c:\Users\myben\OneDrive\Documents\GitHub\DaT-Parkinson\preproc_cache\bhaiiwi0_f84f2b8d5a9e.npy,f84f2b8d5a9e,"{""centroid_threshold_pct"": 0.4, ""crop_size"": 64, ""intensity_p_high"": 99, ""intensity_p_low"": 1, ""target_spacing_mm"": 2.9}",1785260365.1587481,cached,,0.0,1.0,0.2910289168357849,0.2749435305595398,0.795867919921875,True,high_intensity_touches_boundary:y
8l0hg9nc,c:\Users\myben\OneDrive\Documents\GitHub\DaT-Parkinson\niftis\8l0hg9nc.nii.gz,c:\Users\myben\OneDrive\Documents\GitHub\DaT-Parkinson\preproc_cache\8l0hg9nc_f84f2b8d5a9e.npy,f84f2b8d5a9e,"{""centroid_threshold_pct"": 0.4, ""crop_size"": 64, ""intensity_p_high"": 99, ""intensity_p_low"": 1, ""target_spacing_mm"": 2.9}",1785260363.844014,cached,,0.0,1.0,0.2679497003555298,0.2676025927066803,0.7335357666015625,True,high_intensity_touches_boundary:y
bekgv1bb,c:\Users\myben\OneDrive\Documents\GitHub\DaT-Parkinson\niftis\bekgv1bb.nii.gz,c:\Users\myben\OneDrive\Documents\GitHub\DaT-Parkinson\preproc_cache\bekgv1bb_f84f2b8d5a9e.npy,f84f2b8d5a9e,"{""centroid_threshold_pct"": 0.4, ""crop_size"": 64, ""intensity_p_high"": 99, ""intensity_p_low"": 1, ""target_spacing_mm"": 2.9}",1785260365.0824032,cached,,0.0,1.0,0.29297536611557007,0.2886110842227936,0.7871475219726562,True,high_intensity_touches_boundary:y
hg5zmtga,c:\Users\myben\OneDrive\Documents\GitHub\DaT-Parkinson\niftis\hg5zmtga.nii.gz,c:\Users\myben\OneDrive\Documents\GitHub\DaT-Parkinson\preproc_cache\hg5zmtga_f84f2b8d5a9e.npy,f84f2b8d5a9e,"{""centroid_threshold_pct"": 0.4, ""crop_size"": 64, ""intensity_p_high"": 99, ""intensity_p_low"": 1, ""target_spacing_mm"": 2.9}",1785260368.7031906,cached,,0.0,1.0,0.32442665100097656,0.30203571915626526,0.8435554504394531,True,high_intensity_touches_boundary:y
46ayn2d7,c:\Users\myben\OneDrive\Documents\GitHub\DaT-Parkinson\niftis\46ayn2d7.nii.gz,c:\Users\myben\OneDrive\Documents\GitHub\DaT-Parkinson\preproc_cache\46ayn2d7_f84f2b8d5a9e.npy,f84f2b8d5a9e,"{""centroid_threshold_pct"": 0.4, ""crop_size"": 64, ""intensity_p_high"": 99, ""intensity_p_low"": 1, ""target_spacing_mm"": 2.9}",1785260361.5691981,cached,,0.0,1.0,0.31955552101135254,0.2929573953151703,0.7968368530273438,True,high_intensity_touches_boundary:y
ki3x7995,c:\Users\myben\OneDrive\Documents\GitHub\DaT-Parkinson\niftis\ki3x7995.nii.gz,c:\Users\myben\OneDrive\Documents\GitHub\DaT-Parkinson\preproc_cache\ki3x7995_f84f2b8d5a9e.npy,f84f2b8d5a9e,"{""centroid_threshold_pct"": 0.4, ""crop_size"": 64, ""intensity_p_high"": 99, ""intensity_p_low"": 1, ""target_spacing_mm"": 2.9}",1785260370.351572,cached,,0.0,1.0,0.23989762365818024,0.26996517181396484,0.7269973754882812,True,high_intensity_touches_boundary:y
5cf72gnn,c:\Users\myben\OneDrive\Documents\GitHub\DaT-Parkinson\niftis\5cf72gnn.nii.gz,c:\Users\myben\OneDrive\Documents\GitHub\DaT-Parkinson\preproc_cache\5cf72gnn_f84f2b8d5a9e.npy,f84f2b8d5a9e,"{""centroid_threshold_pct"": 0.4, ""crop_size"": 64, ""intensity_p_high"": 99, ""intensity_p_low"": 1, ""target_spacing_mm"": 2.9}",1785260362.2314994,cached,,0.0,1.0,0.18829800188541412,0.2266562283039093,0.8147506713867188,True,
v9ibwgt2,c:\Users\myben\OneDrive\Documents\GitHub\DaT-Parkinson\niftis\v9ibwgt2.nii.gz,c:\Users\myben\OneDrive\Documents\GitHub\DaT-Parkinson\preproc_cache\v9ibwgt2_f84f2b8d5a9e.npy,f84f2b8d5a9e,"{""centroid_threshold_pct"": 0.4, ""crop_size"": 64, ""intensity_p_high"": 99, ""intensity_p_low"": 1, ""target_spacing_mm"": 2.9}",1785260375.9705064,cached,,0.0,1.0,0.27028927206993103,0.27803364396095276,0.8073921203613281,True,
lb25485h,c:\Users\myben\OneDrive\Documents\GitHub\DaT-Parkinson\niftis\lb25485h.nii.gz,c:\Users\myben\OneDrive\Documents\GitHub\DaT-Parkinson\preproc_cache\lb25485h_f84f2b8d5a9e.npy,f84f2b8d5a9e,"{""centroid_threshold_pct"": 0.4, ""crop_size"": 64, ""intensity_p_high"": 99, ""intensity_p_low"": 1, ""target_spacing_mm"": 2.9}",1785260370.6758897,cached,,0.0,1.0,0.18734586238861084,0.23322337865829468,0.7719459533691406,True,high_intensity_touches_boundary:y
cqxcs1xs,c:\Users\myben\OneDrive\Documents\GitHub\DaT-Parkinson\niftis\cqxcs1xs.nii.gz,c:\Users\myben\OneDrive\Documents\GitHub\DaT-Parkinson\preproc_cache\cqxcs1xs_f84f2b8d5a9e.npy,f84f2b8d5a9e,"{""centroid_threshold_pct"": 0.4, ""crop_size"": 64, ""intensity_p_high"": 99, ""intensity_p_low"": 1, ""target_spacing_mm"": 2.9}",1785260365.8141541,cached,,0.0,1.0,0.29972153902053833,0.27305275201797485,0.8286933898925781,True,high_intensity_touches_boundary:y
rqlnzzrj,c:\Users\myben\OneDrive\Documents\GitHub\DaT-Parkinson\niftis\rqlnzzrj.nii.gz,c:\Users\myben\OneDrive\Documents\GitHub\DaT-Parkinson\preproc_cache\rqlnzzrj_f84f2b8d5a9e.npy,f84f2b8d5a9e,"{""centroid_threshold_pct"": 0.4, ""crop_size"": 64, ""intensity_p_high"": 99, ""intensity_p_low"": 1, ""target_spacing_mm"": 2.9}",1785260374.0565772,cached,,0.0,1.0,0.27683544158935547,0.2699733376502991,0.8234405517578125,True,high_intensity_touches_boundary:y
o7vbhh5o,c:\Users\myben\OneDrive\Documents\GitHub\DaT-Parkinson\niftis\o7vbhh5o.nii.gz,c:\Users\myben\OneDrive\Documents\GitHub\DaT-Parkinson\preproc_cache\o7vbhh5o_f84f2b8d5a9e.npy,f84f2b8d5a9e,"{""centroid_threshold_pct"": 0.4, ""crop_size"": 64, ""intensity_p_high"": 99, ""intensity_p_low"": 1, ""target_spacing_mm"": 2.9}",1785260372.1782973,cached,,0.0,1.0,0.26281827688217163,0.27749988436698914,0.728668212890625,True,high_intensity_touches_boundary:y
l5u7nted,c:\Users\myben\OneDrive\Documents\GitHub\DaT-Parkinson\niftis\l5u7nted.nii.gz,c:\Users\myben\OneDrive\Documents\GitHub\DaT-Parkinson\preproc_cache\l5u7nted_f84f2b8d5a9e.npy,f84f2b8d5a9e,"{""centroid_threshold_pct"": 0.4, ""crop_size"": 64, ""intensity_p_high"": 99, ""intensity_p_low"": 1, ""target_spacing_mm"": 2.9}",1785260370.6096988,cached,,0.0,1.0,0.22466160356998444,0.27169135212898254,0.7336692810058594,True,high_intensity_touches_boundary:y
qmvqwpqo,c:\Users\myben\OneDrive\Documents\GitHub\DaT-Parkinson\niftis\qmvqwpqo.nii.gz,c:\Users\myben\OneDrive\Documents\GitHub\DaT-Parkinson\preproc_cache\qmvqwpqo_f84f2b8d5a9e.npy,f84f2b8d5a9e,"{""centroid_threshold_pct"": 0.4, ""crop_size"": 64, ""intensity_p_high"": 99, ""intensity_p_low"": 1, ""target_spacing_mm"": 2.9}",1785260373.4808981,cached,,0.0,1.0,0.25322291254997253,0.2706996500492096,0.8032073974609375,True,high_intensity_touches_boundary:y
2lngixmc,c:\Users\myben\OneDrive\Documents\GitHub\DaT-Parkinson\niftis\2lngixmc.nii.gz,c:\Users\myben\OneDrive\Documents\GitHub\DaT-Parkinson\preproc_cache\2lngixmc_f84f2b8d5a9e.npy,f84f2b8d5a9e,"{""centroid_threshold_pct"": 0.4, ""crop_size"": 64, ""intensity_p_high"": 99, ""intensity_p_low"": 1, ""target_spacing_mm"": 2.9}",1785260360.5917199,cached,,0.0,1.0,0.25411534309387207,0.26700273156166077,0.8009223937988281,True,
4sx27dcb,c:\Users\myben\OneDrive\Documents\GitHub\DaT-Parkinson\niftis\4sx27dcb.nii.gz,c:\Users\myben\OneDrive\Documents\GitHub\DaT-Parkinson\preproc_cache\4sx27dcb_f84f2b8d5a9e.npy,f84f2b8d5a9e,"{""centroid_threshold_pct"": 0.4, ""crop_size"": 64, ""intensity_p_high"": 99, ""intensity_p_low"": 1, ""target_spacing_mm"": 2.9}",1785260361.945092,cached,,0.0,1.0,0.3001497685909271,0.29823699593544006,0.7351913452148438,True,
om2zkf5b,c:\Users\myben\OneDrive\Documents\GitHub\DaT-Parkinson\niftis\om2zkf5b.nii.gz,c:\Users\myben\OneDrive\Documents\GitHub\DaT-Parkinson\preproc_cache\om2zkf5b_f84f2b8d5a9e.npy,f84f2b8d5a9e,"{""centroid_threshold_pct"": 0.4, ""crop_size"": 64, ""intensity_p_high"": 99, ""intensity_p_low"": 1, ""target_spacing_mm"": 2.9}",1785260372.425214,cached,,0.0,1.0,0.2534141540527344,0.2899351119995117,0.4636802673339844,True,high_intensity_touches_boundary:y
1sa3y5t3,c:\Users\myben\OneDrive\Documents\GitHub\DaT-Parkinson\niftis\1sa3y5t3.nii.gz,c:\Users\myben\OneDrive\Documents\GitHub\DaT-Parkinson\preproc_cache\1sa3y5t3_f84f2b8d5a9e.npy,f84f2b8d5a9e,"{""centroid_threshold_pct"": 0.4, ""crop_size"": 64, ""intensity_p_high"": 99, ""intensity_p_low"": 1, ""target_spacing_mm"": 2.9}",1785260360.1849458,cached,,0.0,1.0,0.2957592010498047,0.3172992467880249,0.5410957336425781,True,high_intensity_touches_boundary:y
7szpf9s9,c:\Users\myben\OneDrive\Documents\GitHub\DaT-Parkinson\niftis\7szpf9s9.nii.gz,c:\Users\myben\OneDrive\Documents\GitHub\DaT-Parkinson\preproc_cache\7szpf9s9_f84f2b8d5a9e.npy,f84f2b8d5a9e,"{""centroid_threshold_pct"": 0.4, ""crop_size"": 64, ""intensity_p_high"": 99, ""intensity_p_low"": 1, ""target_spacing_mm"": 2.9}",1785260363.4005272,cached,,0.0,1.0,0.26017898321151733,0.30065232515335083,0.5013389587402344,True,
ehwhg0u4,c:\Users\myben\OneDrive\Documents\GitHub\DaT-Parkinson\niftis\ehwhg0u4.nii.gz,c:\Users\myben\OneDrive\Documents\GitHub\DaT-Parkinson\preproc_cache\ehwhg0u4_f84f2b8d5a9e.npy,f84f2b8d5a9e,"{""centroid_threshold_pct"": 0.4, ""crop_size"": 64, ""intensity_p_high"": 99, ""intensity_p_low"": 1, ""target_spacing_mm"": 2.9}",1785260367.0735445,cached,,0.0,1.0,0.29124438762664795,0.283223032951355,0.5879020690917969,True,"high_intensity_touches_boundary:y,z"
3qlx3f2x,c:\Users\myben\OneDrive\Documents\GitHub\DaT-Parkinson\niftis\3qlx3f2x.nii.gz,c:\Users\myben\OneDrive\Documents\GitHub\DaT-Parkinson\preproc_cache\3qlx3f2x_f84f2b8d5a9e.npy,f84f2b8d5a9e,"{""centroid_threshold_pct"": 0.4, ""crop_size"": 64, ""intensity_p_high"": 99, ""intensity_p_low"": 1, ""target_spacing_mm"": 2.9}",1785260361.3069048,cached,,0.0,1.0,0.3183612823486328,0.3865259885787964,0.4535713195800781,True,
hdcv4bkt,c:\Users\myben\OneDrive\Documents\GitHub\DaT-Parkinson\niftis\hdcv4bkt.nii.gz,c:\Users\myben\OneDrive\Documents\GitHub\DaT-Parkinson\preproc_cache\hdcv4bkt_f84f2b8d5a9e.npy,f84f2b8d5a9e,"{""centroid_threshold_pct"": 0.4, ""crop_size"": 64, ""intensity_p_high"": 99, ""intensity_p_low"": 1, ""target_spacing_mm"": 2.9}",1785260368.6623118,cached,,0.0,1.0,0.3049824833869934,0.30717241764068604,0.5633811950683594,True,high_intensity_touches_boundary:z
cv1ltwbj,c:\Users\myben\OneDrive\Documents\GitHub\DaT-Parkinson\niftis\cv1ltwbj.nii.gz,c:\Users\myben\OneDrive\Documents\GitHub\DaT-Parkinson\preproc_cache\cv1ltwbj_f84f2b8d5a9e.npy,f84f2b8d5a9e,"{""centroid_threshold_pct"": 0.4, ""crop_size"": 64, ""intensity_p_high"": 99, ""intensity_p_low"": 1, ""target_spacing_mm"": 2.9}",1785260365.8738418,cached,,0.0,1.0,0.2474175989627838,0.30363720655441284,0.4633941650390625,True,
9uu2bl7a,c:\Users\myben\OneDrive\Documents\GitHub\DaT-Parkinson\niftis\9uu2bl7a.nii.gz,c:\Users\myben\OneDrive\Documents\GitHub\DaT-Parkinson\preproc_cache\9uu2bl7a_f84f2b8d5a9e.npy,f84f2b8d5a9e,"{""centroid_threshold_pct"": 0.4, ""crop_size"": 64, ""intensity_p_high"": 99, ""intensity_p_low"": 1, ""target_spacing_mm"": 2.9}",1785260364.4549785,cached,,0.0,1.0,0.26559242606163025,0.3162871301174164,0.4789848327636719,True,
mkoh109z,c:\Users\myben\OneDrive\Documents\GitHub\DaT-Parkinson\niftis\mkoh109z.nii.gz,c:\Users\myben\OneDrive\Documents\GitHub\DaT-Parkinson\preproc_cache\mkoh109z_f84f2b8d5a9e.npy,f84f2b8d5a9e,"{""centroid_threshold_pct"": 0.4, ""crop_size"": 64, ""intensity_p_high"": 99, ""intensity_p_low"": 1, ""target_spacing_mm"": 2.9}",1785260371.2112682,cached,,0.0,1.0,0.24637621641159058,0.29619136452674866,0.4795188903808594,True,
do0d3fvn,c:\Users\myben\OneDrive\Documents\GitHub\DaT-Parkinson\niftis\do0d3fvn.nii.gz,c:\Users\myben\OneDrive\Documents\GitHub\DaT-Parkinson\preproc_cache\do0d3fvn_f84f2b8d5a9e.npy,f84f2b8d5a9e,"{""centroid_threshold_pct"": 0.4, ""crop_size"": 64, ""intensity_p_high"": 99, ""intensity_p_low"": 1, ""target_spacing_mm"": 2.9}",1785260366.5011387,cached,,0.0,1.0,0.26584434509277344,0.2992056906223297,0.5160140991210938,True,
v4kfq5dz,c:\Users\myben\OneDrive\Documents\GitHub\DaT-Parkinson\niftis\v4kfq5dz.nii.gz,c:\Users\myben\OneDrive\Documents\GitHub\DaT-Parkinson\preproc_cache\v4kfq5dz_f84f2b8d5a9e.npy,f84f2b8d5a9e,"{""centroid_threshold_pct"": 0.4, ""crop_size"": 64, ""intensity_p_high"": 99, ""intensity_p_low"": 1, ""target_spacing_mm"": 2.9}",1785260375.9064162,cached,,0.0,1.0,0.28257274627685547,0.3140794336795807,0.5141754150390625,True,
53x1f8s0,c:\Users\myben\OneDrive\Documents\GitHub\DaT-Parkinson\niftis\53x1f8s0.nii.gz,c:\Users\myben\OneDrive\Documents\GitHub\DaT-Parkinson\preproc_cache\53x1f8s0_f84f2b8d5a9e.npy,f84f2b8d5a9e,"{""centroid_threshold_pct"": 0.4, ""crop_size"": 64, ""intensity_p_high"": 99, ""intensity_p_low"": 1, ""target_spacing_mm"": 2.9}",1785260362.1450114,cached,,0.0,1.0,0.302677720785141,0.32937484979629517,0.5218582153320312,True,high_intensity_touches_boundary:y
x7m2mm4p,c:\Users\myben\OneDrive\Documents\GitHub\DaT-Parkinson\niftis\x7m2mm4p.nii.gz,c:\Users\myben\OneDrive\Documents\GitHub\DaT-Parkinson\preproc_cache\x7m2mm4p_f84f2b8d5a9e.npy,f84f2b8d5a9e,"{""centroid_threshold_pct"": 0.4, ""crop_size"": 64, ""intensity_p_high"": 99, ""intensity_p_low"": 1, ""target_spacing_mm"": 2.9}",1785260376.944933,cached,,0.0,1.0,0.3076486885547638,0.34348368644714355,0.49974822998046875,True,high_intensity_touches_boundary:y
61nhvcfw,c:\Users\myben\OneDrive\Documents\GitHub\DaT-Parkinson\niftis\61nhvcfw.nii.gz,c:\Users\myben\OneDrive\Documents\GitHub\DaT-Parkinson\preproc_cache\61nhvcfw_f84f2b8d5a9e.npy,f84f2b8d5a9e,"{""centroid_threshold_pct"": 0.4, ""crop_size"": 64, ""intensity_p_high"": 99, ""intensity_p_low"": 1, ""target_spacing_mm"": 2.9}",1785260362.5348175,cached,,0.0,1.0,0.2974267899990082,0.3284493684768677,0.5124626159667969,True,"high_intensity_touches_boundary:y,z"
r2f5t82d,c:\Users\myben\OneDrive\Documents\GitHub\DaT-Parkinson\niftis\r2f5t82d.nii.gz,c:\Users\myben\OneDrive\Documents\GitHub\DaT-Parkinson\preproc_cache\r2f5t82d_f84f2b8d5a9e.npy,f84f2b8d5a9e,"{""centroid_threshold_pct"": 0.4, ""crop_size"": 64, ""intensity_p_high"": 99, ""intensity_p_low"": 1, ""target_spacing_mm"": 2.9}",1785260373.7776926,cached,,0.0,1.0,0.23357391357421875,0.2895711064338684,0.4700202941894531,True,
dl7fkndg,c:\Users\myben\OneDrive\Documents\GitHub\DaT-Parkinson\niftis\dl7fkndg.nii.gz,c:\Users\myben\OneDrive\Documents\GitHub\DaT-Parkinson\preproc_cache\dl7fkndg_f84f2b8d5a9e.npy,f84f2b8d5a9e,"{""centroid_threshold_pct"": 0.4, ""crop_size"": 64, ""intensity_p_high"": 99, ""intensity_p_low"": 1, ""target_spacing_mm"": 2.9}",1785260366.4785516,cached,,0.0,1.0,0.24845868349075317,0.33194437623023987,0.40465545654296875,True,high_intensity_touches_boundary:y
1jrj5xfe,c:\Users\myben\OneDrive\Documents\GitHub\DaT-Parkinson\niftis\1jrj5xfe.nii.gz,c:\Users\myben\OneDrive\Documents\GitHub\DaT-Parkinson\preproc_cache\1jrj5xfe_f84f2b8d5a9e.npy,f84f2b8d5a9e,"{""centroid_threshold_pct"": 0.4, ""crop_size"": 64, ""intensity_p_high"": 99, ""intensity_p_low"": 1, ""target_spacing_mm"": 2.9}",1785260360.092506,cached,,0.0,1.0,0.24857114255428314,0.29262498021125793,0.4865875244140625,True,
ub4o47en,c:\Users\myben\OneDrive\Documents\GitHub\DaT-Parkinson\niftis\ub4o47en.nii.gz,c:\Users\myben\OneDrive\Documents\GitHub\DaT-Parkinson\preproc_cache\ub4o47en_f84f2b8d5a9e.npy,f84f2b8d5a9e,"{""centroid_threshold_pct"": 0.4, ""crop_size"": 64, ""intensity_p_high"": 99, ""intensity_p_low"": 1, ""target_spacing_mm"": 2.9}",1785260375.379781,cached,,0.0,1.0,0.2424803525209427,0.28436267375946045,0.47469329833984375,True,high_intensity_touches_boundary:z
48nysj5y,c:\Users\myben\OneDrive\Documents\GitHub\DaT-Parkinson\niftis\48nysj5y.nii.gz,c:\Users\myben\OneDrive\Documents\GitHub\DaT-Parkinson\preproc_cache\48nysj5y_f84f2b8d5a9e.npy,f84f2b8d5a9e,"{""centroid_threshold_pct"": 0.4, ""crop_size"": 64, ""intensity_p_high"": 99, ""intensity_p_low"": 1, ""target_spacing_mm"": 2.9}",1785260361.5800312,cached,,0.0,1.0,0.2640399932861328,0.2972623407840729,0.4759559631347656,True,high_intensity_touches_boundary:y
wx0i3a4k,c:\Users\myben\OneDrive\Documents\GitHub\DaT-Parkinson\niftis\wx0i3a4k.nii.gz,c:\Users\myben\OneDrive\Documents\GitHub\DaT-Parkinson\preproc_cache\wx0i3a4k_f84f2b8d5a9e.npy,f84f2b8d5a9e,"{""centroid_threshold_pct"": 0.4, ""crop_size"": 64, ""intensity_p_high"": 99, ""intensity_p_low"": 1, ""target_spacing_mm"": 2.9}",1785260376.8501885,cached,,0.0,1.0,0.3038271367549896,0.3194051682949066,0.5381126403808594,True,
focnqdqx,c:\Users\myben\OneDrive\Documents\GitHub\DaT-Parkinson\niftis\focnqdqx.nii.gz,c:\Users\myben\OneDrive\Documents\GitHub\DaT-Parkinson\preproc_cache\focnqdqx_f84f2b8d5a9e.npy,f84f2b8d5a9e,"{""centroid_threshold_pct"": 0.4, ""crop_size"": 64, ""intensity_p_high"": 99, ""intensity_p_low"": 1, ""target_spacing_mm"": 2.9}",1785260367.798612,cached,,0.0,1.0,0.2557075619697571,0.30728429555892944,0.46642303466796875,True,
6qd0771h,c:\Users\myben\OneDrive\Documents\GitHub\DaT-Parkinson\niftis\6qd0771h.nii.gz,c:\Users\myben\OneDrive\Documents\GitHub\DaT-Parkinson\preproc_cache\6qd0771h_f84f2b8d5a9e.npy,f84f2b8d5a9e,"{""centroid_threshold_pct"": 0.4, ""crop_size"": 64, ""intensity_p_high"": 99, ""intensity_p_low"": 1, ""target_spacing_mm"": 2.9}",1785260362.894289,cached,,0.0,1.0,0.26770851016044617,0.2724488079547882,0.5828857421875,True,
ll9rzrkb,c:\Users\myben\OneDrive\Documents\GitHub\DaT-Parkinson\niftis\ll9rzrkb.nii.gz,c:\Users\myben\OneDrive\Documents\GitHub\DaT-Parkinson\preproc_cache\ll9rzrkb_f84f2b8d5a9e.npy,f84f2b8d5a9e,"{""centroid_threshold_pct"": 0.4, ""crop_size"": 64, ""intensity_p_high"": 99, ""intensity_p_low"": 1, ""target_spacing_mm"": 2.9}",1785260370.776118,cached,,0.0,1.0,0.2837839126586914,0.30608177185058594,0.5417633056640625,True,
fqxlbvn7,c:\Users\myben\OneDrive\Documents\GitHub\DaT-Parkinson\niftis\fqxlbvn7.nii.gz,c:\Users\myben\OneDrive\Documents\GitHub\DaT-Parkinson\preproc_cache\fqxlbvn7_f84f2b8d5a9e.npy,f84f2b8d5a9e,"{""centroid_threshold_pct"": 0.4, ""crop_size"": 64, ""intensity_p_high"": 99, ""intensity_p_low"": 1, ""target_spacing_mm"": 2.9}",1785260367.824422,cached,,0.0,1.0,0.2720814347267151,0.30828607082366943,0.4988746643066406,True,high_intensity_touches_boundary:y
nprb58yj,c:\Users\myben\OneDrive\Documents\GitHub\DaT-Parkinson\niftis\nprb58yj.nii.gz,c:\Users\myben\OneDrive\Documents\GitHub\DaT-Parkinson\preproc_cache\nprb58yj_f84f2b8d5a9e.npy,f84f2b8d5a9e,"{""centroid_threshold_pct"": 0.4, ""crop_size"": 64, ""intensity_p_high"": 99, ""intensity_p_low"": 1, ""target_spacing_mm"": 2.9}",1785260371.8709702,cached,,0.0,1.0,0.26583999395370483,0.2969500720500946,0.5082015991210938,True,
wdcokz5s,c:\Users\myben\OneDrive\Documents\GitHub\DaT-Parkinson\niftis\wdcokz5s.nii.gz,c:\Users\myben\OneDrive\Documents\GitHub\DaT-Parkinson\preproc_cache\wdcokz5s_f84f2b8d5a9e.npy,f84f2b8d5a9e,"{""centroid_threshold_pct"": 0.4, ""crop_size"": 64, ""intensity_p_high"": 99, ""intensity_p_low"": 1, ""target_spacing_mm"": 2.9}",1785260376.6305778,cached,,0.0,1.0,0.2913724482059479,0.3508537709712982,0.46668243408203125,True,high_intensity_touches_boundary:y
yj3d6m1f,c:\Users\myben\OneDrive\Documents\GitHub\DaT-Parkinson\niftis\yj3d6m1f.nii.gz,c:\Users\myben\OneDrive\Documents\GitHub\DaT-Parkinson\preproc_cache\yj3d6m1f_f84f2b8d5a9e.npy,f84f2b8d5a9e,"{""centroid_threshold_pct"": 0.4, ""crop_size"": 64, ""intensity_p_high"": 99, ""intensity_p_low"": 1, ""target_spacing_mm"": 2.9}",1785260377.7818425,cached,,0.0,1.0,0.3002939224243164,0.3264961242675781,0.5339584350585938,True,
mpryfzmy,c:\Users\myben\OneDrive\Documents\GitHub\DaT-Parkinson\niftis\mpryfzmy.nii.gz,c:\Users\myben\OneDrive\Documents\GitHub\DaT-Parkinson\preproc_cache\mpryfzmy_f84f2b8d5a9e.npy,f84f2b8d5a9e,"{""centroid_threshold_pct"": 0.4, ""crop_size"": 64, ""intensity_p_high"": 99, ""intensity_p_low"": 1, ""target_spacing_mm"": 2.9}",1785260371.2509167,cached,,0.0,1.0,0.23560333251953125,0.30974844098091125,0.4208793640136719,True,
oa2vcywl,c:\Users\myben\OneDrive\Documents\GitHub\DaT-Parkinson\niftis\oa2vcywl.nii.gz,c:\Users\myben\OneDrive\Documents\GitHub\DaT-Parkinson\preproc_cache\oa2vcywl_f84f2b8d5a9e.npy,f84f2b8d5a9e,"{""centroid_threshold_pct"": 0.4, ""crop_size"": 64, ""intensity_p_high"": 99, ""intensity_p_low"": 1, ""target_spacing_mm"": 2.9}",1785260372.2018225,cached,,0.0,1.0,0.24298183619976044,0.2788003981113434,0.4954109191894531,True,high_intensity_touches_boundary:y
9700lfqf,c:\Users\myben\OneDrive\Documents\GitHub\DaT-Parkinson\niftis\9700lfqf.nii.gz,c:\Users\myben\OneDrive\Documents\GitHub\DaT-Parkinson\preproc_cache\9700lfqf_f84f2b8d5a9e.npy,f84f2b8d5a9e,"{""centroid_threshold_pct"": 0.4, ""crop_size"": 64, ""intensity_p_high"": 99, ""intensity_p_low"": 1, ""target_spacing_mm"": 2.9}",1785260364.1347568,cached,,0.0,1.0,0.25894981622695923,0.2847781479358673,0.5202217102050781,True,high_intensity_touches_boundary:y
5e8osaq3,c:\Users\myben\OneDrive\Documents\GitHub\DaT-Parkinson\niftis\5e8osaq3.nii.gz,c:\Users\myben\OneDrive\Documents\GitHub\DaT-Parkinson\preproc_cache\5e8osaq3_f84f2b8d5a9e.npy,f84f2b8d5a9e,"{""centroid_threshold_pct"": 0.4, ""crop_size"": 64, ""intensity_p_high"": 99, ""intensity_p_low"": 1, ""target_spacing_mm"": 2.9}",1785260362.2661688,cached,,0.0,1.0,0.26236724853515625,0.32462018728256226,0.4645347595214844,True,
eq8dh9pt,c:\Users\myben\OneDrive\Documents\GitHub\DaT-Parkinson\niftis\eq8dh9pt.nii.gz,c:\Users\myben\OneDrive\Documents\GitHub\DaT-Parkinson\preproc_cache\eq8dh9pt_f84f2b8d5a9e.npy,f84f2b8d5a9e,"{""centroid_threshold_pct"": 0.4, ""crop_size"": 64, ""intensity_p_high"": 99, ""intensity_p_low"": 1, ""target_spacing_mm"": 2.9}",1785260367.2708597,cached,,0.0,1.0,0.2616233825683594,0.30576130747795105,0.4776573181152344,True,
fnm88ua3,c:\Users\myben\OneDrive\Documents\GitHub\DaT-Parkinson\niftis\fnm88ua3.nii.gz,c:\Users\myben\OneDrive\Documents\GitHub\DaT-Parkinson\preproc_cache\fnm88ua3_f84f2b8d5a9e.npy,f84f2b8d5a9e,"{""centroid_threshold_pct"": 0.4, ""crop_size"": 64, ""intensity_p_high"": 99, ""intensity_p_low"": 1, ""target_spacing_mm"": 2.9}",1785260367.788085,cached,,0.0,1.0,0.2585254907608032,0.30638986825942993,0.4868431091308594,True,
a6s5zxqo,c:\Users\myben\OneDrive\Documents\GitHub\DaT-Parkinson\niftis\a6s5zxqo.nii.gz,c:\Users\myben\OneDrive\Documents\GitHub\DaT-Parkinson\preproc_cache\a6s5zxqo_f84f2b8d5a9e.npy,f84f2b8d5a9e,"{""centroid_threshold_pct"": 0.4, ""crop_size"": 64, ""intensity_p_high"": 99, ""intensity_p_low"": 1, ""target_spacing_mm"": 2.9}",1785260364.5943775,cached,,0.0,1.0,0.21355152130126953,0.25782862305641174,0.4759674072265625,True,high_intensity_touches_boundary:y
mts1egpg,c:\Users\myben\OneDrive\Documents\GitHub\DaT-Parkinson\niftis\mts1egpg.nii.gz,c:\Users\myben\OneDrive\Documents\GitHub\DaT-Parkinson\preproc_cache\mts1egpg_f84f2b8d5a9e.npy,f84f2b8d5a9e,"{""centroid_threshold_pct"": 0.4, ""crop_size"": 64, ""intensity_p_high"": 99, ""intensity_p_low"": 1, ""target_spacing_mm"": 2.9}",1785260371.2903492,cached,,0.0,1.0,0.2246532440185547,0.2590521275997162,0.49816131591796875,True,high_intensity_touches_boundary:y
vtn4ypkw,c:\Users\myben\OneDrive\Documents\GitHub\DaT-Parkinson\niftis\vtn4ypkw.nii.gz,c:\Users\myben\OneDrive\Documents\GitHub\DaT-Parkinson\preproc_cache\vtn4ypkw_f84f2b8d5a9e.npy,f84f2b8d5a9e,"{""centroid_threshold_pct"": 0.4, ""crop_size"": 64, ""intensity_p_high"": 99, ""intensity_p_low"": 1, ""target_spacing_mm"": 2.9}",1785260376.29336,cached,,0.0,1.0,0.2769860625267029,0.3197365701198578,0.4986457824707031,True,
7493dxwo,c:\Users\myben\OneDrive\Documents\GitHub\DaT-Parkinson\niftis\7493dxwo.nii.gz,c:\Users\myben\OneDrive\Documents\GitHub\DaT-Parkinson\preproc_cache\7493dxwo_f84f2b8d5a9e.npy,f84f2b8d5a9e,"{""centroid_threshold_pct"": 0.4, ""crop_size"": 64, ""intensity_p_high"": 99, ""intensity_p_low"": 1, ""target_spacing_mm"": 2.9}",1785260363.1186302,cached,,0.0,1.0,0.2865314483642578,0.33068087697029114,0.4943275451660156,True,
r17dpubk,c:\Users\myben\OneDrive\Documents\GitHub\DaT-Parkinson\niftis\r17dpubk.nii.gz,c:\Users\myben\OneDrive\Documents\GitHub\DaT-Parkinson\preproc_cache\r17dpubk_f84f2b8d5a9e.npy,f84f2b8d5a9e,"{""centroid_threshold_pct"": 0.4, ""crop_size"": 64, ""intensity_p_high"": 99, ""intensity_p_low"": 1, ""target_spacing_mm"": 2.9}",1785260373.7541585,cached,,0.0,1.0,0.2596559524536133,0.28343379497528076,0.5239639282226562,True,
piqnhqe8,c:\Users\myben\OneDrive\Documents\GitHub\DaT-Parkinson\niftis\piqnhqe8.nii.gz,c:\Users\myben\OneDrive\Documents\GitHub\DaT-Parkinson\preproc_cache\piqnhqe8_f84f2b8d5a9e.npy,f84f2b8d5a9e,"{""centroid_threshold_pct"": 0.4, ""crop_size"": 64, ""intensity_p_high"": 99, ""intensity_p_low"": 1, ""target_spacing_mm"": 2.9}",1785260372.9129536,cached,,0.0,1.0,0.26131725311279297,0.32960963249206543,0.4459991455078125,True,high_intensity_touches_boundary:y
6o3z0ani,c:\Users\myben\OneDrive\Documents\GitHub\DaT-Parkinson\niftis\6o3z0ani.nii.gz,c:\Users\myben\OneDrive\Documents\GitHub\DaT-Parkinson\preproc_cache\6o3z0ani_f84f2b8d5a9e.npy,f84f2b8d5a9e,"{""centroid_threshold_pct"": 0.4, ""crop_size"": 64, ""intensity_p_high"": 99, ""intensity_p_low"": 1, ""target_spacing_mm"": 2.9}",1785260362.8459656,cached,,0.0,1.0,0.28248322010040283,0.32858774065971375,0.483917236328125,True,high_intensity_touches_boundary:y
k5j42oi6,c:\Users\myben\OneDrive\Documents\GitHub\DaT-Parkinson\niftis\k5j42oi6.nii.gz,c:\Users\myben\OneDrive\Documents\GitHub\DaT-Parkinson\preproc_cache\k5j42oi6_f84f2b8d5a9e.npy,f84f2b8d5a9e,"{""centroid_threshold_pct"": 0.4, ""crop_size"": 64, ""intensity_p_high"": 99, ""intensity_p_low"": 1, ""target_spacing_mm"": 2.9}",1785260370.0890312,cached,,0.0,1.0,0.30295562744140625,0.32858169078826904,0.5271873474121094,True,high_intensity_touches_boundary:y
oafn33vm,c:\Users\myben\OneDrive\Documents\GitHub\DaT-Parkinson\niftis\oafn33vm.nii.gz,c:\Users\myben\OneDrive\Documents\GitHub\DaT-Parkinson\preproc_cache\oafn33vm_f84f2b8d5a9e.npy,f84f2b8d5a9e,"{""centroid_threshold_pct"": 0.4, ""crop_size"": 64, ""intensity_p_high"": 99, ""intensity_p_low"": 1, ""target_spacing_mm"": 2.9}",1785260372.2264974,cached,,0.0,1.0,0.2526349425315857,0.29821139574050903,0.4861869812011719,True,
89i9gx32,c:\Users\myben\OneDrive\Documents\GitHub\DaT-Parkinson\niftis\89i9gx32.nii.gz,c:\Users\myben\OneDrive\Documents\GitHub\DaT-Parkinson\preproc_cache\89i9gx32_f84f2b8d5a9e.npy,f84f2b8d5a9e,"{""centroid_threshold_pct"": 0.4, ""crop_size"": 64, ""intensity_p_high"": 99, ""intensity_p_low"": 1, ""target_spacing_mm"": 2.9}",1785260363.6289072,cached,,0.0,1.0,0.22108246386051178,0.26800501346588135,0.4725151062011719,True,
uew9g6sp,c:\Users\myben\OneDrive\Documents\GitHub\DaT-Parkinson\niftis\uew9g6sp.nii.gz,c:\Users\myben\OneDrive\Documents\GitHub\DaT-Parkinson\preproc_cache\uew9g6sp_f84f2b8d5a9e.npy,f84f2b8d5a9e,"{""centroid_threshold_pct"": 0.4, ""crop_size"": 64, ""intensity_p_high"": 99, ""intensity_p_low"": 1, ""target_spacing_mm"": 2.9}",1785260375.4478688,cached,,0.0,1.0,0.2695274353027344,0.30702319741249084,0.49866485595703125,True,
d2sw24wj,c:\Users\myben\OneDrive\Documents\GitHub\DaT-Parkinson\niftis\d2sw24wj.nii.gz,c:\Users\myben\OneDrive\Documents\GitHub\DaT-Parkinson\preproc_cache\d2sw24wj_f84f2b8d5a9e.npy,f84f2b8d5a9e,"{""centroid_threshold_pct"": 0.4, ""crop_size"": 64, ""intensity_p_high"": 99, ""intensity_p_low"": 1, ""target_spacing_mm"": 2.9}",1785260366.1431077,cached,,0.0,1.0,0.3085644245147705,0.34154796600341797,0.5090065002441406,True,
t8hdpwvb,c:\Users\myben\OneDrive\Documents\GitHub\DaT-Parkinson\niftis\t8hdpwvb.nii.gz,c:\Users\myben\OneDrive\Documents\GitHub\DaT-Parkinson\preproc_cache\t8hdpwvb_f84f2b8d5a9e.npy,f84f2b8d5a9e,"{""centroid_threshold_pct"": 0.4, ""crop_size"": 64, ""intensity_p_high"": 99, ""intensity_p_low"": 1, ""target_spacing_mm"": 2.9}",1785260374.8912787,cached,,0.0,1.0,0.26663684844970703,0.3174910247325897,0.46973419189453125,True,
z7cn0eqw,c:\Users\myben\OneDrive\Documents\GitHub\DaT-Parkinson\niftis\z7cn0eqw.nii.gz,c:\Users\myben\OneDrive\Documents\GitHub\DaT-Parkinson\preproc_cache\z7cn0eqw_f84f2b8d5a9e.npy,f84f2b8d5a9e,"{""centroid_threshold_pct"": 0.4, ""crop_size"": 64, ""intensity_p_high"": 99, ""intensity_p_low"": 1, ""target_spacing_mm"": 2.9}",1785260378.1769528,cached,,0.0,1.0,0.24735498428344727,0.3020091950893402,0.4517250061035156,True,high_intensity_touches_boundary:y
mi6kti22,c:\Users\myben\OneDrive\Documents\GitHub\DaT-Parkinson\niftis\mi6kti22.nii.gz,c:\Users\myben\OneDrive\Documents\GitHub\DaT-Parkinson\preproc_cache\mi6kti22_f84f2b8d5a9e.npy,f84f2b8d5a9e,"{""centroid_threshold_pct"": 0.4, ""crop_size"": 64, ""intensity_p_high"": 99, ""intensity_p_low"": 1, ""target_spacing_mm"": 2.9}",1785260371.1507723,cached,,0.0,1.0,0.25275135040283203,0.31049054861068726,0.4601593017578125,True,
1xj7wwud,c:\Users\myben\OneDrive\Documents\GitHub\DaT-Parkinson\niftis\1xj7wwud.nii.gz,c:\Users\myben\OneDrive\Documents\GitHub\DaT-Parkinson\preproc_cache\1xj7wwud_f84f2b8d5a9e.npy,f84f2b8d5a9e,"{""centroid_threshold_pct"": 0.4, ""crop_size"": 64, ""intensity_p_high"": 99, ""intensity_p_low"": 1, ""target_spacing_mm"": 2.9}",1785260360.2470238,cached,,0.0,1.0,0.22425130009651184,0.3016588091850281,0.40064239501953125,True,high_intensity_touches_boundary:y
qvdk6drn,c:\Users\myben\OneDrive\Documents\GitHub\DaT-Parkinson\niftis\qvdk6drn.nii.gz,c:\Users\myben\OneDrive\Documents\GitHub\DaT-Parkinson\preproc_cache\qvdk6drn_f84f2b8d5a9e.npy,f84f2b8d5a9e,"{""centroid_threshold_pct"": 0.4, ""crop_size"": 64, ""intensity_p_high"": 99, ""intensity_p_low"": 1, ""target_spacing_mm"": 2.9}",1785260373.6053994,cached,,0.0,1.0,0.2452678382396698,0.29386085271835327,0.4682464599609375,True,
4orac8cy,c:\Users\myben\OneDrive\Documents\GitHub\DaT-Parkinson\niftis\4orac8cy.nii.gz,c:\Users\myben\OneDrive\Documents\GitHub\DaT-Parkinson\preproc_cache\4orac8cy_f84f2b8d5a9e.npy,f84f2b8d5a9e,"{""centroid_threshold_pct"": 0.4, ""crop_size"": 64, ""intensity_p_high"": 99, ""intensity_p_low"": 1, ""target_spacing_mm"": 2.9}",1785260361.8961484,cached,,0.0,1.0,0.33100318908691406,0.37679845094680786,0.48992919921875,True,
nl63gagu,c:\Users\myben\OneDrive\Documents\GitHub\DaT-Parkinson\niftis\nl63gagu.nii.gz,c:\Users\myben\OneDrive\Documents\GitHub\DaT-Parkinson\preproc_cache\nl63gagu_f84f2b8d5a9e.npy,f84f2b8d5a9e,"{""centroid_threshold_pct"": 0.4, ""crop_size"": 64, ""intensity_p_high"": 99, ""intensity_p_low"": 1, ""target_spacing_mm"": 2.9}",1785260371.8131223,cached,,0.0,1.0,0.3298807144165039,0.3564274311065674,0.5225105285644531,True,
vb99rwtf,c:\Users\myben\OneDrive\Documents\GitHub\DaT-Parkinson\niftis\vb99rwtf.nii.gz,c:\Users\myben\OneDrive\Documents\GitHub\DaT-Parkinson\preproc_cache\vb99rwtf_f84f2b8d5a9e.npy,f84f2b8d5a9e,"{""centroid_threshold_pct"": 0.4, ""crop_size"": 64, ""intensity_p_high"": 99, ""intensity_p_low"": 1, ""target_spacing_mm"": 2.9}",1785260376.0124936,cached,,0.0,1.0,0.26907533407211304,0.32518327236175537,0.461822509765625,True,
07gbasf5,c:\Users\myben\OneDrive\Documents\GitHub\DaT-Parkinson\niftis\07gbasf5.nii.gz,c:\Users\myben\OneDrive\Documents\GitHub\DaT-Parkinson\preproc_cache\07gbasf5_f84f2b8d5a9e.npy,f84f2b8d5a9e,"{""centroid_threshold_pct"": 0.4, ""crop_size"": 64, ""intensity_p_high"": 99, ""intensity_p_low"": 1, ""target_spacing_mm"": 2.9}",1785260359.2280715,cached,,0.0,1.0,0.20584556460380554,0.2674269378185272,0.42978668212890625,True,
ehlh07jr,c:\Users\myben\OneDrive\Documents\GitHub\DaT-Parkinson\niftis\ehlh07jr.nii.gz,c:\Users\myben\OneDrive\Documents\GitHub\DaT-Parkinson\preproc_cache\ehlh07jr_f84f2b8d5a9e.npy,f84f2b8d5a9e,"{""centroid_threshold_pct"": 0.4, ""crop_size"": 64, ""intensity_p_high"": 99, ""intensity_p_low"": 1, ""target_spacing_mm"": 2.9}",1785260367.0523243,cached,,0.0,1.0,0.19245530664920807,0.24613885581493378,0.4592742919921875,True,
8mtk0rso,c:\Users\myben\OneDrive\Documents\GitHub\DaT-Parkinson\niftis\8mtk0rso.nii.gz,c:\Users\myben\OneDrive\Documents\GitHub\DaT-Parkinson\preproc_cache\8mtk0rso_f84f2b8d5a9e.npy,f84f2b8d5a9e,"{""centroid_threshold_pct"": 0.4, ""crop_size"": 64, ""intensity_p_high"": 99, ""intensity_p_low"": 1, ""target_spacing_mm"": 2.9}",1785260363.9163418,cached,,0.0,1.0,0.23523616790771484,0.2895514965057373,0.44925689697265625,True,
ggy5kov1,c:\Users\myben\OneDrive\Documents\GitHub\DaT-Parkinson\niftis\ggy5kov1.nii.gz,c:\Users\myben\OneDrive\Documents\GitHub\DaT-Parkinson\preproc_cache\ggy5kov1_f84f2b8d5a9e.npy,f84f2b8d5a9e,"{""centroid_threshold_pct"": 0.4, ""crop_size"": 64, ""intensity_p_high"": 99, ""intensity_p_low"": 1, ""target_spacing_mm"": 2.9}",1785260368.1865911,cached,,0.0,1.0,0.23264503479003906,0.2964485287666321,0.43030548095703125,True,
l28r5p03,c:\Users\myben\OneDrive\Documents\GitHub\DaT-Parkinson\niftis\l28r5p03.nii.gz,c:\Users\myben\OneDrive\Documents\GitHub\DaT-Parkinson\preproc_cache\l28r5p03_f84f2b8d5a9e.npy,f84f2b8d5a9e,"{""centroid_threshold_pct"": 0.4, ""crop_size"": 64, ""intensity_p_high"": 99, ""intensity_p_low"": 1, ""target_spacing_mm"": 2.9}",1785260370.5704634,cached,,0.0,1.0,0.21983356773853302,0.2607366740703583,0.48128509521484375,True,
wvpunwcg,c:\Users\myben\OneDrive\Documents\GitHub\DaT-Parkinson\niftis\wvpunwcg.nii.gz,c:\Users\myben\OneDrive\Documents\GitHub\DaT-Parkinson\preproc_cache\wvpunwcg_f84f2b8d5a9e.npy,f84f2b8d5a9e,"{""centroid_threshold_pct"": 0.4, ""crop_size"": 64, ""intensity_p_high"": 99, ""intensity_p_low"": 1, ""target_spacing_mm"": 2.9}",1785260376.8294022,cached,,0.0,1.0,0.2507505416870117,0.2878046929836273,0.5065956115722656,True,
bsvk3x8m,c:\Users\myben\OneDrive\Documents\GitHub\DaT-Parkinson\niftis\bsvk3x8m.nii.gz,c:\Users\myben\OneDrive\Documents\GitHub\DaT-Parkinson\preproc_cache\bsvk3x8m_f84f2b8d5a9e.npy,f84f2b8d5a9e,"{""centroid_threshold_pct"": 0.4, ""crop_size"": 64, ""intensity_p_high"": 99, ""intensity_p_low"": 1, ""target_spacing_mm"": 2.9}",1785260365.314854,cached,,0.0,1.0,0.23619185388088226,0.26263734698295593,0.5222015380859375,True,
bgl2mcxn,c:\Users\myben\OneDrive\Documents\GitHub\DaT-Parkinson\niftis\bgl2mcxn.nii.gz,c:\Users\myben\OneDrive\Documents\GitHub\DaT-Parkinson\preproc_cache\bgl2mcxn_f84f2b8d5a9e.npy,f84f2b8d5a9e,"{""centroid_threshold_pct"": 0.4, ""crop_size"": 64, ""intensity_p_high"": 99, ""intensity_p_low"": 1, ""target_spacing_mm"": 2.9}",1785260365.1330252,cached,,0.0,1.0,0.2565326690673828,0.28845107555389404,0.4990196228027344,True,
2elalq26,c:\Users\myben\OneDrive\Documents\GitHub\DaT-Parkinson\niftis\2elalq26.nii.gz,c:\Users\myben\OneDrive\Documents\GitHub\DaT-Parkinson\preproc_cache\2elalq26_f84f2b8d5a9e.npy,f84f2b8d5a9e,"{""centroid_threshold_pct"": 0.4, ""crop_size"": 64, ""intensity_p_high"": 99, ""intensity_p_low"": 1, ""target_spacing_mm"": 2.9}",1785260360.4530468,cached,,0.0,1.0,0.21891061961650848,0.24810166656970978,0.5347328186035156,True,
unvsdkv5,c:\Users\myben\OneDrive\Documents\GitHub\DaT-Parkinson\niftis\unvsdkv5.nii.gz,c:\Users\myben\OneDrive\Documents\GitHub\DaT-Parkinson\preproc_cache\unvsdkv5_f84f2b8d5a9e.npy,f84f2b8d5a9e,"{""centroid_threshold_pct"": 0.4, ""crop_size"": 64, ""intensity_p_high"": 99, ""intensity_p_low"": 1, ""target_spacing_mm"": 2.9}",1785260375.6277747,cached,,0.0,1.0,0.2170553207397461,0.24973315000534058,0.5029640197753906,True,
4c6p1llh,c:\Users\myben\OneDrive\Documents\GitHub\DaT-Parkinson\niftis\4c6p1llh.nii.gz,c:\Users\myben\OneDrive\Documents\GitHub\DaT-Parkinson\preproc_cache\4c6p1llh_f84f2b8d5a9e.npy,f84f2b8d5a9e,"{""centroid_threshold_pct"": 0.4, ""crop_size"": 64, ""intensity_p_high"": 99, ""intensity_p_low"": 1, ""target_spacing_mm"": 2.9}",1785260361.6528332,cached,,0.0,1.0,0.24524402618408203,0.31018972396850586,0.4556236267089844,True,
2r9pegln,c:\Users\myben\OneDrive\Documents\GitHub\DaT-Parkinson\niftis\2r9pegln.nii.gz,c:\Users\myben\OneDrive\Documents\GitHub\DaT-Parkinson\preproc_cache\2r9pegln_f84f2b8d5a9e.npy,f84f2b8d5a9e,"{""centroid_threshold_pct"": 0.4, ""crop_size"": 64, ""intensity_p_high"": 99, ""intensity_p_low"": 1, ""target_spacing_mm"": 2.9}",1785260360.68228,cached,,0.0,1.0,0.2976346015930176,0.3453303277492523,0.48490142822265625,True,high_intensity_touches_boundary:y
ukx496k4,c:\Users\myben\OneDrive\Documents\GitHub\DaT-Parkinson\niftis\ukx496k4.nii.gz,c:\Users\myben\OneDrive\Documents\GitHub\DaT-Parkinson\preproc_cache\ukx496k4_f84f2b8d5a9e.npy,f84f2b8d5a9e,"{""centroid_threshold_pct"": 0.4, ""crop_size"": 64, ""intensity_p_high"": 99, ""intensity_p_low"": 1, ""target_spacing_mm"": 2.9}",1785260375.5700052,cached,,0.0,1.0,0.2659893035888672,0.2966780364513397,0.5102081298828125,True,high_intensity_touches_boundary:y
o67bxcd2,c:\Users\myben\OneDrive\Documents\GitHub\DaT-Parkinson\niftis\o67bxcd2.nii.gz,c:\Users\myben\OneDrive\Documents\GitHub\DaT-Parkinson\preproc_cache\o67bxcd2_f84f2b8d5a9e.npy,f84f2b8d5a9e,"{""centroid_threshold_pct"": 0.4, ""crop_size"": 64, ""intensity_p_high"": 99, ""intensity_p_low"": 1, ""target_spacing_mm"": 2.9}",1785260372.154537,cached,,0.0,1.0,0.3046068847179413,0.34201180934906006,0.500213623046875,True,"high_intensity_touches_boundary:y,z"
0j1oulwo,c:\Users\myben\OneDrive\Documents\GitHub\DaT-Parkinson\niftis\0j1oulwo.nii.gz,c:\Users\myben\OneDrive\Documents\GitHub\DaT-Parkinson\preproc_cache\0j1oulwo_f84f2b8d5a9e.npy,f84f2b8d5a9e,"{""centroid_threshold_pct"": 0.4, ""crop_size"": 64, ""intensity_p_high"": 99, ""intensity_p_low"": 1, ""target_spacing_mm"": 2.9}",1785260359.4563215,cached,,0.0,1.0,0.24031031131744385,0.2856059968471527,0.47467041015625,True,
zq48enwb,c:\Users\myben\OneDrive\Documents\GitHub\DaT-Parkinson\niftis\zq48enwb.nii.gz,c:\Users\myben\OneDrive\Documents\GitHub\DaT-Parkinson\preproc_cache\zq48enwb_f84f2b8d5a9e.npy,f84f2b8d5a9e,"{""centroid_threshold_pct"": 0.4, ""crop_size"": 64, ""intensity_p_high"": 99, ""intensity_p_low"": 1, ""target_spacing_mm"": 2.9}",1785260378.3582523,cached,,0.0,1.0,0.2536163330078125,0.29263046383857727,0.49864959716796875,True,
badlypgg,c:\Users\myben\OneDrive\Documents\GitHub\DaT-Parkinson\niftis\badlypgg.nii.gz,c:\Users\myben\OneDrive\Documents\GitHub\DaT-Parkinson\preproc_cache\badlypgg_f84f2b8d5a9e.npy,f84f2b8d5a9e,"{""centroid_threshold_pct"": 0.4, ""crop_size"": 64, ""intensity_p_high"": 99, ""intensity_p_low"": 1, ""target_spacing_mm"": 2.9}",1785260365.0126922,cached,,0.0,1.0,0.26108646392822266,0.28394195437431335,0.5338249206542969,True,
6n6975j2,c:\Users\myben\OneDrive\Documents\GitHub\DaT-Parkinson\niftis\6n6975j2.nii.gz,c:\Users\myben\OneDrive\Documents\GitHub\DaT-Parkinson\preproc_cache\6n6975j2_f84f2b8d5a9e.npy,f84f2b8d5a9e,"{""centroid_threshold_pct"": 0.4, ""crop_size"": 64, ""intensity_p_high"": 99, ""intensity_p_low"": 1, ""target_spacing_mm"": 2.9}",1785260362.8218658,cached,,0.0,1.0,0.20767708122730255,0.28303423523902893,0.4270133972167969,True,
d8clw3jg,c:\Users\myben\OneDrive\Documents\GitHub\DaT-Parkinson\niftis\d8clw3jg.nii.gz,c:\Users\myben\OneDrive\Documents\GitHub\DaT-Parkinson\preproc_cache\d8clw3jg_f84f2b8d5a9e.npy,f84f2b8d5a9e,"{""centroid_threshold_pct"": 0.4, ""crop_size"": 64, ""intensity_p_high"": 99, ""intensity_p_low"": 1, ""target_spacing_mm"": 2.9}",1785260366.247096,cached,,0.0,1.0,0.23462477326393127,0.29863184690475464,0.435302734375,True,
eqe5158o,c:\Users\myben\OneDrive\Documents\GitHub\DaT-Parkinson\niftis\eqe5158o.nii.gz,c:\Users\myben\OneDrive\Documents\GitHub\DaT-Parkinson\preproc_cache\eqe5158o_f84f2b8d5a9e.npy,f84f2b8d5a9e,"{""centroid_threshold_pct"": 0.4, ""crop_size"": 64, ""intensity_p_high"": 99, ""intensity_p_low"": 1, ""target_spacing_mm"": 2.9}",1785260367.2818627,cached,,0.0,1.0,0.2601747512817383,0.3002491891384125,0.5060081481933594,True,
qesux9l0,c:\Users\myben\OneDrive\Documents\GitHub\DaT-Parkinson\niftis\qesux9l0.nii.gz,c:\Users\myben\OneDrive\Documents\GitHub\DaT-Parkinson\preproc_cache\qesux9l0_f84f2b8d5a9e.npy,f84f2b8d5a9e,"{""centroid_threshold_pct"": 0.4, ""crop_size"": 64, ""intensity_p_high"": 99, ""intensity_p_low"": 1, ""target_spacing_mm"": 2.9}",1785260373.3479228,cached,,0.0,1.0,0.22834253311157227,0.26647016406059265,0.5002784729003906,True,
ijkcu5x0,c:\Users\myben\OneDrive\Documents\GitHub\DaT-Parkinson\niftis\ijkcu5x0.nii.gz,c:\Users\myben\OneDrive\Documents\GitHub\DaT-Parkinson\preproc_cache\ijkcu5x0_f84f2b8d5a9e.npy,f84f2b8d5a9e,"{""centroid_threshold_pct"": 0.4, ""crop_size"": 64, ""intensity_p_high"": 99, ""intensity_p_low"": 1, ""target_spacing_mm"": 2.9}",1785260369.1112595,cached,,0.0,1.0,0.22686436772346497,0.291591614484787,0.4447669982910156,True,
hc8cah3g,c:\Users\myben\OneDrive\Documents\GitHub\DaT-Parkinson\niftis\hc8cah3g.nii.gz,c:\Users\myben\OneDrive\Documents\GitHub\DaT-Parkinson\preproc_cache\hc8cah3g_f84f2b8d5a9e.npy,f84f2b8d5a9e,"{""centroid_threshold_pct"": 0.4, ""crop_size"": 64, ""intensity_p_high"": 99, ""intensity_p_low"": 1, ""target_spacing_mm"": 2.9}",1785260368.651621,cached,,0.0,1.0,0.2552366256713867,0.30731943249702454,0.4929924011230469,True,high_intensity_touches_boundary:z
dhvs41lq,c:\Users\myben\OneDrive\Documents\GitHub\DaT-Parkinson\niftis\dhvs41lq.nii.gz,c:\Users\myben\OneDrive\Documents\GitHub\DaT-Parkinson\preproc_cache\dhvs41lq_f84f2b8d5a9e.npy,f84f2b8d5a9e,"{""centroid_threshold_pct"": 0.4, ""crop_size"": 64, ""intensity_p_high"": 99, ""intensity_p_low"": 1, ""target_spacing_mm"": 2.9}",1785260366.389764,cached,,0.0,1.0,0.28728771209716797,0.3280768096446991,0.48758697509765625,True,
fs6hn95s,c:\Users\myben\OneDrive\Documents\GitHub\DaT-Parkinson\niftis\fs6hn95s.nii.gz,c:\Users\myben\OneDrive\Documents\GitHub\DaT-Parkinson\preproc_cache\fs6hn95s_f84f2b8d5a9e.npy,f84f2b8d5a9e,"{""centroid_threshold_pct"": 0.4, ""crop_size"": 64, ""intensity_p_high"": 99, ""intensity_p_low"": 1, ""target_spacing_mm"": 2.9}",1785260367.8499484,cached,,0.0,1.0,0.28072431683540344,0.30891716480255127,0.5129928588867188,True,high_intensity_touches_boundary:y
2gkfl5xf,c:\Users\myben\OneDrive\Documents\GitHub\DaT-Parkinson\niftis\2gkfl5xf.nii.gz,c:\Users\myben\OneDrive\Documents\GitHub\DaT-Parkinson\preproc_cache\2gkfl5xf_f84f2b8d5a9e.npy,f84f2b8d5a9e,"{""centroid_threshold_pct"": 0.4, ""crop_size"": 64, ""intensity_p_high"": 99, ""intensity_p_low"": 1, ""target_spacing_mm"": 2.9}",1785260360.506334,cached,,0.0,1.0,0.27112865447998047,0.284983366727829,0.5413818359375,True,
50i6gbxq,c:\Users\myben\OneDrive\Documents\GitHub\DaT-Parkinson\niftis\50i6gbxq.nii.gz,c:\Users\myben\OneDrive\Documents\GitHub\DaT-Parkinson\preproc_cache\50i6gbxq_f84f2b8d5a9e.npy,f84f2b8d5a9e,"{""centroid_threshold_pct"": 0.4, ""crop_size"": 64, ""intensity_p_high"": 99, ""intensity_p_low"": 1, ""target_spacing_mm"": 2.9}",1785260362.0657125,cached,,0.0,1.0,0.25557002425193787,0.30963894724845886,0.46904754638671875,True,high_intensity_touches_boundary:y
j7dpfssb,c:\Users\myben\OneDrive\Documents\GitHub\DaT-Parkinson\niftis\j7dpfssb.nii.gz,c:\Users\myben\OneDrive\Documents\GitHub\DaT-Parkinson\preproc_cache\j7dpfssb_f84f2b8d5a9e.npy,f84f2b8d5a9e,"{""centroid_threshold_pct"": 0.4, ""crop_size"": 64, ""intensity_p_high"": 99, ""intensity_p_low"": 1, ""target_spacing_mm"": 2.9}",1785260369.4365847,cached,,0.0,1.0,0.34560826420783997,0.36051368713378906,0.5514335632324219,True,
jdx0pkov,c:\Users\myben\OneDrive\Documents\GitHub\DaT-Parkinson\niftis\jdx0pkov.nii.gz,c:\Users\myben\OneDrive\Documents\GitHub\DaT-Parkinson\preproc_cache\jdx0pkov_f84f2b8d5a9e.npy,f84f2b8d5a9e,"{""centroid_threshold_pct"": 0.4, ""crop_size"": 64, ""intensity_p_high"": 99, ""intensity_p_low"": 1, ""target_spacing_mm"": 2.9}",1785260369.567555,cached,,0.0,1.0,0.24033626914024353,0.28016236424446106,0.4837646484375,True,high_intensity_touches_boundary:y
trpyx8hb,c:\Users\myben\OneDrive\Documents\GitHub\DaT-Parkinson\niftis\trpyx8hb.nii.gz,c:\Users\myben\OneDrive\Documents\GitHub\DaT-Parkinson\preproc_cache\trpyx8hb_f84f2b8d5a9e.npy,f84f2b8d5a9e,"{""centroid_threshold_pct"": 0.4, ""crop_size"": 64, ""intensity_p_high"": 99, ""intensity_p_low"": 1, ""target_spacing_mm"": 2.9}",1785260375.1589956,cached,,0.0,1.0,0.27542904019355774,0.3416423201560974,0.4514350891113281,True,high_intensity_touches_boundary:y
bjcdiwzo,c:\Users\myben\OneDrive\Documents\GitHub\DaT-Parkinson\niftis\bjcdiwzo.nii.gz,c:\Users\myben\OneDrive\Documents\GitHub\DaT-Parkinson\preproc_cache\bjcdiwzo_f84f2b8d5a9e.npy,f84f2b8d5a9e,"{""centroid_threshold_pct"": 0.4, ""crop_size"": 64, ""intensity_p_high"": 99, ""intensity_p_low"": 1, ""target_spacing_mm"": 2.9}",1785260365.1928363,cached,,0.0,1.0,0.2581092119216919,0.30742311477661133,0.4828147888183594,True,
d05jh2mk,c:\Users\myben\OneDrive\Documents\GitHub\DaT-Parkinson\niftis\d05jh2mk.nii.gz,c:\Users\myben\OneDrive\Documents\GitHub\DaT-Parkinson\preproc_cache\d05jh2mk_f84f2b8d5a9e.npy,f84f2b8d5a9e,"{""centroid_threshold_pct"": 0.4, ""crop_size"": 64, ""intensity_p_high"": 99, ""intensity_p_low"": 1, ""target_spacing_mm"": 2.9}",1785260365.9365165,cached,,0.0,1.0,0.20649147033691406,0.2855156362056732,0.4002113342285156,True,
v0dszrk6,c:\Users\myben\OneDrive\Documents\GitHub\DaT-Parkinson\niftis\v0dszrk6.nii.gz,c:\Users\myben\OneDrive\Documents\GitHub\DaT-Parkinson\preproc_cache\v0dszrk6_f84f2b8d5a9e.npy,f84f2b8d5a9e,"{""centroid_threshold_pct"": 0.4, ""crop_size"": 64, ""intensity_p_high"": 99, ""intensity_p_low"": 1, ""target_spacing_mm"": 2.9}",1785260375.781822,cached,,0.0,1.0,0.3024425506591797,0.35574787855148315,0.4712715148925781,True,
ilcg6far,c:\Users\myben\OneDrive\Documents\GitHub\DaT-Parkinson\niftis\ilcg6far.nii.gz,c:\Users\myben\OneDrive\Documents\GitHub\DaT-Parkinson\preproc_cache\ilcg6far_f84f2b8d5a9e.npy,f84f2b8d5a9e,"{""centroid_threshold_pct"": 0.4, ""crop_size"": 64, ""intensity_p_high"": 99, ""intensity_p_low"": 1, ""target_spacing_mm"": 2.9}",1785260369.1209023,cached,,0.0,1.0,0.20282799005508423,0.2576099634170532,0.451263427734375,True,
mgjcy4v8,c:\Users\myben\OneDrive\Documents\GitHub\DaT-Parkinson\niftis\mgjcy4v8.nii.gz,c:\Users\myben\OneDrive\Documents\GitHub\DaT-Parkinson\preproc_cache\mgjcy4v8_f84f2b8d5a9e.npy,f84f2b8d5a9e,"{""centroid_threshold_pct"": 0.4, ""crop_size"": 64, ""intensity_p_high"": 99, ""intensity_p_low"": 1, ""target_spacing_mm"": 2.9}",1785260371.1388388,cached,,0.0,1.0,0.25582027435302734,0.2992008328437805,0.4793281555175781,True,
urid3u94,c:\Users\myben\OneDrive\Documents\GitHub\DaT-Parkinson\niftis\urid3u94.nii.gz,c:\Users\myben\OneDrive\Documents\GitHub\DaT-Parkinson\preproc_cache\urid3u94_f84f2b8d5a9e.npy,f84f2b8d5a9e,"{""centroid_threshold_pct"": 0.4, ""crop_size"": 64, ""intensity_p_high"": 99, ""intensity_p_low"": 1, ""target_spacing_mm"": 2.9}",1785260375.7066333,cached,,0.0,1.0,0.25418853759765625,0.2923489511013031,0.5059051513671875,True,
sgfdk0q0,c:\Users\myben\OneDrive\Documents\GitHub\DaT-Parkinson\niftis\sgfdk0q0.nii.gz,c:\Users\myben\OneDrive\Documents\GitHub\DaT-Parkinson\preproc_cache\sgfdk0q0_f84f2b8d5a9e.npy,f84f2b8d5a9e,"{""centroid_threshold_pct"": 0.4, ""crop_size"": 64, ""intensity_p_high"": 99, ""intensity_p_low"": 1, ""target_spacing_mm"": 2.9}",1785260374.5201285,cached,,0.0,1.0,0.2829093933105469,0.34617915749549866,0.4528541564941406,True,
9jrnamz6,c:\Users\myben\OneDrive\Documents\GitHub\DaT-Parkinson\niftis\9jrnamz6.nii.gz,c:\Users\myben\OneDrive\Documents\GitHub\DaT-Parkinson\preproc_cache\9jrnamz6_f84f2b8d5a9e.npy,f84f2b8d5a9e,"{""centroid_threshold_pct"": 0.4, ""crop_size"": 64, ""intensity_p_high"": 99, ""intensity_p_low"": 1, ""target_spacing_mm"": 2.9}",1785260364.271435,cached,,0.0,1.0,0.28574466705322266,0.3480352759361267,0.4562873840332031,True,high_intensity_touches_boundary:y
146vey0a,c:\Users\myben\OneDrive\Documents\GitHub\DaT-Parkinson\niftis\146vey0a.nii.gz,c:\Users\myben\OneDrive\Documents\GitHub\DaT-Parkinson\preproc_cache\146vey0a_f84f2b8d5a9e.npy,f84f2b8d5a9e,"{""centroid_threshold_pct"": 0.4, ""crop_size"": 64, ""intensity_p_high"": 99, ""intensity_p_low"": 1, ""target_spacing_mm"": 2.9}",1785260359.7973244,cached,,0.0,1.0,0.29309749603271484,0.3259058892726898,0.5119895935058594,True,high_intensity_touches_boundary:y
94xfri09,c:\Users\myben\OneDrive\Documents\GitHub\DaT-Parkinson\niftis\94xfri09.nii.gz,c:\Users\myben\OneDrive\Documents\GitHub\DaT-Parkinson\preproc_cache\94xfri09_f84f2b8d5a9e.npy,f84f2b8d5a9e,"{""centroid_threshold_pct"": 0.4, ""crop_size"": 64, ""intensity_p_high"": 99, ""intensity_p_low"": 1, ""target_spacing_mm"": 2.9}",1785260364.113658,cached,,0.0,1.0,0.24452972412109375,0.2807343304157257,0.49566650390625,True,
m0g8w85y,c:\Users\myben\OneDrive\Documents\GitHub\DaT-Parkinson\niftis\m0g8w85y.nii.gz,c:\Users\myben\OneDrive\Documents\GitHub\DaT-Parkinson\preproc_cache\m0g8w85y_f84f2b8d5a9e.npy,f84f2b8d5a9e,"{""centroid_threshold_pct"": 0.4, ""crop_size"": 64, ""intensity_p_high"": 99, ""intensity_p_low"": 1, ""target_spacing_mm"": 2.9}",1785260370.98444,cached,,0.0,1.0,0.27309703826904297,0.3163517713546753,0.4901847839355469,True,high_intensity_touches_boundary:y
6q8sjy5o,c:\Users\myben\OneDrive\Documents\GitHub\DaT-Parkinson\niftis\6q8sjy5o.nii.gz,c:\Users\myben\OneDrive\Documents\GitHub\DaT-Parkinson\preproc_cache\6q8sjy5o_f84f2b8d5a9e.npy,f84f2b8d5a9e,"{""centroid_threshold_pct"": 0.4, ""crop_size"": 64, ""intensity_p_high"": 99, ""intensity_p_low"": 1, ""target_spacing_mm"": 2.9}",1785260362.8835192,cached,,0.0,1.0,0.2706027030944824,0.3126804530620575,0.49822235107421875,True,
p9lbsmwp,c:\Users\myben\OneDrive\Documents\GitHub\DaT-Parkinson\niftis\p9lbsmwp.nii.gz,c:\Users\myben\OneDrive\Documents\GitHub\DaT-Parkinson\preproc_cache\p9lbsmwp_f84f2b8d5a9e.npy,f84f2b8d5a9e,"{""centroid_threshold_pct"": 0.4, ""crop_size"": 64, ""intensity_p_high"": 99, ""intensity_p_low"": 1, ""target_spacing_mm"": 2.9}",1785260372.799154,cached,,0.0,1.0,0.2879118323326111,0.2928951680660248,0.569793701171875,True,high_intensity_touches_boundary:z
q82k8ryq,c:\Users\myben\OneDrive\Documents\GitHub\DaT-Parkinson\niftis\q82k8ryq.nii.gz,c:\Users\myben\OneDrive\Documents\GitHub\DaT-Parkinson\preproc_cache\q82k8ryq_f84f2b8d5a9e.npy,f84f2b8d5a9e,"{""centroid_threshold_pct"": 0.4, ""crop_size"": 64, ""intensity_p_high"": 99, ""intensity_p_low"": 1, ""target_spacing_mm"": 2.9}",1785260373.2542686,cached,,0.0,1.0,0.27652740478515625,0.30826616287231445,0.5068740844726562,True,
f8wxkk2a,c:\Users\myben\OneDrive\Documents\GitHub\DaT-Parkinson\niftis\f8wxkk2a.nii.gz,c:\Users\myben\OneDrive\Documents\GitHub\DaT-Parkinson\preproc_cache\f8wxkk2a_f84f2b8d5a9e.npy,f84f2b8d5a9e,"{""centroid_threshold_pct"": 0.4, ""crop_size"": 64, ""intensity_p_high"": 99, ""intensity_p_low"": 1, ""target_spacing_mm"": 2.9}",1785260367.5344453,cached,,0.0,1.0,0.2042088359594345,0.24677276611328125,0.4855079650878906,True,
bkvblpxa,c:\Users\myben\OneDrive\Documents\GitHub\DaT-Parkinson\niftis\bkvblpxa.nii.gz,c:\Users\myben\OneDrive\Documents\GitHub\DaT-Parkinson\preproc_cache\bkvblpxa_f84f2b8d5a9e.npy,f84f2b8d5a9e,"{""centroid_threshold_pct"": 0.4, ""crop_size"": 64, ""intensity_p_high"": 99, ""intensity_p_low"": 1, ""target_spacing_mm"": 2.9}",1785260365.202388,cached,,0.0,1.0,0.28647804260253906,0.34983938932418823,0.4505195617675781,True,
jmk4x1fd,c:\Users\myben\OneDrive\Documents\GitHub\DaT-Parkinson\niftis\jmk4x1fd.nii.gz,c:\Users\myben\OneDrive\Documents\GitHub\DaT-Parkinson\preproc_cache\jmk4x1fd_f84f2b8d5a9e.npy,f84f2b8d5a9e,"{""centroid_threshold_pct"": 0.4, ""crop_size"": 64, ""intensity_p_high"": 99, ""intensity_p_low"": 1, ""target_spacing_mm"": 2.9}",1785260369.7661643,cached,,0.0,1.0,0.2513195872306824,0.30225467681884766,0.4616661071777344,True,
j9hvchrm,c:\Users\myben\OneDrive\Documents\GitHub\DaT-Parkinson\niftis\j9hvchrm.nii.gz,c:\Users\myben\OneDrive\Documents\GitHub\DaT-Parkinson\preproc_cache\j9hvchrm_f84f2b8d5a9e.npy,f84f2b8d5a9e,"{""centroid_threshold_pct"": 0.4, ""crop_size"": 64, ""intensity_p_high"": 99, ""intensity_p_low"": 1, ""target_spacing_mm"": 2.9}",1785260369.4746978,cached,,0.0,1.0,0.2686469554901123,0.3076325058937073,0.5058517456054688,True,high_intensity_touches_boundary:y
3wp8djkl,c:\Users\myben\OneDrive\Documents\GitHub\DaT-Parkinson\niftis\3wp8djkl.nii.gz,c:\Users\myben\OneDrive\Documents\GitHub\DaT-Parkinson\preproc_cache\3wp8djkl_f84f2b8d5a9e.npy,f84f2b8d5a9e,"{""centroid_threshold_pct"": 0.4, ""crop_size"": 64, ""intensity_p_high"": 99, ""intensity_p_low"": 1, ""target_spacing_mm"": 2.9}",1785260361.3862035,cached,,0.0,1.0,0.19706344604492188,0.24515335261821747,0.4652671813964844,True,
uyluyhet,c:\Users\myben\OneDrive\Documents\GitHub\DaT-Parkinson\niftis\uyluyhet.nii.gz,c:\Users\myben\OneDrive\Documents\GitHub\DaT-Parkinson\preproc_cache\uyluyhet_f84f2b8d5a9e.npy,f84f2b8d5a9e,"{""centroid_threshold_pct"": 0.4, ""crop_size"": 64, ""intensity_p_high"": 99, ""intensity_p_low"": 1, ""target_spacing_mm"": 2.9}",1785260375.74211,cached,,0.0,1.0,0.23611479997634888,0.28110677003860474,0.4798927307128906,True,
kduwtn5p,c:\Users\myben\OneDrive\Documents\GitHub\DaT-Parkinson\niftis\kduwtn5p.nii.gz,c:\Users\myben\OneDrive\Documents\GitHub\DaT-Parkinson\preproc_cache\kduwtn5p_f84f2b8d5a9e.npy,f84f2b8d5a9e,"{""centroid_threshold_pct"": 0.4, ""crop_size"": 64, ""intensity_p_high"": 99, ""intensity_p_low"": 1, ""target_spacing_mm"": 2.9}",1785260370.257979,cached,,0.0,1.0,0.23646366596221924,0.26786959171295166,0.517822265625,True,high_intensity_touches_boundary:y
epl7zqpp,c:\Users\myben\OneDrive\Documents\GitHub\DaT-Parkinson\niftis\epl7zqpp.nii.gz,c:\Users\myben\OneDrive\Documents\GitHub\DaT-Parkinson\preproc_cache\epl7zqpp_f84f2b8d5a9e.npy,f84f2b8d5a9e,"{""centroid_threshold_pct"": 0.4, ""crop_size"": 64, ""intensity_p_high"": 99, ""intensity_p_low"": 1, ""target_spacing_mm"": 2.9}",1785260367.2623372,cached,,0.0,1.0,0.27911117672920227,0.32009953260421753,0.4993743896484375,True,high_intensity_touches_boundary:y
oau8p1wk,c:\Users\myben\OneDrive\Documents\GitHub\DaT-Parkinson\niftis\oau8p1wk.nii.gz,c:\Users\myben\OneDrive\Documents\GitHub\DaT-Parkinson\preproc_cache\oau8p1wk_f84f2b8d5a9e.npy,f84f2b8d5a9e,"{""centroid_threshold_pct"": 0.4, ""crop_size"": 64, ""intensity_p_high"": 99, ""intensity_p_low"": 1, ""target_spacing_mm"": 2.9}",1785260372.2370095,cached,,0.0,1.0,0.26065027713775635,0.3239265978336334,0.45105743408203125,True,
isetuk1o,c:\Users\myben\OneDrive\Documents\GitHub\DaT-Parkinson\niftis\isetuk1o.nii.gz,c:\Users\myben\OneDrive\Documents\GitHub\DaT-Parkinson\preproc_cache\isetuk1o_f84f2b8d5a9e.npy,f84f2b8d5a9e,"{""centroid_threshold_pct"": 0.4, ""crop_size"": 64, ""intensity_p_high"": 99, ""intensity_p_low"": 1, ""target_spacing_mm"": 2.9}",1785260369.2051868,cached,,0.0,1.0,0.24460504949092865,0.2929382920265198,0.4724235534667969,True,high_intensity_touches_boundary:y
oa35qbb3,c:\Users\myben\OneDrive\Documents\GitHub\DaT-Parkinson\niftis\oa35qbb3.nii.gz,c:\Users\myben\OneDrive\Documents\GitHub\DaT-Parkinson\preproc_cache\oa35qbb3_f84f2b8d5a9e.npy,f84f2b8d5a9e,"{""centroid_threshold_pct"": 0.4, ""crop_size"": 64, ""intensity_p_high"": 99, ""intensity_p_low"": 1, ""target_spacing_mm"": 2.9}",1785260372.2149723,cached,,0.0,1.0,0.23940417170524597,0.2916494905948639,0.5119590759277344,True,high_intensity_touches_boundary:y
xmdkrlc0,c:\Users\myben\OneDrive\Documents\GitHub\DaT-Parkinson\niftis\xmdkrlc0.nii.gz,c:\Users\myben\OneDrive\Documents\GitHub\DaT-Parkinson\preproc_cache\xmdkrlc0_f84f2b8d5a9e.npy,f84f2b8d5a9e,"{""centroid_threshold_pct"": 0.4, ""crop_size"": 64, ""intensity_p_high"": 99, ""intensity_p_low"": 1, ""target_spacing_mm"": 2.9}",1785260377.168886,cached,,0.0,1.0,0.2342967987060547,0.2786121666431427,0.4799041748046875,True,
y0bhf0ri,c:\Users\myben\OneDrive\Documents\GitHub\DaT-Parkinson\niftis\y0bhf0ri.nii.gz,c:\Users\myben\OneDrive\Documents\GitHub\DaT-Parkinson\preproc_cache\y0bhf0ri_f84f2b8d5a9e.npy,f84f2b8d5a9e,"{""centroid_threshold_pct"": 0.4, ""crop_size"": 64, ""intensity_p_high"": 99, ""intensity_p_low"": 1, ""target_spacing_mm"": 2.9}",1785260377.5359788,cached,,0.0,1.0,0.2629241943359375,0.28822797536849976,0.5202178955078125,True,high_intensity_touches_boundary:y
y4kl9ary,c:\Users\myben\OneDrive\Documents\GitHub\DaT-Parkinson\niftis\y4kl9ary.nii.gz,c:\Users\myben\OneDrive\Documents\GitHub\DaT-Parkinson\preproc_cache\y4kl9ary_f84f2b8d5a9e.npy,f84f2b8d5a9e,"{""centroid_threshold_pct"": 0.4, ""crop_size"": 64, ""intensity_p_high"": 99, ""intensity_p_low"": 1, ""target_spacing_mm"": 2.9}",1785260377.569862,cached,,0.0,1.0,0.27679920196533203,0.3016166090965271,0.5254783630371094,True,
eavedhr3,c:\Users\myben\OneDrive\Documents\GitHub\DaT-Parkinson\niftis\eavedhr3.nii.gz,c:\Users\myben\OneDrive\Documents\GitHub\DaT-Parkinson\preproc_cache\eavedhr3_f84f2b8d5a9e.npy,f84f2b8d5a9e,"{""centroid_threshold_pct"": 0.4, ""crop_size"": 64, ""intensity_p_high"": 99, ""intensity_p_low"": 1, ""target_spacing_mm"": 2.9}",1785260366.8455193,cached,,0.0,1.0,0.23625564575195312,0.2849210798740387,0.48537445068359375,True,
pceo934t,c:\Users\myben\OneDrive\Documents\GitHub\DaT-Parkinson\niftis\pceo934t.nii.gz,c:\Users\myben\OneDrive\Documents\GitHub\DaT-Parkinson\preproc_cache\pceo934t_f84f2b8d5a9e.npy,f84f2b8d5a9e,"{""centroid_threshold_pct"": 0.4, ""crop_size"": 64, ""intensity_p_high"": 99, ""intensity_p_low"": 1, ""target_spacing_mm"": 2.9}",1785260372.8529134,cached,,0.0,1.0,0.2090740203857422,0.26458483934402466,0.45111846923828125,True,
3y4wpwg3,c:\Users\myben\OneDrive\Documents\GitHub\DaT-Parkinson\niftis\3y4wpwg3.nii.gz,c:\Users\myben\OneDrive\Documents\GitHub\DaT-Parkinson\preproc_cache\3y4wpwg3_f84f2b8d5a9e.npy,f84f2b8d5a9e,"{""centroid_threshold_pct"": 0.4, ""crop_size"": 64, ""intensity_p_high"": 99, ""intensity_p_low"": 1, ""target_spacing_mm"": 2.9}",1785260361.4200895,cached,,0.0,1.0,0.20975780487060547,0.29616686701774597,0.3795661926269531,True,
xg0trky8,c:\Users\myben\OneDrive\Documents\GitHub\DaT-Parkinson\niftis\xg0trky8.nii.gz,c:\Users\myben\OneDrive\Documents\GitHub\DaT-Parkinson\preproc_cache\xg0trky8_f84f2b8d5a9e.npy,f84f2b8d5a9e,"{""centroid_threshold_pct"": 0.4, ""crop_size"": 64, ""intensity_p_high"": 99, ""intensity_p_low"": 1, ""target_spacing_mm"": 2.9}",1785260377.0441654,cached,,0.0,1.0,0.24747790396213531,0.29301872849464417,0.47283172607421875,True,
ryozdppb,c:\Users\myben\OneDrive\Documents\GitHub\DaT-Parkinson\niftis\ryozdppb.nii.gz,c:\Users\myben\OneDrive\Documents\GitHub\DaT-Parkinson\preproc_cache\ryozdppb_f84f2b8d5a9e.npy,f84f2b8d5a9e,"{""centroid_threshold_pct"": 0.4, ""crop_size"": 64, ""intensity_p_high"": 99, ""intensity_p_low"": 1, ""target_spacing_mm"": 2.9}",1785260374.2908046,cached,,0.0,1.0,0.2616649270057678,0.2925651967525482,0.5150794982910156,True,
quakx6wb,c:\Users\myben\OneDrive\Documents\GitHub\DaT-Parkinson\niftis\quakx6wb.nii.gz,c:\Users\myben\OneDrive\Documents\GitHub\DaT-Parkinson\preproc_cache\quakx6wb_f84f2b8d5a9e.npy,f84f2b8d5a9e,"{""centroid_threshold_pct"": 0.4, ""crop_size"": 64, ""intensity_p_high"": 99, ""intensity_p_low"": 1, ""target_spacing_mm"": 2.9}",1785260373.5943775,cached,,0.0,1.0,0.23273563385009766,0.2606191039085388,0.5248336791992188,True,high_intensity_touches_boundary:y
68q0j9m4,c:\Users\myben\OneDrive\Documents\GitHub\DaT-Parkinson\niftis\68q0j9m4.nii.gz,c:\Users\myben\OneDrive\Documents\GitHub\DaT-Parkinson\preproc_cache\68q0j9m4_f84f2b8d5a9e.npy,f84f2b8d5a9e,"{""centroid_threshold_pct"": 0.4, ""crop_size"": 64, ""intensity_p_high"": 99, ""intensity_p_low"": 1, ""target_spacing_mm"": 2.9}",1785260362.6421793,cached,,0.0,1.0,0.2987740635871887,0.31409358978271484,0.5449600219726562,True,high_intensity_touches_boundary:y
smzocxmz,c:\Users\myben\OneDrive\Documents\GitHub\DaT-Parkinson\niftis\smzocxmz.nii.gz,c:\Users\myben\OneDrive\Documents\GitHub\DaT-Parkinson\preproc_cache\smzocxmz_f84f2b8d5a9e.npy,f84f2b8d5a9e,"{""centroid_threshold_pct"": 0.4, ""crop_size"": 64, ""intensity_p_high"": 99, ""intensity_p_low"": 1, ""target_spacing_mm"": 2.9}",1785260374.5842829,cached,,0.0,1.0,0.27335458993911743,0.3192482888698578,0.4783897399902344,True,high_intensity_touches_boundary:y
mz2k1ko6,c:\Users\myben\OneDrive\Documents\GitHub\DaT-Parkinson\niftis\mz2k1ko6.nii.gz,c:\Users\myben\OneDrive\Documents\GitHub\DaT-Parkinson\preproc_cache\mz2k1ko6_f84f2b8d5a9e.npy,f84f2b8d5a9e,"{""centroid_threshold_pct"": 0.4, ""crop_size"": 64, ""intensity_p_high"": 99, ""intensity_p_low"": 1, ""target_spacing_mm"": 2.9}",1785260371.4118626,cached,,0.0,1.0,0.22592058777809143,0.2768309414386749,0.45545196533203125,True,
xnqxu71s,c:\Users\myben\OneDrive\Documents\GitHub\DaT-Parkinson\niftis\xnqxu71s.nii.gz,c:\Users\myben\OneDrive\Documents\GitHub\DaT-Parkinson\preproc_cache\xnqxu71s_f84f2b8d5a9e.npy,f84f2b8d5a9e,"{""centroid_threshold_pct"": 0.4, ""crop_size"": 64, ""intensity_p_high"": 99, ""intensity_p_low"": 1, ""target_spacing_mm"": 2.9}",1785260377.2381036,cached,,0.0,1.0,0.22074031829833984,0.2550792396068573,0.4981803894042969,True,"high_intensity_touches_boundary:y,z"
el8mwob4,c:\Users\myben\OneDrive\Documents\GitHub\DaT-Parkinson\niftis\el8mwob4.nii.gz,c:\Users\myben\OneDrive\Documents\GitHub\DaT-Parkinson\preproc_cache\el8mwob4_f84f2b8d5a9e.npy,f84f2b8d5a9e,"{""centroid_threshold_pct"": 0.4, ""crop_size"": 64, ""intensity_p_high"": 99, ""intensity_p_low"": 1, ""target_spacing_mm"": 2.9}",1785260367.1772535,cached,,0.0,1.0,0.24779431521892548,0.3255217373371124,0.4085655212402344,True,high_intensity_touches_boundary:y
fdd7r193,c:\Users\myben\OneDrive\Documents\GitHub\DaT-Parkinson\niftis\fdd7r193.nii.gz,c:\Users\myben\OneDrive\Documents\GitHub\DaT-Parkinson\preproc_cache\fdd7r193_f84f2b8d5a9e.npy,f84f2b8d5a9e,"{""centroid_threshold_pct"": 0.4, ""crop_size"": 64, ""intensity_p_high"": 99, ""intensity_p_low"": 1, ""target_spacing_mm"": 2.9}",1785260367.610262,cached,,0.0,1.0,0.2420673370361328,0.30938777327537537,0.4350624084472656,True,high_intensity_touches_boundary:y
0i6g61pc,c:\Users\myben\OneDrive\Documents\GitHub\DaT-Parkinson\niftis\0i6g61pc.nii.gz,c:\Users\myben\OneDrive\Documents\GitHub\DaT-Parkinson\preproc_cache\0i6g61pc_f84f2b8d5a9e.npy,f84f2b8d5a9e,"{""centroid_threshold_pct"": 0.4, ""crop_size"": 64, ""intensity_p_high"": 99, ""intensity_p_low"": 1, ""target_spacing_mm"": 2.9}",1785260359.4198804,cached,,0.0,1.0,0.23777484893798828,0.2804180681705475,0.4773101806640625,True,
we4c1v47,c:\Users\myben\OneDrive\Documents\GitHub\DaT-Parkinson\niftis\we4c1v47.nii.gz,c:\Users\myben\OneDrive\Documents\GitHub\DaT-Parkinson\preproc_cache\we4c1v47_f84f2b8d5a9e.npy,f84f2b8d5a9e,"{""centroid_threshold_pct"": 0.4, ""crop_size"": 64, ""intensity_p_high"": 99, ""intensity_p_low"": 1, ""target_spacing_mm"": 2.9}",1785260376.6405513,cached,,0.0,1.0,0.2719860076904297,0.32338541746139526,0.4679603576660156,True,
lzn9uhjp,c:\Users\myben\OneDrive\Documents\GitHub\DaT-Parkinson\niftis\lzn9uhjp.nii.gz,c:\Users\myben\OneDrive\Documents\GitHub\DaT-Parkinson\preproc_cache\lzn9uhjp_f84f2b8d5a9e.npy,f84f2b8d5a9e,"{""centroid_threshold_pct"": 0.4, ""crop_size"": 64, ""intensity_p_high"": 99, ""intensity_p_low"": 1, ""target_spacing_mm"": 2.9}",1785260370.9753609,cached,,0.0,1.0,0.24538123607635498,0.27132558822631836,0.5216865539550781,True,
khf33guw,c:\Users\myben\OneDrive\Documents\GitHub\DaT-Parkinson\niftis\khf33guw.nii.gz,c:\Users\myben\OneDrive\Documents\GitHub\DaT-Parkinson\preproc_cache\khf33guw_f84f2b8d5a9e.npy,f84f2b8d5a9e,"{""centroid_threshold_pct"": 0.4, ""crop_size"": 64, ""intensity_p_high"": 99, ""intensity_p_low"": 1, ""target_spacing_mm"": 2.9}",1785260370.3386788,cached,,0.0,1.0,0.2638324499130249,0.2912099063396454,0.5129013061523438,True,high_intensity_touches_boundary:y
yh36motc,c:\Users\myben\OneDrive\Documents\GitHub\DaT-Parkinson\niftis\yh36motc.nii.gz,c:\Users\myben\OneDrive\Documents\GitHub\DaT-Parkinson\preproc_cache\yh36motc_f84f2b8d5a9e.npy,f84f2b8d5a9e,"{""centroid_threshold_pct"": 0.4, ""crop_size"": 64, ""intensity_p_high"": 99, ""intensity_p_low"": 1, ""target_spacing_mm"": 2.9}",1785260377.745809,cached,,0.0,1.0,0.22473673522472382,0.2729751467704773,0.47316741943359375,True,
g06xr3ur,c:\Users\myben\OneDrive\Documents\GitHub\DaT-Parkinson\niftis\g06xr3ur.nii.gz,c:\Users\myben\OneDrive\Documents\GitHub\DaT-Parkinson\preproc_cache\g06xr3ur_f84f2b8d5a9e.npy,f84f2b8d5a9e,"{""centroid_threshold_pct"": 0.4, ""crop_size"": 64, ""intensity_p_high"": 99, ""intensity_p_low"": 1, ""target_spacing_mm"": 2.9}",1785260367.9334457,cached,,0.0,1.0,0.29065221548080444,0.3186119794845581,0.51800537109375,True,high_intensity_touches_boundary:y
mwuecpnc,c:\Users\myben\OneDrive\Documents\GitHub\DaT-Parkinson\niftis\mwuecpnc.nii.gz,c:\Users\myben\OneDrive\Documents\GitHub\DaT-Parkinson\preproc_cache\mwuecpnc_f84f2b8d5a9e.npy,f84f2b8d5a9e,"{""centroid_threshold_pct"": 0.4, ""crop_size"": 64, ""intensity_p_high"": 99, ""intensity_p_low"": 1, ""target_spacing_mm"": 2.9}",1785260371.3808699,cached,,0.0,1.0,0.2312403917312622,0.2835700511932373,0.46021270751953125,True,
c2keivli,c:\Users\myben\OneDrive\Documents\GitHub\DaT-Parkinson\niftis\c2keivli.nii.gz,c:\Users\myben\OneDrive\Documents\GitHub\DaT-Parkinson\preproc_cache\c2keivli_f84f2b8d5a9e.npy,f84f2b8d5a9e,"{""centroid_threshold_pct"": 0.4, ""crop_size"": 64, ""intensity_p_high"": 99, ""intensity_p_low"": 1, ""target_spacing_mm"": 2.9}",1785260365.486394,cached,,0.0,1.0,0.3125940263271332,0.3357221186161041,0.5324859619140625,True,"high_intensity_touches_boundary:x,y,z"
77jzc58c,c:\Users\myben\OneDrive\Documents\GitHub\DaT-Parkinson\niftis\77jzc58c.nii.gz,c:\Users\myben\OneDrive\Documents\GitHub\DaT-Parkinson\preproc_cache\77jzc58c_f84f2b8d5a9e.npy,f84f2b8d5a9e,"{""centroid_threshold_pct"": 0.4, ""crop_size"": 64, ""intensity_p_high"": 99, ""intensity_p_low"": 1, ""target_spacing_mm"": 2.9}",1785260363.1596365,cached,,0.0,1.0,0.2540302276611328,0.2876485586166382,0.497589111328125,True,high_intensity_touches_boundary:y
u47soczd,c:\Users\myben\OneDrive\Documents\GitHub\DaT-Parkinson\niftis\u47soczd.nii.gz,c:\Users\myben\OneDrive\Documents\GitHub\DaT-Parkinson\preproc_cache\u47soczd_f84f2b8d5a9e.npy,f84f2b8d5a9e,"{""centroid_threshold_pct"": 0.4, ""crop_size"": 64, ""intensity_p_high"": 99, ""intensity_p_low"": 1, ""target_spacing_mm"": 2.9}",1785260375.257795,cached,,0.0,1.0,0.28700828552246094,0.33891624212265015,0.4665489196777344,True,
q7jbmjm1,c:\Users\myben\OneDrive\Documents\GitHub\DaT-Parkinson\niftis\q7jbmjm1.nii.gz,c:\Users\myben\OneDrive\Documents\GitHub\DaT-Parkinson\preproc_cache\q7jbmjm1_f84f2b8d5a9e.npy,f84f2b8d5a9e,"{""centroid_threshold_pct"": 0.4, ""crop_size"": 64, ""intensity_p_high"": 99, ""intensity_p_low"": 1, ""target_spacing_mm"": 2.9}",1785260373.24466,cached,,0.0,1.0,0.2611892819404602,0.30472660064697266,0.4805488586425781,True,high_intensity_touches_boundary:y
ft07x5ic,c:\Users\myben\OneDrive\Documents\GitHub\DaT-Parkinson\niftis\ft07x5ic.nii.gz,c:\Users\myben\OneDrive\Documents\GitHub\DaT-Parkinson\preproc_cache\ft07x5ic_f84f2b8d5a9e.npy,f84f2b8d5a9e,"{""centroid_threshold_pct"": 0.4, ""crop_size"": 64, ""intensity_p_high"": 99, ""intensity_p_low"": 1, ""target_spacing_mm"": 2.9}",1785260367.8732288,cached,,0.0,1.0,0.2653636932373047,0.32645606994628906,0.442108154296875,True,high_intensity_touches_boundary:y
86z1b98v,c:\Users\myben\OneDrive\Documents\GitHub\DaT-Parkinson\niftis\86z1b98v.nii.gz,c:\Users\myben\OneDrive\Documents\GitHub\DaT-Parkinson\preproc_cache\86z1b98v_f84f2b8d5a9e.npy,f84f2b8d5a9e,"{""centroid_threshold_pct"": 0.4, ""crop_size"": 64, ""intensity_p_high"": 99, ""intensity_p_low"": 1, ""target_spacing_mm"": 2.9}",1785260363.5859473,cached,,0.0,1.0,0.22536900639533997,0.26778271794319153,0.5043296813964844,True,high_intensity_touches_boundary:y
wct8jbbs,c:\Users\myben\OneDrive\Documents\GitHub\DaT-Parkinson\niftis\wct8jbbs.nii.gz,c:\Users\myben\OneDrive\Documents\GitHub\DaT-Parkinson\preproc_cache\wct8jbbs_f84f2b8d5a9e.npy,f84f2b8d5a9e,"{""centroid_threshold_pct"": 0.4, ""crop_size"": 64, ""intensity_p_high"": 99, ""intensity_p_low"": 1, ""target_spacing_mm"": 2.9}",1785260376.6083872,cached,,0.0,1.0,0.2816242277622223,0.31383952498435974,0.5055923461914062,True,high_intensity_touches_boundary:y
xpk48ab1,c:\Users\myben\OneDrive\Documents\GitHub\DaT-Parkinson\niftis\xpk48ab1.nii.gz,c:\Users\myben\OneDrive\Documents\GitHub\DaT-Parkinson\preproc_cache\xpk48ab1_f84f2b8d5a9e.npy,f84f2b8d5a9e,"{""centroid_threshold_pct"": 0.4, ""crop_size"": 64, ""intensity_p_high"": 99, ""intensity_p_low"": 1, ""target_spacing_mm"": 2.9}",1785260377.2950752,cached,,0.0,1.0,0.23669719696044922,0.2741779685020447,0.4917869567871094,True,high_intensity_touches_boundary:y
3t4y0tb1,c:\Users\myben\OneDrive\Documents\GitHub\DaT-Parkinson\niftis\3t4y0tb1.nii.gz,c:\Users\myben\OneDrive\Documents\GitHub\DaT-Parkinson\preproc_cache\3t4y0tb1_f84f2b8d5a9e.npy,f84f2b8d5a9e,"{""centroid_threshold_pct"": 0.4, ""crop_size"": 64, ""intensity_p_high"": 99, ""intensity_p_low"": 1, ""target_spacing_mm"": 2.9}",1785260361.3343105,cached,,0.0,1.0,0.3002967834472656,0.30531808733940125,0.5719108581542969,True,
zppep69n,c:\Users\myben\OneDrive\Documents\GitHub\DaT-Parkinson\niftis\zppep69n.nii.gz,c:\Users\myben\OneDrive\Documents\GitHub\DaT-Parkinson\preproc_cache\zppep69n_f84f2b8d5a9e.npy,f84f2b8d5a9e,"{""centroid_threshold_pct"": 0.4, ""crop_size"": 64, ""intensity_p_high"": 99, ""intensity_p_low"": 1, ""target_spacing_mm"": 2.9}",1785260378.347158,cached,,0.0,1.0,0.26060327887535095,0.29561862349510193,0.5042991638183594,True,high_intensity_touches_boundary:z
gpcivi05,c:\Users\myben\OneDrive\Documents\GitHub\DaT-Parkinson\niftis\gpcivi05.nii.gz,c:\Users\myben\OneDrive\Documents\GitHub\DaT-Parkinson\preproc_cache\gpcivi05_f84f2b8d5a9e.npy,f84f2b8d5a9e,"{""centroid_threshold_pct"": 0.4, ""crop_size"": 64, ""intensity_p_high"": 99, ""intensity_p_low"": 1, ""target_spacing_mm"": 2.9}",1785260368.362868,cached,,0.0,1.0,0.3167562484741211,0.3186563551425934,0.5666275024414062,True,
2u9az3ce,c:\Users\myben\OneDrive\Documents\GitHub\DaT-Parkinson\niftis\2u9az3ce.nii.gz,c:\Users\myben\OneDrive\Documents\GitHub\DaT-Parkinson\preproc_cache\2u9az3ce_f84f2b8d5a9e.npy,f84f2b8d5a9e,"{""centroid_threshold_pct"": 0.4, ""crop_size"": 64, ""intensity_p_high"": 99, ""intensity_p_low"": 1, ""target_spacing_mm"": 2.9}",1785260360.7207582,cached,,0.0,1.0,0.24526023864746094,0.28287196159362793,0.4904937744140625,True,
gbmxikvr,c:\Users\myben\OneDrive\Documents\GitHub\DaT-Parkinson\niftis\gbmxikvr.nii.gz,c:\Users\myben\OneDrive\Documents\GitHub\DaT-Parkinson\preproc_cache\gbmxikvr_f84f2b8d5a9e.npy,f84f2b8d5a9e,"{""centroid_threshold_pct"": 0.4, ""crop_size"": 64, ""intensity_p_high"": 99, ""intensity_p_low"": 1, ""target_spacing_mm"": 2.9}",1785260368.0569608,cached,,0.0,1.0,0.23877334594726562,0.2598516047000885,0.5356712341308594,True,high_intensity_touches_boundary:y
ecjtr0m6,c:\Users\myben\OneDrive\Documents\GitHub\DaT-Parkinson\niftis\ecjtr0m6.nii.gz,c:\Users\myben\OneDrive\Documents\GitHub\DaT-Parkinson\preproc_cache\ecjtr0m6_f84f2b8d5a9e.npy,f84f2b8d5a9e,"{""centroid_threshold_pct"": 0.4, ""crop_size"": 64, ""intensity_p_high"": 99, ""intensity_p_low"": 1, ""target_spacing_mm"": 2.9}",1785260366.875153,cached,,0.0,1.0,0.22968146204948425,0.2417411506175995,0.789520263671875,True,high_intensity_touches_boundary:y
hz72kxsj,c:\Users\myben\OneDrive\Documents\GitHub\DaT-Parkinson\niftis\hz72kxsj.nii.gz,c:\Users\myben\OneDrive\Documents\GitHub\DaT-Parkinson\preproc_cache\hz72kxsj_f84f2b8d5a9e.npy,f84f2b8d5a9e,"{""centroid_threshold_pct"": 0.4, ""crop_size"": 64, ""intensity_p_high"": 99, ""intensity_p_low"": 1, ""target_spacing_mm"": 2.9}",1785260368.9298515,cached,,0.0,1.0,0.2271077036857605,0.2586494982242584,0.7787437438964844,True,high_intensity_touches_boundary:y
zsb6zwkh,c:\Users\myben\OneDrive\Documents\GitHub\DaT-Parkinson\niftis\zsb6zwkh.nii.gz,c:\Users\myben\OneDrive\Documents\GitHub\DaT-Parkinson\preproc_cache\zsb6zwkh_f84f2b8d5a9e.npy,f84f2b8d5a9e,"{""centroid_threshold_pct"": 0.4, ""crop_size"": 64, ""intensity_p_high"": 99, ""intensity_p_low"": 1, ""target_spacing_mm"": 2.9}",1785260378.3762462,cached,,0.0,1.0,0.20978626608848572,0.24132348597049713,0.8490333557128906,True,
e9i0hn3f,c:\Users\myben\OneDrive\Documents\GitHub\DaT-Parkinson\niftis\e9i0hn3f.nii.gz,c:\Users\myben\OneDrive\Documents\GitHub\DaT-Parkinson\preproc_cache\e9i0hn3f_f84f2b8d5a9e.npy,f84f2b8d5a9e,"{""centroid_threshold_pct"": 0.4, ""crop_size"": 64, ""intensity_p_high"": 99, ""intensity_p_low"": 1, ""target_spacing_mm"": 2.9}",1785260366.7854264,cached,,0.0,1.0,0.26758062839508057,0.26509225368499756,0.8336906433105469,True,high_intensity_touches_boundary:y
9zxqerbk,c:\Users\myben\OneDrive\Documents\GitHub\DaT-Parkinson\niftis\9zxqerbk.nii.gz,c:\Users\myben\OneDrive\Documents\GitHub\DaT-Parkinson\preproc_cache\9zxqerbk_f84f2b8d5a9e.npy,f84f2b8d5a9e,"{""centroid_threshold_pct"": 0.4, ""crop_size"": 64, ""intensity_p_high"": 99, ""intensity_p_low"": 1, ""target_spacing_mm"": 2.9}",1785260364.4967473,cached,,0.0,1.0,0.22346395254135132,0.21058212220668793,0.8592185974121094,True,"high_intensity_touches_boundary:y,z"
n3dkvr5n,c:\Users\myben\OneDrive\Documents\GitHub\DaT-Parkinson\niftis\n3dkvr5n.nii.gz,c:\Users\myben\OneDrive\Documents\GitHub\DaT-Parkinson\preproc_cache\n3dkvr5n_f84f2b8d5a9e.npy,f84f2b8d5a9e,"{""centroid_threshold_pct"": 0.4, ""crop_size"": 64, ""intensity_p_high"": 99, ""intensity_p_low"": 1, ""target_spacing_mm"": 2.9}",1785260371.4796913,cached,,0.0,1.0,0.23562833666801453,0.2662324011325836,0.8527908325195312,True,
bhgpbktm,c:\Users\myben\OneDrive\Documents\GitHub\DaT-Parkinson\niftis\bhgpbktm.nii.gz,c:\Users\myben\OneDrive\Documents\GitHub\DaT-Parkinson\preproc_cache\bhgpbktm_f84f2b8d5a9e.npy,f84f2b8d5a9e,"{""centroid_threshold_pct"": 0.4, ""crop_size"": 64, ""intensity_p_high"": 99, ""intensity_p_low"": 1, ""target_spacing_mm"": 2.9}",1785260365.1818223,cached,,0.0,1.0,0.251059889793396,0.24462653696537018,0.8861122131347656,True,high_intensity_touches_boundary:y
av6763v1,c:\Users\myben\OneDrive\Documents\GitHub\DaT-Parkinson\niftis\av6763v1.nii.gz,c:\Users\myben\OneDrive\Documents\GitHub\DaT-Parkinson\preproc_cache\av6763v1_f84f2b8d5a9e.npy,f84f2b8d5a9e,"{""centroid_threshold_pct"": 0.4, ""crop_size"": 64, ""intensity_p_high"": 99, ""intensity_p_low"": 1, ""target_spacing_mm"": 2.9}",1785260364.8397434,cached,,0.0,1.0,0.24205467104911804,0.2648507058620453,0.8010482788085938,True,high_intensity_touches_boundary:y
m3pp00cd,c:\Users\myben\OneDrive\Documents\GitHub\DaT-Parkinson\niftis\m3pp00cd.nii.gz,c:\Users\myben\OneDrive\Documents\GitHub\DaT-Parkinson\preproc_cache\m3pp00cd_f84f2b8d5a9e.npy,f84f2b8d5a9e,"{""centroid_threshold_pct"": 0.4, ""crop_size"": 64, ""intensity_p_high"": 99, ""intensity_p_low"": 1, ""target_spacing_mm"": 2.9}",1785260371.0308828,cached,,0.0,1.0,0.21697930991649628,0.25295621156692505,0.84259033203125,True,
nzy47quu,c:\Users\myben\OneDrive\Documents\GitHub\DaT-Parkinson\niftis\nzy47quu.nii.gz,c:\Users\myben\OneDrive\Documents\GitHub\DaT-Parkinson\preproc_cache\nzy47quu_f84f2b8d5a9e.npy,f84f2b8d5a9e,"{""centroid_threshold_pct"": 0.4, ""crop_size"": 64, ""intensity_p_high"": 99, ""intensity_p_low"": 1, ""target_spacing_mm"": 2.9}",1785260372.0465755,cached,,0.0,1.0,0.23676887154579163,0.26291030645370483,0.8344345092773438,True,
sfn07ea2,c:\Users\myben\OneDrive\Documents\GitHub\DaT-Parkinson\niftis\sfn07ea2.nii.gz,c:\Users\myben\OneDrive\Documents\GitHub\DaT-Parkinson\preproc_cache\sfn07ea2_f84f2b8d5a9e.npy,f84f2b8d5a9e,"{""centroid_threshold_pct"": 0.4, ""crop_size"": 64, ""intensity_p_high"": 99, ""intensity_p_low"": 1, ""target_spacing_mm"": 2.9}",1785260374.5000088,cached,,0.0,1.0,0.24828290939331055,0.23719653487205505,0.8626556396484375,True,high_intensity_touches_boundary:y
8ditmown,c:\Users\myben\OneDrive\Documents\GitHub\DaT-Parkinson\niftis\8ditmown.nii.gz,c:\Users\myben\OneDrive\Documents\GitHub\DaT-Parkinson\preproc_cache\8ditmown_f84f2b8d5a9e.npy,f84f2b8d5a9e,"{""centroid_threshold_pct"": 0.4, ""crop_size"": 64, ""intensity_p_high"": 99, ""intensity_p_low"": 1, ""target_spacing_mm"": 2.9}",1785260363.7497246,cached,,0.0,1.0,0.25888708233833313,0.2594650983810425,0.8151702880859375,True,high_intensity_touches_boundary:y
x23veulj,c:\Users\myben\OneDrive\Documents\GitHub\DaT-Parkinson\niftis\x23veulj.nii.gz,c:\Users\myben\OneDrive\Documents\GitHub\DaT-Parkinson\preproc_cache\x23veulj_f84f2b8d5a9e.npy,f84f2b8d5a9e,"{""centroid_threshold_pct"": 0.4, ""crop_size"": 64, ""intensity_p_high"": 99, ""intensity_p_low"": 1, ""target_spacing_mm"": 2.9}",1785260376.8816767,cached,,0.0,1.0,0.23433595895767212,0.2776913344860077,0.8123703002929688,True,
gqpq8r4h,c:\Users\myben\OneDrive\Documents\GitHub\DaT-Parkinson\niftis\gqpq8r4h.nii.gz,c:\Users\myben\OneDrive\Documents\GitHub\DaT-Parkinson\preproc_cache\gqpq8r4h_f84f2b8d5a9e.npy,f84f2b8d5a9e,"{""centroid_threshold_pct"": 0.4, ""crop_size"": 64, ""intensity_p_high"": 99, ""intensity_p_low"": 1, ""target_spacing_mm"": 2.9}",1785260368.381448,cached,,0.0,1.0,0.23352861404418945,0.2541774809360504,0.8904151916503906,True,high_intensity_touches_boundary:y
c7jvlcg1,c:\Users\myben\OneDrive\Documents\GitHub\DaT-Parkinson\niftis\c7jvlcg1.nii.gz,c:\Users\myben\OneDrive\Documents\GitHub\DaT-Parkinson\preproc_cache\c7jvlcg1_f84f2b8d5a9e.npy,f84f2b8d5a9e,"{""centroid_threshold_pct"": 0.4, ""crop_size"": 64, ""intensity_p_high"": 99, ""intensity_p_low"": 1, ""target_spacing_mm"": 2.9}",1785260365.5653532,cached,,0.0,1.0,0.2541232705116272,0.25968727469444275,0.8428230285644531,True,high_intensity_touches_boundary:y
j5ewfwbe,c:\Users\myben\OneDrive\Documents\GitHub\DaT-Parkinson\niftis\j5ewfwbe.nii.gz,c:\Users\myben\OneDrive\Documents\GitHub\DaT-Parkinson\preproc_cache\j5ewfwbe_f84f2b8d5a9e.npy,f84f2b8d5a9e,"{""centroid_threshold_pct"": 0.4, ""crop_size"": 64, ""intensity_p_high"": 99, ""intensity_p_low"": 1, ""target_spacing_mm"": 2.9}",1785260369.4035451,cached,,0.0,1.0,0.24286288022994995,0.24589653313159943,0.8788070678710938,True,high_intensity_touches_boundary:y
by4ubzcz,c:\Users\myben\OneDrive\Documents\GitHub\DaT-Parkinson\niftis\by4ubzcz.nii.gz,c:\Users\myben\OneDrive\Documents\GitHub\DaT-Parkinson\preproc_cache\by4ubzcz_f84f2b8d5a9e.npy,f84f2b8d5a9e,"{""centroid_threshold_pct"": 0.4, ""crop_size"": 64, ""intensity_p_high"": 99, ""intensity_p_low"": 1, ""target_spacing_mm"": 2.9}",1785260365.393405,cached,,0.0,1.0,0.23320810496807098,0.24554534256458282,0.8206863403320312,True,high_intensity_touches_boundary:y
jjy4mzvm,c:\Users\myben\OneDrive\Documents\GitHub\DaT-Parkinson\niftis\jjy4mzvm.nii.gz,c:\Users\myben\OneDrive\Documents\GitHub\DaT-Parkinson\preproc_cache\jjy4mzvm_f84f2b8d5a9e.npy,f84f2b8d5a9e,"{""centroid_threshold_pct"": 0.4, ""crop_size"": 64, ""intensity_p_high"": 99, ""intensity_p_low"": 1, ""target_spacing_mm"": 2.9}",1785260369.7255132,cached,,0.0,1.0,0.23335811495780945,0.262759804725647,0.8184471130371094,True,high_intensity_touches_boundary:y
cpsiln3o,c:\Users\myben\OneDrive\Documents\GitHub\DaT-Parkinson\niftis\cpsiln3o.nii.gz,c:\Users\myben\OneDrive\Documents\GitHub\DaT-Parkinson\preproc_cache\cpsiln3o_f84f2b8d5a9e.npy,f84f2b8d5a9e,"{""centroid_threshold_pct"": 0.4, ""crop_size"": 64, ""intensity_p_high"": 99, ""intensity_p_low"": 1, ""target_spacing_mm"": 2.9}",1785260365.7922494,cached,,0.0,1.0,0.24026253819465637,0.26412275433540344,0.8174400329589844,True,high_intensity_touches_boundary:y
x5fl2mox,c:\Users\myben\OneDrive\Documents\GitHub\DaT-Parkinson\niftis\x5fl2mox.nii.gz,c:\Users\myben\OneDrive\Documents\GitHub\DaT-Parkinson\preproc_cache\x5fl2mox_f84f2b8d5a9e.npy,f84f2b8d5a9e,"{""centroid_threshold_pct"": 0.4, ""crop_size"": 64, ""intensity_p_high"": 99, ""intensity_p_low"": 1, ""target_spacing_mm"": 2.9}",1785260376.9203534,cached,,0.0,1.0,0.2390766143798828,0.274330735206604,0.8117141723632812,True,high_intensity_touches_boundary:y
q9wfb76a,c:\Users\myben\OneDrive\Documents\GitHub\DaT-Parkinson\niftis\q9wfb76a.nii.gz,c:\Users\myben\OneDrive\Documents\GitHub\DaT-Parkinson\preproc_cache\q9wfb76a_f84f2b8d5a9e.npy,f84f2b8d5a9e,"{""centroid_threshold_pct"": 0.4, ""crop_size"": 64, ""intensity_p_high"": 99, ""intensity_p_low"": 1, ""target_spacing_mm"": 2.9}",1785260373.283429,cached,,0.0,1.0,0.2588934302330017,0.25500187277793884,0.8581199645996094,True,high_intensity_touches_boundary:y
v3s2sumh,c:\Users\myben\OneDrive\Documents\GitHub\DaT-Parkinson\niftis\v3s2sumh.nii.gz,c:\Users\myben\OneDrive\Documents\GitHub\DaT-Parkinson\preproc_cache\v3s2sumh_f84f2b8d5a9e.npy,f84f2b8d5a9e,"{""centroid_threshold_pct"": 0.4, ""crop_size"": 64, ""intensity_p_high"": 99, ""intensity_p_low"": 1, ""target_spacing_mm"": 2.9}",1785260375.8966596,cached,,0.0,1.0,0.22112326323986053,0.24107752740383148,0.8222541809082031,True,high_intensity_touches_boundary:y
3b0n9cc7,c:\Users\myben\OneDrive\Documents\GitHub\DaT-Parkinson\niftis\3b0n9cc7.nii.gz,c:\Users\myben\OneDrive\Documents\GitHub\DaT-Parkinson\preproc_cache\3b0n9cc7_f84f2b8d5a9e.npy,f84f2b8d5a9e,"{""centroid_threshold_pct"": 0.4, ""crop_size"": 64, ""intensity_p_high"": 99, ""intensity_p_low"": 1, ""target_spacing_mm"": 2.9}",1785260360.9994338,cached,,0.0,1.0,0.2129700481891632,0.2121581733226776,0.8610801696777344,True,high_intensity_touches_boundary:y
isutp04s,c:\Users\myben\OneDrive\Documents\GitHub\DaT-Parkinson\niftis\isutp04s.nii.gz,c:\Users\myben\OneDrive\Documents\GitHub\DaT-Parkinson\preproc_cache\isutp04s_f84f2b8d5a9e.npy,f84f2b8d5a9e,"{""centroid_threshold_pct"": 0.4, ""crop_size"": 64, ""intensity_p_high"": 99, ""intensity_p_low"": 1, ""target_spacing_mm"": 2.9}",1785260369.2232451,cached,,0.0,1.0,0.2435617297887802,0.2550894618034363,0.8628463745117188,True,high_intensity_touches_boundary:y
brspj4ki,c:\Users\myben\OneDrive\Documents\GitHub\DaT-Parkinson\niftis\brspj4ki.nii.gz,c:\Users\myben\OneDrive\Documents\GitHub\DaT-Parkinson\preproc_cache\brspj4ki_f84f2b8d5a9e.npy,f84f2b8d5a9e,"{""centroid_threshold_pct"": 0.4, ""crop_size"": 64, ""intensity_p_high"": 99, ""intensity_p_low"": 1, ""target_spacing_mm"": 2.9}",1785260365.2749655,cached,,0.0,1.0,0.28617072105407715,0.26506105065345764,0.8736724853515625,True,high_intensity_touches_boundary:y
i1nq0ei0,c:\Users\myben\OneDrive\Documents\GitHub\DaT-Parkinson\niftis\i1nq0ei0.nii.gz,c:\Users\myben\OneDrive\Documents\GitHub\DaT-Parkinson\preproc_cache\i1nq0ei0_f84f2b8d5a9e.npy,f84f2b8d5a9e,"{""centroid_threshold_pct"": 0.4, ""crop_size"": 64, ""intensity_p_high"": 99, ""intensity_p_low"": 1, ""target_spacing_mm"": 2.9}",1785260368.9474676,cached,,0.0,1.0,0.23835891485214233,0.21488389372825623,0.9429855346679688,True,high_intensity_touches_boundary:y
5nms6xvq,c:\Users\myben\OneDrive\Documents\GitHub\DaT-Parkinson\niftis\5nms6xvq.nii.gz,c:\Users\myben\OneDrive\Documents\GitHub\DaT-Parkinson\preproc_cache\5nms6xvq_f84f2b8d5a9e.npy,f84f2b8d5a9e,"{""centroid_threshold_pct"": 0.4, ""crop_size"": 64, ""intensity_p_high"": 99, ""intensity_p_low"": 1, ""target_spacing_mm"": 2.9}",1785260362.4358196,cached,,0.0,1.0,0.2384813129901886,0.2547287344932556,0.8558616638183594,True,
pu3et1ov,c:\Users\myben\OneDrive\Documents\GitHub\DaT-Parkinson\niftis\pu3et1ov.nii.gz,c:\Users\myben\OneDrive\Documents\GitHub\DaT-Parkinson\preproc_cache\pu3et1ov_f84f2b8d5a9e.npy,f84f2b8d5a9e,"{""centroid_threshold_pct"": 0.4, ""crop_size"": 64, ""intensity_p_high"": 99, ""intensity_p_low"": 1, ""target_spacing_mm"": 2.9}",1785260373.1204865,cached,,0.0,1.0,0.2406894564628601,0.26897281408309937,0.8298530578613281,True,
ejklcp9u,c:\Users\myben\OneDrive\Documents\GitHub\DaT-Parkinson\niftis\ejklcp9u.nii.gz,c:\Users\myben\OneDrive\Documents\GitHub\DaT-Parkinson\preproc_cache\ejklcp9u_f84f2b8d5a9e.npy,f84f2b8d5a9e,"{""centroid_threshold_pct"": 0.4, ""crop_size"": 64, ""intensity_p_high"": 99, ""intensity_p_low"": 1, ""target_spacing_mm"": 2.9}",1785260367.1187365,cached,,0.0,1.0,0.25678551197052,0.25887930393218994,0.8195304870605469,True,high_intensity_touches_boundary:y
w165aejt,c:\Users\myben\OneDrive\Documents\GitHub\DaT-Parkinson\niftis\w165aejt.nii.gz,c:\Users\myben\OneDrive\Documents\GitHub\DaT-Parkinson\preproc_cache\w165aejt_f84f2b8d5a9e.npy,f84f2b8d5a9e,"{""centroid_threshold_pct"": 0.4, ""crop_size"": 64, ""intensity_p_high"": 99, ""intensity_p_low"": 1, ""target_spacing_mm"": 2.9}",1785260376.4274397,cached,,0.0,1.0,0.2513730525970459,0.25376081466674805,0.8767013549804688,True,high_intensity_touches_boundary:y
70ebpy9e,c:\Users\myben\OneDrive\Documents\GitHub\DaT-Parkinson\niftis\70ebpy9e.nii.gz,c:\Users\myben\OneDrive\Documents\GitHub\DaT-Parkinson\preproc_cache\70ebpy9e_f84f2b8d5a9e.npy,f84f2b8d5a9e,"{""centroid_threshold_pct"": 0.4, ""crop_size"": 64, ""intensity_p_high"": 99, ""intensity_p_low"": 1, ""target_spacing_mm"": 2.9}",1785260363.0824957,cached,,0.0,1.0,0.26630839705467224,0.2529234290122986,0.9894599914550781,True,high_intensity_touches_boundary:z
576mouze,c:\Users\myben\OneDrive\Documents\GitHub\DaT-Parkinson\niftis\576mouze.nii.gz,c:\Users\myben\OneDrive\Documents\GitHub\DaT-Parkinson\preproc_cache\576mouze_f84f2b8d5a9e.npy,f84f2b8d5a9e,"{""centroid_threshold_pct"": 0.4, ""crop_size"": 64, ""intensity_p_high"": 99, ""intensity_p_low"": 1, ""target_spacing_mm"": 2.9}",1785260362.1957662,cached,,0.0,1.0,0.19416528940200806,0.2607888877391815,0.7703323364257812,True,high_intensity_touches_boundary:y
66vw9b0m,c:\Users\myben\OneDrive\Documents\GitHub\DaT-Parkinson\niftis\66vw9b0m.nii.gz,c:\Users\myben\OneDrive\Documents\GitHub\DaT-Parkinson\preproc_cache\66vw9b0m_f84f2b8d5a9e.npy,f84f2b8d5a9e,"{""centroid_threshold_pct"": 0.4, ""crop_size"": 64, ""intensity_p_high"": 99, ""intensity_p_low"": 1, ""target_spacing_mm"": 2.9}",1785260362.6075685,cached,,0.0,1.0,0.24892009794712067,0.2397681027650833,0.8804359436035156,True,high_intensity_touches_boundary:y
qoq4kreg,c:\Users\myben\OneDrive\Documents\GitHub\DaT-Parkinson\niftis\qoq4kreg.nii.gz,c:\Users\myben\OneDrive\Documents\GitHub\DaT-Parkinson\preproc_cache\qoq4kreg_f84f2b8d5a9e.npy,f84f2b8d5a9e,"{""centroid_threshold_pct"": 0.4, ""crop_size"": 64, ""intensity_p_high"": 99, ""intensity_p_low"": 1, ""target_spacing_mm"": 2.9}",1785260373.511713,cached,,0.0,1.0,0.21432137489318848,0.2662276029586792,0.8244094848632812,True,high_intensity_touches_boundary:y
167d6vnx,c:\Users\myben\OneDrive\Documents\GitHub\DaT-Parkinson\niftis\167d6vnx.nii.gz,c:\Users\myben\OneDrive\Documents\GitHub\DaT-Parkinson\preproc_cache\167d6vnx_f84f2b8d5a9e.npy,f84f2b8d5a9e,"{""centroid_threshold_pct"": 0.4, ""crop_size"": 64, ""intensity_p_high"": 99, ""intensity_p_low"": 1, ""target_spacing_mm"": 2.9}",1785260359.8854632,cached,,0.0,1.0,0.24271884560585022,0.2426101118326187,0.86260986328125,True,high_intensity_touches_boundary:y
npsv8dkm,c:\Users\myben\OneDrive\Documents\GitHub\DaT-Parkinson\niftis\npsv8dkm.nii.gz,c:\Users\myben\OneDrive\Documents\GitHub\DaT-Parkinson\preproc_cache\npsv8dkm_f84f2b8d5a9e.npy,f84f2b8d5a9e,"{""centroid_threshold_pct"": 0.4, ""crop_size"": 64, ""intensity_p_high"": 99, ""intensity_p_low"": 1, ""target_spacing_mm"": 2.9}",1785260371.887895,cached,,0.0,1.0,0.24639707803726196,0.2582082748413086,0.8635749816894531,True,high_intensity_touches_boundary:y
u6u4pllg,c:\Users\myben\OneDrive\Documents\GitHub\DaT-Parkinson\niftis\u6u4pllg.nii.gz,c:\Users\myben\OneDrive\Documents\GitHub\DaT-Parkinson\preproc_cache\u6u4pllg_f84f2b8d5a9e.npy,f84f2b8d5a9e,"{""centroid_threshold_pct"": 0.4, ""crop_size"": 64, ""intensity_p_high"": 99, ""intensity_p_low"": 1, ""target_spacing_mm"": 2.9}",1785260375.3309357,cached,,0.0,1.0,0.22376415133476257,0.2645155191421509,0.8400917053222656,True,
f309hsuw,c:\Users\myben\OneDrive\Documents\GitHub\DaT-Parkinson\niftis\f309hsuw.nii.gz,c:\Users\myben\OneDrive\Documents\GitHub\DaT-Parkinson\preproc_cache\f309hsuw_f84f2b8d5a9e.npy,f84f2b8d5a9e,"{""centroid_threshold_pct"": 0.4, ""crop_size"": 64, ""intensity_p_high"": 99, ""intensity_p_low"": 1, ""target_spacing_mm"": 2.9}",1785260367.4708579,cached,,0.0,1.0,0.23313473165035248,0.25693583488464355,0.9008064270019531,True,
dkejp5k7,c:\Users\myben\OneDrive\Documents\GitHub\DaT-Parkinson\niftis\dkejp5k7.nii.gz,c:\Users\myben\OneDrive\Documents\GitHub\DaT-Parkinson\preproc_cache\dkejp5k7_f84f2b8d5a9e.npy,f84f2b8d5a9e,"{""centroid_threshold_pct"": 0.4, ""crop_size"": 64, ""intensity_p_high"": 99, ""intensity_p_low"": 1, ""target_spacing_mm"": 2.9}",1785260366.4510794,cached,,0.0,1.0,0.24479949474334717,0.28588229417800903,0.8343696594238281,True,
917xfh41,c:\Users\myben\OneDrive\Documents\GitHub\DaT-Parkinson\niftis\917xfh41.nii.gz,c:\Users\myben\OneDrive\Documents\GitHub\DaT-Parkinson\preproc_cache\917xfh41_f84f2b8d5a9e.npy,f84f2b8d5a9e,"{""centroid_threshold_pct"": 0.4, ""crop_size"": 64, ""intensity_p_high"": 99, ""intensity_p_low"": 1, ""target_spacing_mm"": 2.9}",1785260364.0285525,cached,,0.0,1.0,0.22098004817962646,0.2631669044494629,0.8242568969726562,True,
a68t2a3a,c:\Users\myben\OneDrive\Documents\GitHub\DaT-Parkinson\niftis\a68t2a3a.nii.gz,c:\Users\myben\OneDrive\Documents\GitHub\DaT-Parkinson\preproc_cache\a68t2a3a_f84f2b8d5a9e.npy,f84f2b8d5a9e,"{""centroid_threshold_pct"": 0.4, ""crop_size"": 64, ""intensity_p_high"": 99, ""intensity_p_low"": 1, ""target_spacing_mm"": 2.9}",1785260364.583853,cached,,0.0,1.0,0.27589717507362366,0.2560407817363739,0.8890228271484375,True,high_intensity_touches_boundary:y
h7u0s3kd,c:\Users\myben\OneDrive\Documents\GitHub\DaT-Parkinson\niftis\h7u0s3kd.nii.gz,c:\Users\myben\OneDrive\Documents\GitHub\DaT-Parkinson\preproc_cache\h7u0s3kd_f84f2b8d5a9e.npy,f84f2b8d5a9e,"{""centroid_threshold_pct"": 0.4, ""crop_size"": 64, ""intensity_p_high"": 99, ""intensity_p_low"": 1, ""target_spacing_mm"": 2.9}",1785260368.6426642,cached,,0.0,1.0,0.27434244751930237,0.2706839144229889,0.8465347290039062,True,high_intensity_touches_boundary:y
z4ppj590,c:\Users\myben\OneDrive\Documents\GitHub\DaT-Parkinson\niftis\z4ppj590.nii.gz,c:\Users\myben\OneDrive\Documents\GitHub\DaT-Parkinson\preproc_cache\z4ppj590_f84f2b8d5a9e.npy,f84f2b8d5a9e,"{""centroid_threshold_pct"": 0.4, ""crop_size"": 64, ""intensity_p_high"": 99, ""intensity_p_low"": 1, ""target_spacing_mm"": 2.9}",1785260378.0939388,cached,,0.0,1.0,0.2230643332004547,0.2608867287635803,0.8313255310058594,True,high_intensity_touches_boundary:y
emc20lsj,c:\Users\myben\OneDrive\Documents\GitHub\DaT-Parkinson\niftis\emc20lsj.nii.gz,c:\Users\myben\OneDrive\Documents\GitHub\DaT-Parkinson\preproc_cache\emc20lsj_f84f2b8d5a9e.npy,f84f2b8d5a9e,"{""centroid_threshold_pct"": 0.4, ""crop_size"": 64, ""intensity_p_high"": 99, ""intensity_p_low"": 1, ""target_spacing_mm"": 2.9}",1785260367.216841,cached,,0.0,1.0,0.23521903157234192,0.2623961567878723,0.8818778991699219,True,
ws1zl7p7,c:\Users\myben\OneDrive\Documents\GitHub\DaT-Parkinson\niftis\ws1zl7p7.nii.gz,c:\Users\myben\OneDrive\Documents\GitHub\DaT-Parkinson\preproc_cache\ws1zl7p7_f84f2b8d5a9e.npy,f84f2b8d5a9e,"{""centroid_threshold_pct"": 0.4, ""crop_size"": 64, ""intensity_p_high"": 99, ""intensity_p_low"": 1, ""target_spacing_mm"": 2.9}",1785260376.8041904,cached,,0.0,1.0,0.25277286767959595,0.2505510151386261,0.8876686096191406,True,high_intensity_touches_boundary:y
2l4x5bwa,c:\Users\myben\OneDrive\Documents\GitHub\DaT-Parkinson\niftis\2l4x5bwa.nii.gz,c:\Users\myben\OneDrive\Documents\GitHub\DaT-Parkinson\preproc_cache\2l4x5bwa_f84f2b8d5a9e.npy,f84f2b8d5a9e,"{""centroid_threshold_pct"": 0.4, ""crop_size"": 64, ""intensity_p_high"": 99, ""intensity_p_low"": 1, ""target_spacing_mm"": 2.9}",1785260360.567233,cached,,0.0,1.0,0.24130947887897491,0.24894864857196808,0.8602943420410156,True,high_intensity_touches_boundary:y
en7yjf30,c:\Users\myben\OneDrive\Documents\GitHub\DaT-Parkinson\niftis\en7yjf30.nii.gz,c:\Users\myben\OneDrive\Documents\GitHub\DaT-Parkinson\preproc_cache\en7yjf30_f84f2b8d5a9e.npy,f84f2b8d5a9e,"{""centroid_threshold_pct"": 0.4, ""crop_size"": 64, ""intensity_p_high"": 99, ""intensity_p_low"": 1, ""target_spacing_mm"": 2.9}",1785260367.2528257,cached,,0.0,1.0,0.24616321921348572,0.2586556375026703,0.8515625,True,high_intensity_touches_boundary:y
kh5840ac,c:\Users\myben\OneDrive\Documents\GitHub\DaT-Parkinson\niftis\kh5840ac.nii.gz,c:\Users\myben\OneDrive\Documents\GitHub\DaT-Parkinson\preproc_cache\kh5840ac_f84f2b8d5a9e.npy,f84f2b8d5a9e,"{""centroid_threshold_pct"": 0.4, ""crop_size"": 64, ""intensity_p_high"": 99, ""intensity_p_low"": 1, ""target_spacing_mm"": 2.9}",1785260370.3268776,cached,,0.0,1.0,0.23128719627857208,0.2777984142303467,0.7676925659179688,True,
uhgpjnvw,c:\Users\myben\OneDrive\Documents\GitHub\DaT-Parkinson\niftis\uhgpjnvw.nii.gz,c:\Users\myben\OneDrive\Documents\GitHub\DaT-Parkinson\preproc_cache\uhgpjnvw_f84f2b8d5a9e.npy,f84f2b8d5a9e,"{""centroid_threshold_pct"": 0.4, ""crop_size"": 64, ""intensity_p_high"": 99, ""intensity_p_low"": 1, ""target_spacing_mm"": 2.9}",1785260375.501089,cached,,0.0,1.0,0.22829563915729523,0.26894035935401917,0.8106689453125,True,high_intensity_touches_boundary:y
rxgkikr2,c:\Users\myben\OneDrive\Documents\GitHub\DaT-Parkinson\niftis\rxgkikr2.nii.gz,c:\Users\myben\OneDrive\Documents\GitHub\DaT-Parkinson\preproc_cache\rxgkikr2_f84f2b8d5a9e.npy,f84f2b8d5a9e,"{""centroid_threshold_pct"": 0.4, ""crop_size"": 64, ""intensity_p_high"": 99, ""intensity_p_low"": 1, ""target_spacing_mm"": 2.9}",1785260374.268312,cached,,0.0,1.0,0.2878616750240326,0.2632758319377899,0.8981704711914062,True,high_intensity_touches_boundary:y
omrde51k,c:\Users\myben\OneDrive\Documents\GitHub\DaT-Parkinson\niftis\omrde51k.nii.gz,c:\Users\myben\OneDrive\Documents\GitHub\DaT-Parkinson\preproc_cache\omrde51k_f84f2b8d5a9e.npy,f84f2b8d5a9e,"{""centroid_threshold_pct"": 0.4, ""crop_size"": 64, ""intensity_p_high"": 99, ""intensity_p_low"": 1, ""target_spacing_mm"": 2.9}",1785260372.4401598,cached,,0.0,1.0,0.2570514678955078,0.25888222455978394,0.8525619506835938,True,high_intensity_touches_boundary:y
8lxeqlez,c:\Users\myben\OneDrive\Documents\GitHub\DaT-Parkinson\niftis\8lxeqlez.nii.gz,c:\Users\myben\OneDrive\Documents\GitHub\DaT-Parkinson\preproc_cache\8lxeqlez_f84f2b8d5a9e.npy,f84f2b8d5a9e,"{""centroid_threshold_pct"": 0.4, ""crop_size"": 64, ""intensity_p_high"": 99, ""intensity_p_low"": 1, ""target_spacing_mm"": 2.9}",1785260363.8799987,cached,,0.0,1.0,0.234662264585495,0.24650909006595612,0.8303642272949219,True,high_intensity_touches_boundary:y
z1r2roik,c:\Users\myben\OneDrive\Documents\GitHub\DaT-Parkinson\niftis\z1r2roik.nii.gz,c:\Users\myben\OneDrive\Documents\GitHub\DaT-Parkinson\preproc_cache\z1r2roik_f84f2b8d5a9e.npy,f84f2b8d5a9e,"{""centroid_threshold_pct"": 0.4, ""crop_size"": 64, ""intensity_p_high"": 99, ""intensity_p_low"": 1, ""target_spacing_mm"": 2.9}",1785260378.0640619,cached,,0.0,1.0,0.2479178011417389,0.2736271917819977,0.8271636962890625,True,high_intensity_touches_boundary:y
s62c1jlo,c:\Users\myben\OneDrive\Documents\GitHub\DaT-Parkinson\niftis\s62c1jlo.nii.gz,c:\Users\myben\OneDrive\Documents\GitHub\DaT-Parkinson\preproc_cache\s62c1jlo_f84f2b8d5a9e.npy,f84f2b8d5a9e,"{""centroid_threshold_pct"": 0.4, ""crop_size"": 64, ""intensity_p_high"": 99, ""intensity_p_low"": 1, ""target_spacing_mm"": 2.9}",1785260374.3705065,cached,,0.0,1.0,0.289262980222702,0.2694731652736664,0.8882369995117188,True,"high_intensity_touches_boundary:y,z"
po6j0m3l,c:\Users\myben\OneDrive\Documents\GitHub\DaT-Parkinson\niftis\po6j0m3l.nii.gz,c:\Users\myben\OneDrive\Documents\GitHub\DaT-Parkinson\preproc_cache\po6j0m3l_f84f2b8d5a9e.npy,f84f2b8d5a9e,"{""centroid_threshold_pct"": 0.4, ""crop_size"": 64, ""intensity_p_high"": 99, ""intensity_p_low"": 1, ""target_spacing_mm"": 2.9}",1785260373.0193923,cached,,0.0,1.0,0.27849292755126953,0.24960550665855408,0.8867950439453125,True,high_intensity_touches_boundary:y
oufhw8wl,c:\Users\myben\OneDrive\Documents\GitHub\DaT-Parkinson\niftis\oufhw8wl.nii.gz,c:\Users\myben\OneDrive\Documents\GitHub\DaT-Parkinson\preproc_cache\oufhw8wl_f84f2b8d5a9e.npy,f84f2b8d5a9e,"{""centroid_threshold_pct"": 0.4, ""crop_size"": 64, ""intensity_p_high"": 99, ""intensity_p_low"": 1, ""target_spacing_mm"": 2.9}",1785260372.613619,cached,,0.0,1.0,0.22932957112789154,0.26734814047813416,0.8517494201660156,True,
va02dz61,c:\Users\myben\OneDrive\Documents\GitHub\DaT-Parkinson\niftis\va02dz61.nii.gz,c:\Users\myben\OneDrive\Documents\GitHub\DaT-Parkinson\preproc_cache\va02dz61_f84f2b8d5a9e.npy,f84f2b8d5a9e,"{""centroid_threshold_pct"": 0.4, ""crop_size"": 64, ""intensity_p_high"": 99, ""intensity_p_low"": 1, ""target_spacing_mm"": 2.9}",1785260375.9901721,cached,,0.0,1.0,0.2668529748916626,0.2525479197502136,0.8674697875976562,True,high_intensity_touches_boundary:y
txsnhft4,c:\Users\myben\OneDrive\Documents\GitHub\DaT-Parkinson\niftis\txsnhft4.nii.gz,c:\Users\myben\OneDrive\Documents\GitHub\DaT-Parkinson\preproc_cache\txsnhft4_f84f2b8d5a9e.npy,f84f2b8d5a9e,"{""centroid_threshold_pct"": 0.4, ""crop_size"": 64, ""intensity_p_high"": 99, ""intensity_p_low"": 1, ""target_spacing_mm"": 2.9}",1785260375.234728,cached,,0.0,1.0,0.22721350193023682,0.26406341791152954,0.7699356079101562,True,high_intensity_touches_boundary:y
i26lh07b,c:\Users\myben\OneDrive\Documents\GitHub\DaT-Parkinson\niftis\i26lh07b.nii.gz,c:\Users\myben\OneDrive\Documents\GitHub\DaT-Parkinson\preproc_cache\i26lh07b_f84f2b8d5a9e.npy,f84f2b8d5a9e,"{""centroid_threshold_pct"": 0.4, ""crop_size"": 64, ""intensity_p_high"": 99, ""intensity_p_low"": 1, ""target_spacing_mm"": 2.9}",1785260368.9642596,cached,,0.0,1.0,0.2405635416507721,0.24972854554653168,0.8925285339355469,True,high_intensity_touches_boundary:y
a7dorfki,c:\Users\myben\OneDrive\Documents\GitHub\DaT-Parkinson\niftis\a7dorfki.nii.gz,c:\Users\myben\OneDrive\Documents\GitHub\DaT-Parkinson\preproc_cache\a7dorfki_f84f2b8d5a9e.npy,f84f2b8d5a9e,"{""centroid_threshold_pct"": 0.4, ""crop_size"": 64, ""intensity_p_high"": 99, ""intensity_p_low"": 1, ""target_spacing_mm"": 2.9}",1785260364.6132653,cached,,0.0,1.0,0.24088042974472046,0.25679510831832886,0.8552970886230469,True,high_intensity_touches_boundary:y
1ije2xe0,c:\Users\myben\OneDrive\Documents\GitHub\DaT-Parkinson\niftis\1ije2xe0.nii.gz,c:\Users\myben\OneDrive\Documents\GitHub\DaT-Parkinson\preproc_cache\1ije2xe0_f84f2b8d5a9e.npy,f84f2b8d5a9e,"{""centroid_threshold_pct"": 0.4, ""crop_size"": 64, ""intensity_p_high"": 99, ""intensity_p_low"": 1, ""target_spacing_mm"": 2.9}",1785260360.0821028,cached,,0.0,1.0,0.23503516614437103,0.2401261031627655,0.8338775634765625,True,high_intensity_touches_boundary:y
jdcz1oa3,c:\Users\myben\OneDrive\Documents\GitHub\DaT-Parkinson\niftis\jdcz1oa3.nii.gz,c:\Users\myben\OneDrive\Documents\GitHub\DaT-Parkinson\preproc_cache\jdcz1oa3_f84f2b8d5a9e.npy,f84f2b8d5a9e,"{""centroid_threshold_pct"": 0.4, ""crop_size"": 64, ""intensity_p_high"": 99, ""intensity_p_low"": 1, ""target_spacing_mm"": 2.9}",1785260369.5454226,cached,,0.0,1.0,0.21796002984046936,0.27186378836631775,0.7952880859375,True,high_intensity_touches_boundary:y
vf02gvll,c:\Users\myben\OneDrive\Documents\GitHub\DaT-Parkinson\niftis\vf02gvll.nii.gz,c:\Users\myben\OneDrive\Documents\GitHub\DaT-Parkinson\preproc_cache\vf02gvll_f84f2b8d5a9e.npy,f84f2b8d5a9e,"{""centroid_threshold_pct"": 0.4, ""crop_size"": 64, ""intensity_p_high"": 99, ""intensity_p_low"": 1, ""target_spacing_mm"": 2.9}",1785260376.0856042,cached,,0.0,1.0,0.290141761302948,0.26350513100624084,0.8753509521484375,True,high_intensity_touches_boundary:y
sajhjxqk,c:\Users\myben\OneDrive\Documents\GitHub\DaT-Parkinson\niftis\sajhjxqk.nii.gz,c:\Users\myben\OneDrive\Documents\GitHub\DaT-Parkinson\preproc_cache\sajhjxqk_f84f2b8d5a9e.npy,f84f2b8d5a9e,"{""centroid_threshold_pct"": 0.4, ""crop_size"": 64, ""intensity_p_high"": 99, ""intensity_p_low"": 1, ""target_spacing_mm"": 2.9}",1785260374.4315484,cached,,0.0,1.0,0.2720301151275635,0.2558625042438507,0.9250373840332031,True,high_intensity_touches_boundary:y
d8ur6tia,c:\Users\myben\OneDrive\Documents\GitHub\DaT-Parkinson\niftis\d8ur6tia.nii.gz,c:\Users\myben\OneDrive\Documents\GitHub\DaT-Parkinson\preproc_cache\d8ur6tia_f84f2b8d5a9e.npy,f84f2b8d5a9e,"{""centroid_threshold_pct"": 0.4, ""crop_size"": 64, ""intensity_p_high"": 99, ""intensity_p_low"": 1, ""target_spacing_mm"": 2.9}",1785260366.2655435,cached,,0.0,1.0,0.26613864302635193,0.2575925886631012,0.8616943359375,True,high_intensity_touches_boundary:y
rontdi9o,c:\Users\myben\OneDrive\Documents\GitHub\DaT-Parkinson\niftis\rontdi9o.nii.gz,c:\Users\myben\OneDrive\Documents\GitHub\DaT-Parkinson\preproc_cache\rontdi9o_f84f2b8d5a9e.npy,f84f2b8d5a9e,"{""centroid_threshold_pct"": 0.4, ""crop_size"": 64, ""intensity_p_high"": 99, ""intensity_p_low"": 1, ""target_spacing_mm"": 2.9}",1785260374.0239675,cached,,0.0,1.0,0.2127353996038437,0.2472822070121765,0.82293701171875,True,high_intensity_touches_boundary:y
inuxl39d,c:\Users\myben\OneDrive\Documents\GitHub\DaT-Parkinson\niftis\inuxl39d.nii.gz,c:\Users\myben\OneDrive\Documents\GitHub\DaT-Parkinson\preproc_cache\inuxl39d_f84f2b8d5a9e.npy,f84f2b8d5a9e,"{""centroid_threshold_pct"": 0.4, ""crop_size"": 64, ""intensity_p_high"": 99, ""intensity_p_low"": 1, ""target_spacing_mm"": 2.9}",1785260369.1839745,cached,,0.0,1.0,0.22534966468811035,0.25256961584091187,0.8391151428222656,True,high_intensity_touches_boundary:y
g5rifwr0,c:\Users\myben\OneDrive\Documents\GitHub\DaT-Parkinson\niftis\g5rifwr0.nii.gz,c:\Users\myben\OneDrive\Documents\GitHub\DaT-Parkinson\preproc_cache\g5rifwr0_f84f2b8d5a9e.npy,f84f2b8d5a9e,"{""centroid_threshold_pct"": 0.4, ""crop_size"": 64, ""intensity_p_high"": 99, ""intensity_p_low"": 1, ""target_spacing_mm"": 2.9}",1785260367.993437,cached,,0.0,1.0,0.27517959475517273,0.267469197511673,0.8791122436523438,True,high_intensity_touches_boundary:y
ui1jlmfl,c:\Users\myben\OneDrive\Documents\GitHub\DaT-Parkinson\niftis\ui1jlmfl.nii.gz,c:\Users\myben\OneDrive\Documents\GitHub\DaT-Parkinson\preproc_cache\ui1jlmfl_f84f2b8d5a9e.npy,f84f2b8d5a9e,"{""centroid_threshold_pct"": 0.4, ""crop_size"": 64, ""intensity_p_high"": 99, ""intensity_p_low"": 1, ""target_spacing_mm"": 2.9}",1785260375.5185976,cached,,0.0,1.0,0.2501135468482971,0.24815066158771515,0.8961982727050781,True,high_intensity_touches_boundary:y
uoay12tl,c:\Users\myben\OneDrive\Documents\GitHub\DaT-Parkinson\niftis\uoay12tl.nii.gz,c:\Users\myben\OneDrive\Documents\GitHub\DaT-Parkinson\preproc_cache\uoay12tl_f84f2b8d5a9e.npy,f84f2b8d5a9e,"{""centroid_threshold_pct"": 0.4, ""crop_size"": 64, ""intensity_p_high"": 99, ""intensity_p_low"": 1, ""target_spacing_mm"": 2.9}",1785260375.6428692,cached,,0.0,1.0,0.25217849016189575,0.27502885460853577,0.8322257995605469,True,
xlzs49cd,c:\Users\myben\OneDrive\Documents\GitHub\DaT-Parkinson\niftis\xlzs49cd.nii.gz,c:\Users\myben\OneDrive\Documents\GitHub\DaT-Parkinson\preproc_cache\xlzs49cd_f84f2b8d5a9e.npy,f84f2b8d5a9e,"{""centroid_threshold_pct"": 0.4, ""crop_size"": 64, ""intensity_p_high"": 99, ""intensity_p_low"": 1, ""target_spacing_mm"": 2.9}",1785260377.1592128,cached,,0.0,1.0,0.2772819399833679,0.26057323813438416,0.8969573974609375,True,"high_intensity_touches_boundary:y,z"
zn1f0fp8,c:\Users\myben\OneDrive\Documents\GitHub\DaT-Parkinson\niftis\zn1f0fp8.nii.gz,c:\Users\myben\OneDrive\Documents\GitHub\DaT-Parkinson\preproc_cache\zn1f0fp8_f84f2b8d5a9e.npy,f84f2b8d5a9e,"{""centroid_threshold_pct"": 0.4, ""crop_size"": 64, ""intensity_p_high"": 99, ""intensity_p_low"": 1, ""target_spacing_mm"": 2.9}",1785260378.327346,cached,,0.0,1.0,0.2755722105503082,0.25730040669441223,0.9016075134277344,True,high_intensity_touches_boundary:y
bpg2r0to,c:\Users\myben\OneDrive\Documents\GitHub\DaT-Parkinson\niftis\bpg2r0to.nii.gz,c:\Users\myben\OneDrive\Documents\GitHub\DaT-Parkinson\preproc_cache\bpg2r0to_f84f2b8d5a9e.npy,f84f2b8d5a9e,"{""centroid_threshold_pct"": 0.4, ""crop_size"": 64, ""intensity_p_high"": 99, ""intensity_p_low"": 1, ""target_spacing_mm"": 2.9}",1785260365.2453465,cached,,0.0,1.0,0.23358562588691711,0.235754132270813,0.8363113403320312,True,high_intensity_touches_boundary:y
kpk7yswn,c:\Users\myben\OneDrive\Documents\GitHub\DaT-Parkinson\niftis\kpk7yswn.nii.gz,c:\Users\myben\OneDrive\Documents\GitHub\DaT-Parkinson\preproc_cache\kpk7yswn_f84f2b8d5a9e.npy,f84f2b8d5a9e,"{""centroid_threshold_pct"": 0.4, ""crop_size"": 64, ""intensity_p_high"": 99, ""intensity_p_low"": 1, ""target_spacing_mm"": 2.9}",1785260370.4702396,cached,,0.0,1.0,0.26216399669647217,0.2674298882484436,0.8616523742675781,True,
xfshwzsj,c:\Users\myben\OneDrive\Documents\GitHub\DaT-Parkinson\niftis\xfshwzsj.nii.gz,c:\Users\myben\OneDrive\Documents\GitHub\DaT-Parkinson\preproc_cache\xfshwzsj_f84f2b8d5a9e.npy,f84f2b8d5a9e,"{""centroid_threshold_pct"": 0.4, ""crop_size"": 64, ""intensity_p_high"": 99, ""intensity_p_low"": 1, ""target_spacing_mm"": 2.9}",1785260377.0351403,cached,,0.0,1.0,0.2477097511291504,0.2137610763311386,0.9003143310546875,True,"high_intensity_touches_boundary:x,y"
q77z4es3,c:\Users\myben\OneDrive\Documents\GitHub\DaT-Parkinson\niftis\q77z4es3.nii.gz,c:\Users\myben\OneDrive\Documents\GitHub\DaT-Parkinson\preproc_cache\q77z4es3_f84f2b8d5a9e.npy,f84f2b8d5a9e,"{""centroid_threshold_pct"": 0.4, ""crop_size"": 64, ""intensity_p_high"": 99, ""intensity_p_low"": 1, ""target_spacing_mm"": 2.9}",1785260373.235587,cached,,0.0,1.0,0.21873009204864502,0.27332451939582825,0.7908935546875,True,
aofc9lgy,c:\Users\myben\OneDrive\Documents\GitHub\DaT-Parkinson\niftis\aofc9lgy.nii.gz,c:\Users\myben\OneDrive\Documents\GitHub\DaT-Parkinson\preproc_cache\aofc9lgy_f84f2b8d5a9e.npy,f84f2b8d5a9e,"{""centroid_threshold_pct"": 0.4, ""crop_size"": 64, ""intensity_p_high"": 99, ""intensity_p_low"": 1, ""target_spacing_mm"": 2.9}",1785260364.7464428,cached,,0.0,1.0,0.2608911097049713,0.2783341109752655,0.8617591857910156,True,high_intensity_touches_boundary:y
tlcqfmui,c:\Users\myben\OneDrive\Documents\GitHub\DaT-Parkinson\niftis\tlcqfmui.nii.gz,c:\Users\myben\OneDrive\Documents\GitHub\DaT-Parkinson\preproc_cache\tlcqfmui_f84f2b8d5a9e.npy,f84f2b8d5a9e,"{""centroid_threshold_pct"": 0.4, ""crop_size"": 64, ""intensity_p_high"": 99, ""intensity_p_low"": 1, ""target_spacing_mm"": 2.9}",1785260375.0548627,cached,,0.0,1.0,0.24711322784423828,0.2442190796136856,0.9328842163085938,True,high_intensity_touches_boundary:y
w7j35vlw,c:\Users\myben\OneDrive\Documents\GitHub\DaT-Parkinson\niftis\w7j35vlw.nii.gz,c:\Users\myben\OneDrive\Documents\GitHub\DaT-Parkinson\preproc_cache\w7j35vlw_f84f2b8d5a9e.npy,f84f2b8d5a9e,"{""centroid_threshold_pct"": 0.4, ""crop_size"": 64, ""intensity_p_high"": 99, ""intensity_p_low"": 1, ""target_spacing_mm"": 2.9}",1785260376.5599446,cached,,0.0,1.0,0.25323593616485596,0.24273361265659332,0.8671722412109375,True,high_intensity_touches_boundary:y
ojtxcf0k,c:\Users\myben\OneDrive\Documents\GitHub\DaT-Parkinson\niftis\ojtxcf0k.nii.gz,c:\Users\myben\OneDrive\Documents\GitHub\DaT-Parkinson\preproc_cache\ojtxcf0k_f84f2b8d5a9e.npy,f84f2b8d5a9e,"{""centroid_threshold_pct"": 0.4, ""crop_size"": 64, ""intensity_p_high"": 99, ""intensity_p_low"": 1, ""target_spacing_mm"": 2.9}",1785260372.402308,cached,,0.0,1.0,0.24692091345787048,0.2271830141544342,0.8671531677246094,True,high_intensity_touches_boundary:y
jd2v1l1v,c:\Users\myben\OneDrive\Documents\GitHub\DaT-Parkinson\niftis\jd2v1l1v.nii.gz,c:\Users\myben\OneDrive\Documents\GitHub\DaT-Parkinson\preproc_cache\jd2v1l1v_f84f2b8d5a9e.npy,f84f2b8d5a9e,"{""centroid_threshold_pct"": 0.4, ""crop_size"": 64, ""intensity_p_high"": 99, ""intensity_p_low"": 1, ""target_spacing_mm"": 2.9}",1785260369.5170228,cached,,0.0,1.0,0.20914891362190247,0.23330415785312653,0.8346099853515625,True,high_intensity_touches_boundary:y
j35yrg29,c:\Users\myben\OneDrive\Documents\GitHub\DaT-Parkinson\niftis\j35yrg29.nii.gz,c:\Users\myben\OneDrive\Documents\GitHub\DaT-Parkinson\preproc_cache\j35yrg29_f84f2b8d5a9e.npy,f84f2b8d5a9e,"{""centroid_threshold_pct"": 0.4, ""crop_size"": 64, ""intensity_p_high"": 99, ""intensity_p_low"": 1, ""target_spacing_mm"": 2.9}",1785260369.3340707,cached,,0.0,1.0,0.25631600618362427,0.2678854465484619,0.8355293273925781,True,high_intensity_touches_boundary:y
d2ff5l6b,c:\Users\myben\OneDrive\Documents\GitHub\DaT-Parkinson\niftis\d2ff5l6b.nii.gz,c:\Users\myben\OneDrive\Documents\GitHub\DaT-Parkinson\preproc_cache\d2ff5l6b_f84f2b8d5a9e.npy,f84f2b8d5a9e,"{""centroid_threshold_pct"": 0.4, ""crop_size"": 64, ""intensity_p_high"": 99, ""intensity_p_low"": 1, ""target_spacing_mm"": 2.9}",1785260366.1312327,cached,,0.0,1.0,0.24576543271541595,0.24864046275615692,0.9229507446289062,True,high_intensity_touches_boundary:y
spxlseun,c:\Users\myben\OneDrive\Documents\GitHub\DaT-Parkinson\niftis\spxlseun.nii.gz,c:\Users\myben\OneDrive\Documents\GitHub\DaT-Parkinson\preproc_cache\spxlseun_f84f2b8d5a9e.npy,f84f2b8d5a9e,"{""centroid_threshold_pct"": 0.4, ""crop_size"": 64, ""intensity_p_high"": 99, ""intensity_p_low"": 1, ""target_spacing_mm"": 2.9}",1785260374.6408687,cached,,0.0,1.0,0.22742080688476562,0.26451575756073,0.8053512573242188,True,high_intensity_touches_boundary:y
nrlst548,c:\Users\myben\OneDrive\Documents\GitHub\DaT-Parkinson\niftis\nrlst548.nii.gz,c:\Users\myben\OneDrive\Documents\GitHub\DaT-Parkinson\preproc_cache\nrlst548_f84f2b8d5a9e.npy,f84f2b8d5a9e,"{""centroid_threshold_pct"": 0.4, ""crop_size"": 64, ""intensity_p_high"": 99, ""intensity_p_low"": 1, ""target_spacing_mm"": 2.9}",1785260371.9345284,cached,,0.0,1.0,0.2657022476196289,0.26208508014678955,0.8853836059570312,True,high_intensity_touches_boundary:y
84z4ur2y,c:\Users\myben\OneDrive\Documents\GitHub\DaT-Parkinson\niftis\84z4ur2y.nii.gz,c:\Users\myben\OneDrive\Documents\GitHub\DaT-Parkinson\preproc_cache\84z4ur2y_f84f2b8d5a9e.npy,f84f2b8d5a9e,"{""centroid_threshold_pct"": 0.4, ""crop_size"": 64, ""intensity_p_high"": 99, ""intensity_p_low"": 1, ""target_spacing_mm"": 2.9}",1785260363.5759232,cached,,0.0,1.0,0.24801239371299744,0.2568539083003998,0.8597793579101562,True,high_intensity_touches_boundary:y
upmanqy0,c:\Users\myben\OneDrive\Documents\GitHub\DaT-Parkinson\niftis\upmanqy0.nii.gz,c:\Users\myben\OneDrive\Documents\GitHub\DaT-Parkinson\preproc_cache\upmanqy0_f84f2b8d5a9e.npy,f84f2b8d5a9e,"{""centroid_threshold_pct"": 0.4, ""crop_size"": 64, ""intensity_p_high"": 99, ""intensity_p_low"": 1, ""target_spacing_mm"": 2.9}",1785260375.6961875,cached,,0.0,1.0,0.22107578814029694,0.25046008825302124,0.8417930603027344,True,
hu97ng0a,c:\Users\myben\OneDrive\Documents\GitHub\DaT-Parkinson\niftis\hu97ng0a.nii.gz,c:\Users\myben\OneDrive\Documents\GitHub\DaT-Parkinson\preproc_cache\hu97ng0a_f84f2b8d5a9e.npy,f84f2b8d5a9e,"{""centroid_threshold_pct"": 0.4, ""crop_size"": 64, ""intensity_p_high"": 99, ""intensity_p_low"": 1, ""target_spacing_mm"": 2.9}",1785260368.8450284,cached,,0.0,1.0,0.22267988324165344,0.21642330288887024,0.8316841125488281,True,"high_intensity_touches_boundary:x,y"
psaldnj7,c:\Users\myben\OneDrive\Documents\GitHub\DaT-Parkinson\niftis\psaldnj7.nii.gz,c:\Users\myben\OneDrive\Documents\GitHub\DaT-Parkinson\preproc_cache\psaldnj7_f84f2b8d5a9e.npy,f84f2b8d5a9e,"{""centroid_threshold_pct"": 0.4, ""crop_size"": 64, ""intensity_p_high"": 99, ""intensity_p_low"": 1, ""target_spacing_mm"": 2.9}",1785260373.0775886,cached,,0.0,1.0,0.24508528411388397,0.2586759030818939,0.84521484375,True,high_intensity_touches_boundary:y
vbjrbzjw,c:\Users\myben\OneDrive\Documents\GitHub\DaT-Parkinson\niftis\vbjrbzjw.nii.gz,c:\Users\myben\OneDrive\Documents\GitHub\DaT-Parkinson\preproc_cache\vbjrbzjw_f84f2b8d5a9e.npy,f84f2b8d5a9e,"{""centroid_threshold_pct"": 0.4, ""crop_size"": 64, ""intensity_p_high"": 99, ""intensity_p_low"": 1, ""target_spacing_mm"": 2.9}",1785260376.0579314,cached,,0.0,1.0,0.2703242897987366,0.2706538140773773,0.8566780090332031,True,high_intensity_touches_boundary:y
83579wrr,c:\Users\myben\OneDrive\Documents\GitHub\DaT-Parkinson\niftis\83579wrr.nii.gz,c:\Users\myben\OneDrive\Documents\GitHub\DaT-Parkinson\preproc_cache\83579wrr_f84f2b8d5a9e.npy,f84f2b8d5a9e,"{""centroid_threshold_pct"": 0.4, ""crop_size"": 64, ""intensity_p_high"": 99, ""intensity_p_low"": 1, ""target_spacing_mm"": 2.9}",1785260363.5194528,cached,,0.0,1.0,0.2647438049316406,0.2803255617618561,0.8448143005371094,True,high_intensity_touches_boundary:y
513bb6f0,c:\Users\myben\OneDrive\Documents\GitHub\DaT-Parkinson\niftis\513bb6f0.nii.gz,c:\Users\myben\OneDrive\Documents\GitHub\DaT-Parkinson\preproc_cache\513bb6f0_f84f2b8d5a9e.npy,f84f2b8d5a9e,"{""centroid_threshold_pct"": 0.4, ""crop_size"": 64, ""intensity_p_high"": 99, ""intensity_p_low"": 1, ""target_spacing_mm"": 2.9}",1785260362.0804002,cached,,0.0,1.0,0.21073052287101746,0.25774434208869934,0.7464485168457031,True,
5ep4cwcd,c:\Users\myben\OneDrive\Documents\GitHub\DaT-Parkinson\niftis\5ep4cwcd.nii.gz,c:\Users\myben\OneDrive\Documents\GitHub\DaT-Parkinson\preproc_cache\5ep4cwcd_f84f2b8d5a9e.npy,f84f2b8d5a9e,"{""centroid_threshold_pct"": 0.4, ""crop_size"": 64, ""intensity_p_high"": 99, ""intensity_p_low"": 1, ""target_spacing_mm"": 2.9}",1785260362.298312,cached,,0.0,1.0,0.2230970710515976,0.2306012660264969,0.8588447570800781,True,high_intensity_touches_boundary:y
t9gwa44l,c:\Users\myben\OneDrive\Documents\GitHub\DaT-Parkinson\niftis\t9gwa44l.nii.gz,c:\Users\myben\OneDrive\Documents\GitHub\DaT-Parkinson\preproc_cache\t9gwa44l_f84f2b8d5a9e.npy,f84f2b8d5a9e,"{""centroid_threshold_pct"": 0.4, ""crop_size"": 64, ""intensity_p_high"": 99, ""intensity_p_low"": 1, ""target_spacing_mm"": 2.9}",1785260374.9101412,cached,,0.0,1.0,0.25876981019973755,0.25691893696784973,0.8836746215820312,True,high_intensity_touches_boundary:y
z6v7s7o4,c:\Users\myben\OneDrive\Documents\GitHub\DaT-Parkinson\niftis\z6v7s7o4.nii.gz,c:\Users\myben\OneDrive\Documents\GitHub\DaT-Parkinson\preproc_cache\z6v7s7o4_f84f2b8d5a9e.npy,f84f2b8d5a9e,"{""centroid_threshold_pct"": 0.4, ""crop_size"": 64, ""intensity_p_high"": 99, ""intensity_p_low"": 1, ""target_spacing_mm"": 2.9}",1785260378.135295,cached,,0.0,1.0,0.23690637946128845,0.25956007838249207,0.8404045104980469,True,high_intensity_touches_boundary:y
yc3s0dpj,c:\Users\myben\OneDrive\Documents\GitHub\DaT-Parkinson\niftis\yc3s0dpj.nii.gz,c:\Users\myben\OneDrive\Documents\GitHub\DaT-Parkinson\preproc_cache\yc3s0dpj_f84f2b8d5a9e.npy,f84f2b8d5a9e,"{""centroid_threshold_pct"": 0.4, ""crop_size"": 64, ""intensity_p_high"": 99, ""intensity_p_low"": 1, ""target_spacing_mm"": 2.9}",1785260377.6709363,cached,,0.0,1.0,0.26344916224479675,0.2790546715259552,0.7950439453125,True,high_intensity_touches_boundary:y
hsg04ajm,c:\Users\myben\OneDrive\Documents\GitHub\DaT-Parkinson\niftis\hsg04ajm.nii.gz,c:\Users\myben\OneDrive\Documents\GitHub\DaT-Parkinson\preproc_cache\hsg04ajm_f84f2b8d5a9e.npy,f84f2b8d5a9e,"{""centroid_threshold_pct"": 0.4, ""crop_size"": 64, ""intensity_p_high"": 99, ""intensity_p_low"": 1, ""target_spacing_mm"": 2.9}",1785260368.8065338,cached,,0.0,1.0,0.2300170361995697,0.2701447010040283,0.8265838623046875,True,high_intensity_touches_boundary:y
muzuqed0,c:\Users\myben\OneDrive\Documents\GitHub\DaT-Parkinson\niftis\muzuqed0.nii.gz,c:\Users\myben\OneDrive\Documents\GitHub\DaT-Parkinson\preproc_cache\muzuqed0_f84f2b8d5a9e.npy,f84f2b8d5a9e,"{""centroid_threshold_pct"": 0.4, ""crop_size"": 64, ""intensity_p_high"": 99, ""intensity_p_low"": 1, ""target_spacing_mm"": 2.9}",1785260371.3350813,cached,,0.0,1.0,0.2541861832141876,0.25904935598373413,0.8900032043457031,True,high_intensity_touches_boundary:y
gv812hnc,c:\Users\myben\OneDrive\Documents\GitHub\DaT-Parkinson\niftis\gv812hnc.nii.gz,c:\Users\myben\OneDrive\Documents\GitHub\DaT-Parkinson\preproc_cache\gv812hnc_f84f2b8d5a9e.npy,f84f2b8d5a9e,"{""centroid_threshold_pct"": 0.4, ""crop_size"": 64, ""intensity_p_high"": 99, ""intensity_p_low"": 1, ""target_spacing_mm"": 2.9}",1785260368.4830537,cached,,0.0,1.0,0.26395660638809204,0.2899866998195648,0.8465576171875,True,high_intensity_touches_boundary:y
0i4x6g1e,c:\Users\myben\OneDrive\Documents\GitHub\DaT-Parkinson\niftis\0i4x6g1e.nii.gz,c:\Users\myben\OneDrive\Documents\GitHub\DaT-Parkinson\preproc_cache\0i4x6g1e_f84f2b8d5a9e.npy,f84f2b8d5a9e,"{""centroid_threshold_pct"": 0.4, ""crop_size"": 64, ""intensity_p_high"": 99, ""intensity_p_low"": 1, ""target_spacing_mm"": 2.9}",1785260359.4098802,cached,,0.0,1.0,0.2342248260974884,0.25151926279067993,0.8792076110839844,True,high_intensity_touches_boundary:y
bzgflig5,c:\Users\myben\OneDrive\Documents\GitHub\DaT-Parkinson\niftis\bzgflig5.nii.gz,c:\Users\myben\OneDrive\Documents\GitHub\DaT-Parkinson\preproc_cache\bzgflig5_f84f2b8d5a9e.npy,f84f2b8d5a9e,"{""centroid_threshold_pct"": 0.4, ""crop_size"": 64, ""intensity_p_high"": 99, ""intensity_p_low"": 1, ""target_spacing_mm"": 2.9}",1785260365.4121313,cached,,0.0,1.0,0.24522821605205536,0.2558632493019104,0.8563995361328125,True,high_intensity_touches_boundary:y
gkzjrumx,c:\Users\myben\OneDrive\Documents\GitHub\DaT-Parkinson\niftis\gkzjrumx.nii.gz,c:\Users\myben\OneDrive\Documents\GitHub\DaT-Parkinson\preproc_cache\gkzjrumx_f84f2b8d5a9e.npy,f84f2b8d5a9e,"{""centroid_threshold_pct"": 0.4, ""crop_size"": 64, ""intensity_p_high"": 99, ""intensity_p_low"": 1, ""target_spacing_mm"": 2.9}",1785260368.2582781,cached,,0.0,1.0,0.2898823320865631,0.2636507451534271,0.8720932006835938,True,high_intensity_touches_boundary:y
qw3b4nth,c:\Users\myben\OneDrive\Documents\GitHub\DaT-Parkinson\niftis\qw3b4nth.nii.gz,c:\Users\myben\OneDrive\Documents\GitHub\DaT-Parkinson\preproc_cache\qw3b4nth_f84f2b8d5a9e.npy,f84f2b8d5a9e,"{""centroid_threshold_pct"": 0.4, ""crop_size"": 64, ""intensity_p_high"": 99, ""intensity_p_low"": 1, ""target_spacing_mm"": 2.9}",1785260373.6361854,cached,,0.0,1.0,0.2226286679506302,0.24866525828838348,0.8738594055175781,True,
zm32hzs3,c:\Users\myben\OneDrive\Documents\GitHub\DaT-Parkinson\niftis\zm32hzs3.nii.gz,c:\Users\myben\OneDrive\Documents\GitHub\DaT-Parkinson\preproc_cache\zm32hzs3_f84f2b8d5a9e.npy,f84f2b8d5a9e,"{""centroid_threshold_pct"": 0.4, ""crop_size"": 64, ""intensity_p_high"": 99, ""intensity_p_low"": 1, ""target_spacing_mm"": 2.9}",1785260378.3102143,cached,,0.0,1.0,0.2480039745569229,0.22540554404258728,0.9051704406738281,True,high_intensity_touches_boundary:y
2d1jqbex,c:\Users\myben\OneDrive\Documents\GitHub\DaT-Parkinson\niftis\2d1jqbex.nii.gz,c:\Users\myben\OneDrive\Documents\GitHub\DaT-Parkinson\preproc_cache\2d1jqbex_f84f2b8d5a9e.npy,f84f2b8d5a9e,"{""centroid_threshold_pct"": 0.4, ""crop_size"": 64, ""intensity_p_high"": 99, ""intensity_p_low"": 1, ""target_spacing_mm"": 2.9}",1785260360.443756,cached,,0.0,1.0,0.23525813221931458,0.23489980399608612,0.9142036437988281,True,"high_intensity_touches_boundary:y,z"
gfvnnvbz,c:\Users\myben\OneDrive\Documents\GitHub\DaT-Parkinson\niftis\gfvnnvbz.nii.gz,c:\Users\myben\OneDrive\Documents\GitHub\DaT-Parkinson\preproc_cache\gfvnnvbz_f84f2b8d5a9e.npy,f84f2b8d5a9e,"{""centroid_threshold_pct"": 0.4, ""crop_size"": 64, ""intensity_p_high"": 99, ""intensity_p_low"": 1, ""target_spacing_mm"": 2.9}",1785260368.1245918,cached,,0.0,1.0,0.27083754539489746,0.23505479097366333,0.8902244567871094,True,"high_intensity_touches_boundary:y,z"
w5apmxd6,c:\Users\myben\OneDrive\Documents\GitHub\DaT-Parkinson\niftis\w5apmxd6.nii.gz,c:\Users\myben\OneDrive\Documents\GitHub\DaT-Parkinson\preproc_cache\w5apmxd6_f84f2b8d5a9e.npy,f84f2b8d5a9e,"{""centroid_threshold_pct"": 0.4, ""crop_size"": 64, ""intensity_p_high"": 99, ""intensity_p_low"": 1, ""target_spacing_mm"": 2.9}",1785260376.4980392,cached,,0.0,1.0,0.253109872341156,0.25206080079078674,0.9055366516113281,True,"high_intensity_touches_boundary:y,z"
lqga3qup,c:\Users\myben\OneDrive\Documents\GitHub\DaT-Parkinson\niftis\lqga3qup.nii.gz,c:\Users\myben\OneDrive\Documents\GitHub\DaT-Parkinson\preproc_cache\lqga3qup_f84f2b8d5a9e.npy,f84f2b8d5a9e,"{""centroid_threshold_pct"": 0.4, ""crop_size"": 64, ""intensity_p_high"": 99, ""intensity_p_low"": 1, ""target_spacing_mm"": 2.9}",1785260370.8637176,cached,,0.0,1.0,0.2202116847038269,0.23340833187103271,0.8381767272949219,True,
o4jnmyk8,c:\Users\myben\OneDrive\Documents\GitHub\DaT-Parkinson\niftis\o4jnmyk8.nii.gz,c:\Users\myben\OneDrive\Documents\GitHub\DaT-Parkinson\preproc_cache\o4jnmyk8_f84f2b8d5a9e.npy,f84f2b8d5a9e,"{""centroid_threshold_pct"": 0.4, ""crop_size"": 64, ""intensity_p_high"": 99, ""intensity_p_low"": 1, ""target_spacing_mm"": 2.9}",1785260372.114952,cached,,0.0,1.0,0.23025666177272797,0.21310418844223022,0.8920516967773438,True,"high_intensity_touches_boundary:y,z"
516sp18o,c:\Users\myben\OneDrive\Documents\GitHub\DaT-Parkinson\niftis\516sp18o.nii.gz,c:\Users\myben\OneDrive\Documents\GitHub\DaT-Parkinson\preproc_cache\516sp18o_f84f2b8d5a9e.npy,f84f2b8d5a9e,"{""centroid_threshold_pct"": 0.4, ""crop_size"": 64, ""intensity_p_high"": 99, ""intensity_p_low"": 1, ""target_spacing_mm"": 2.9}",1785260362.09768,cached,,0.0,1.0,0.2803031802177429,0.2644157111644745,0.8952713012695312,True,"high_intensity_touches_boundary:y,z"
bs7587h9,c:\Users\myben\OneDrive\Documents\GitHub\DaT-Parkinson\niftis\bs7587h9.nii.gz,c:\Users\myben\OneDrive\Documents\GitHub\DaT-Parkinson\preproc_cache\bs7587h9_f84f2b8d5a9e.npy,f84f2b8d5a9e,"{""centroid_threshold_pct"": 0.4, ""crop_size"": 64, ""intensity_p_high"": 99, ""intensity_p_low"": 1, ""target_spacing_mm"": 2.9}",1785260365.2910523,cached,,0.0,1.0,0.2183663249015808,0.25129199028015137,0.8227081298828125,True,high_intensity_touches_boundary:y
1el88l12,c:\Users\myben\OneDrive\Documents\GitHub\DaT-Parkinson\niftis\1el88l12.nii.gz,c:\Users\myben\OneDrive\Documents\GitHub\DaT-Parkinson\preproc_cache\1el88l12_f84f2b8d5a9e.npy,f84f2b8d5a9e,"{""centroid_threshold_pct"": 0.4, ""crop_size"": 64, ""intensity_p_high"": 99, ""intensity_p_low"": 1, ""target_spacing_mm"": 2.9}",1785260359.974355,cached,,0.0,1.0,0.2513359785079956,0.25080329179763794,0.8197898864746094,True,high_intensity_touches_boundary:y
qfaf5kci,c:\Users\myben\OneDrive\Documents\GitHub\DaT-Parkinson\niftis\qfaf5kci.nii.gz,c:\Users\myben\OneDrive\Documents\GitHub\DaT-Parkinson\preproc_cache\qfaf5kci_f84f2b8d5a9e.npy,f84f2b8d5a9e,"{""centroid_threshold_pct"": 0.4, ""crop_size"": 64, ""intensity_p_high"": 99, ""intensity_p_low"": 1, ""target_spacing_mm"": 2.9}",1785260373.3674202,cached,,0.0,1.0,0.26006829738616943,0.2510530948638916,0.8450927734375,True,high_intensity_touches_boundary:y
hdiy4nrm,c:\Users\myben\OneDrive\Documents\GitHub\DaT-Parkinson\niftis\hdiy4nrm.nii.gz,c:\Users\myben\OneDrive\Documents\GitHub\DaT-Parkinson\preproc_cache\hdiy4nrm_f84f2b8d5a9e.npy,f84f2b8d5a9e,"{""centroid_threshold_pct"": 0.4, ""crop_size"": 64, ""intensity_p_high"": 99, ""intensity_p_low"": 1, ""target_spacing_mm"": 2.9}",1785260368.6926193,cached,,0.0,1.0,0.2534077763557434,0.24830693006515503,0.9327888488769531,True,high_intensity_touches_boundary:y
qyz6y3z1,c:\Users\myben\OneDrive\Documents\GitHub\DaT-Parkinson\niftis\qyz6y3z1.nii.gz,c:\Users\myben\OneDrive\Documents\GitHub\DaT-Parkinson\preproc_cache\qyz6y3z1_f84f2b8d5a9e.npy,f84f2b8d5a9e,"{""centroid_threshold_pct"": 0.4, ""crop_size"": 64, ""intensity_p_high"": 99, ""intensity_p_low"": 1, ""target_spacing_mm"": 2.9}",1785260373.7187517,cached,,0.0,1.0,0.2238997220993042,0.241364985704422,0.8489913940429688,True,high_intensity_touches_boundary:y
de1e1630,c:\Users\myben\OneDrive\Documents\GitHub\DaT-Parkinson\niftis\de1e1630.nii.gz,c:\Users\myben\OneDrive\Documents\GitHub\DaT-Parkinson\preproc_cache\de1e1630_f84f2b8d5a9e.npy,f84f2b8d5a9e,"{""centroid_threshold_pct"": 0.4, ""crop_size"": 64, ""intensity_p_high"": 99, ""intensity_p_low"": 1, ""target_spacing_mm"": 2.9}",1785260366.3150575,cached,,0.0,1.0,0.3018941283226013,0.25203806161880493,0.8843231201171875,True,high_intensity_touches_boundary:y
pocr0vhv,c:\Users\myben\OneDrive\Documents\GitHub\DaT-Parkinson\niftis\pocr0vhv.nii.gz,c:\Users\myben\OneDrive\Documents\GitHub\DaT-Parkinson\preproc_cache\pocr0vhv_f84f2b8d5a9e.npy,f84f2b8d5a9e,"{""centroid_threshold_pct"": 0.4, ""crop_size"": 64, ""intensity_p_high"": 99, ""intensity_p_low"": 1, ""target_spacing_mm"": 2.9}",1785260373.0370934,cached,,0.0,1.0,0.25387266278266907,0.2464843988418579,0.8628463745117188,True,high_intensity_touches_boundary:y
1nm3v16x,c:\Users\myben\OneDrive\Documents\GitHub\DaT-Parkinson\niftis\1nm3v16x.nii.gz,c:\Users\myben\OneDrive\Documents\GitHub\DaT-Parkinson\preproc_cache\1nm3v16x_f84f2b8d5a9e.npy,f84f2b8d5a9e,"{""centroid_threshold_pct"": 0.4, ""crop_size"": 64, ""intensity_p_high"": 99, ""intensity_p_low"": 1, ""target_spacing_mm"": 2.9}",1785260360.1224616,cached,,0.0,1.0,0.24173401296138763,0.2765498757362366,0.7830886840820312,True,high_intensity_touches_boundary:y
eghpmxpk,c:\Users\myben\OneDrive\Documents\GitHub\DaT-Parkinson\niftis\eghpmxpk.nii.gz,c:\Users\myben\OneDrive\Documents\GitHub\DaT-Parkinson\preproc_cache\eghpmxpk_f84f2b8d5a9e.npy,f84f2b8d5a9e,"{""centroid_threshold_pct"": 0.4, ""crop_size"": 64, ""intensity_p_high"": 99, ""intensity_p_low"": 1, ""target_spacing_mm"": 2.9}",1785260367.0063958,cached,,0.0,1.0,0.2959659695625305,0.2307729721069336,0.9663467407226562,True,"high_intensity_touches_boundary:y,z"
n3b8pfy4,c:\Users\myben\OneDrive\Documents\GitHub\DaT-Parkinson\niftis\n3b8pfy4.nii.gz,c:\Users\myben\OneDrive\Documents\GitHub\DaT-Parkinson\preproc_cache\n3b8pfy4_f84f2b8d5a9e.npy,f84f2b8d5a9e,"{""centroid_threshold_pct"": 0.4, ""crop_size"": 64, ""intensity_p_high"": 99, ""intensity_p_low"": 1, ""target_spacing_mm"": 2.9}",1785260371.4621806,cached,,0.0,1.0,0.23172570765018463,0.26239606738090515,0.8527412414550781,True,high_intensity_touches_boundary:y
qcyd52al,c:\Users\myben\OneDrive\Documents\GitHub\DaT-Parkinson\niftis\qcyd52al.nii.gz,c:\Users\myben\OneDrive\Documents\GitHub\DaT-Parkinson\preproc_cache\qcyd52al_f84f2b8d5a9e.npy,f84f2b8d5a9e,"{""centroid_threshold_pct"": 0.4, ""crop_size"": 64, ""intensity_p_high"": 99, ""intensity_p_low"": 1, ""target_spacing_mm"": 2.9}",1785260373.3358364,cached,,0.0,1.0,0.27269405126571655,0.22605469822883606,0.9263191223144531,True,"high_intensity_touches_boundary:x,y"
unqr8o1k,c:\Users\myben\OneDrive\Documents\GitHub\DaT-Parkinson\niftis\unqr8o1k.nii.gz,c:\Users\myben\OneDrive\Documents\GitHub\DaT-Parkinson\preproc_cache\unqr8o1k_f84f2b8d5a9e.npy,f84f2b8d5a9e,"{""centroid_threshold_pct"": 0.4, ""crop_size"": 64, ""intensity_p_high"": 99, ""intensity_p_low"": 1, ""target_spacing_mm"": 2.9}",1785260375.6153116,cached,,0.0,1.0,0.24503126740455627,0.2892298996448517,0.8156280517578125,True,
jwv2qnrm,c:\Users\myben\OneDrive\Documents\GitHub\DaT-Parkinson\niftis\jwv2qnrm.nii.gz,c:\Users\myben\OneDrive\Documents\GitHub\DaT-Parkinson\preproc_cache\jwv2qnrm_f84f2b8d5a9e.npy,f84f2b8d5a9e,"{""centroid_threshold_pct"": 0.4, ""crop_size"": 64, ""intensity_p_high"": 99, ""intensity_p_low"": 1, ""target_spacing_mm"": 2.9}",1785260369.8749068,cached,,0.0,1.0,0.22946104407310486,0.2536211311817169,0.8440895080566406,True,high_intensity_touches_boundary:y
tn29tnyf,c:\Users\myben\OneDrive\Documents\GitHub\DaT-Parkinson\niftis\tn29tnyf.nii.gz,c:\Users\myben\OneDrive\Documents\GitHub\DaT-Parkinson\preproc_cache\tn29tnyf_f84f2b8d5a9e.npy,f84f2b8d5a9e,"{""centroid_threshold_pct"": 0.4, ""crop_size"": 64, ""intensity_p_high"": 99, ""intensity_p_low"": 1, ""target_spacing_mm"": 2.9}",1785260375.0834076,cached,,0.0,1.0,0.24678067862987518,0.2818731665611267,0.8576698303222656,True,high_intensity_touches_boundary:y
m7vh30qb,c:\Users\myben\OneDrive\Documents\GitHub\DaT-Parkinson\niftis\m7vh30qb.nii.gz,c:\Users\myben\OneDrive\Documents\GitHub\DaT-Parkinson\preproc_cache\m7vh30qb_f84f2b8d5a9e.npy,f84f2b8d5a9e,"{""centroid_threshold_pct"": 0.4, ""crop_size"": 64, ""intensity_p_high"": 99, ""intensity_p_low"": 1, ""target_spacing_mm"": 2.9}",1785260371.0924964,cached,,0.0,1.0,0.25549423694610596,0.2585989534854889,0.8229522705078125,True,high_intensity_touches_boundary:y
kern6yjm,c:\Users\myben\OneDrive\Documents\GitHub\DaT-Parkinson\niftis\kern6yjm.nii.gz,c:\Users\myben\OneDrive\Documents\GitHub\DaT-Parkinson\preproc_cache\kern6yjm_f84f2b8d5a9e.npy,f84f2b8d5a9e,"{""centroid_threshold_pct"": 0.4, ""crop_size"": 64, ""intensity_p_high"": 99, ""intensity_p_low"": 1, ""target_spacing_mm"": 2.9}",1785260370.290068,cached,,0.0,1.0,0.22709982097148895,0.2516642212867737,0.8553962707519531,True,high_intensity_touches_boundary:y
k3tgmalw,c:\Users\myben\OneDrive\Documents\GitHub\DaT-Parkinson\niftis\k3tgmalw.nii.gz,c:\Users\myben\OneDrive\Documents\GitHub\DaT-Parkinson\preproc_cache\k3tgmalw_f84f2b8d5a9e.npy,f84f2b8d5a9e,"{""centroid_threshold_pct"": 0.4, ""crop_size"": 64, ""intensity_p_high"": 99, ""intensity_p_low"": 1, ""target_spacing_mm"": 2.9}",1785260370.0784192,cached,,0.0,1.0,0.2679552435874939,0.26809975504875183,0.8202362060546875,True,"high_intensity_touches_boundary:y,z"
vmb0idd0,c:\Users\myben\OneDrive\Documents\GitHub\DaT-Parkinson\niftis\vmb0idd0.nii.gz,c:\Users\myben\OneDrive\Documents\GitHub\DaT-Parkinson\preproc_cache\vmb0idd0_f84f2b8d5a9e.npy,f84f2b8d5a9e,"{""centroid_threshold_pct"": 0.4, ""crop_size"": 64, ""intensity_p_high"": 99, ""intensity_p_low"": 1, ""target_spacing_mm"": 2.9}",1785260376.2307177,cached,,0.0,1.0,0.22710126638412476,0.26912960410118103,0.7878761291503906,True,high_intensity_touches_boundary:y
wpj8yi34,c:\Users\myben\OneDrive\Documents\GitHub\DaT-Parkinson\niftis\wpj8yi34.nii.gz,c:\Users\myben\OneDrive\Documents\GitHub\DaT-Parkinson\preproc_cache\wpj8yi34_f84f2b8d5a9e.npy,f84f2b8d5a9e,"{""centroid_threshold_pct"": 0.4, ""crop_size"": 64, ""intensity_p_high"": 99, ""intensity_p_low"": 1, ""target_spacing_mm"": 2.9}",1785260376.7703762,cached,,0.0,1.0,0.2757243812084198,0.2877088487148285,0.866607666015625,True,high_intensity_touches_boundary:y
0sqcnf9w,c:\Users\myben\OneDrive\Documents\GitHub\DaT-Parkinson\niftis\0sqcnf9w.nii.gz,c:\Users\myben\OneDrive\Documents\GitHub\DaT-Parkinson\preproc_cache\0sqcnf9w_f84f2b8d5a9e.npy,f84f2b8d5a9e,"{""centroid_threshold_pct"": 0.4, ""crop_size"": 64, ""intensity_p_high"": 99, ""intensity_p_low"": 1, ""target_spacing_mm"": 2.9}",1785260359.6061218,cached,,0.0,1.0,0.23060113191604614,0.21505223214626312,0.8463134765625,True,"high_intensity_touches_boundary:x,y"
5n9c70pa,c:\Users\myben\OneDrive\Documents\GitHub\DaT-Parkinson\niftis\5n9c70pa.nii.gz,c:\Users\myben\OneDrive\Documents\GitHub\DaT-Parkinson\preproc_cache\5n9c70pa_f84f2b8d5a9e.npy,f84f2b8d5a9e,"{""centroid_threshold_pct"": 0.4, ""crop_size"": 64, ""intensity_p_high"": 99, ""intensity_p_low"": 1, ""target_spacing_mm"": 2.9}",1785260362.4164464,cached,,0.0,1.0,0.28275734186172485,0.2667062282562256,0.8571929931640625,True,high_intensity_touches_boundary:y
8jx54peg,c:\Users\myben\OneDrive\Documents\GitHub\DaT-Parkinson\niftis\8jx54peg.nii.gz,c:\Users\myben\OneDrive\Documents\GitHub\DaT-Parkinson\preproc_cache\8jx54peg_f84f2b8d5a9e.npy,f84f2b8d5a9e,"{""centroid_threshold_pct"": 0.4, ""crop_size"": 64, ""intensity_p_high"": 99, ""intensity_p_low"": 1, ""target_spacing_mm"": 2.9}",1785260363.831209,cached,,0.0,1.0,0.21344223618507385,0.25134754180908203,0.8569259643554688,True,
jks4i2nr,c:\Users\myben\OneDrive\Documents\GitHub\DaT-Parkinson\niftis\jks4i2nr.nii.gz,c:\Users\myben\OneDrive\Documents\GitHub\DaT-Parkinson\preproc_cache\jks4i2nr_f84f2b8d5a9e.npy,f84f2b8d5a9e,"{""centroid_threshold_pct"": 0.4, ""crop_size"": 64, ""intensity_p_high"": 99, ""intensity_p_low"": 1, ""target_spacing_mm"": 2.9}",1785260369.7445612,cached,,0.0,1.0,0.2552240490913391,0.2544512450695038,0.8302803039550781,True,high_intensity_touches_boundary:y
1p02jyv6,c:\Users\myben\OneDrive\Documents\GitHub\DaT-Parkinson\niftis\1p02jyv6.nii.gz,c:\Users\myben\OneDrive\Documents\GitHub\DaT-Parkinson\preproc_cache\1p02jyv6_f84f2b8d5a9e.npy,f84f2b8d5a9e,"{""centroid_threshold_pct"": 0.4, ""crop_size"": 64, ""intensity_p_high"": 99, ""intensity_p_low"": 1, ""target_spacing_mm"": 2.9}",1785260360.13986,cached,,0.0,1.0,0.23640525341033936,0.28055527806282043,0.796722412109375,True,
yjoaoejv,c:\Users\myben\OneDrive\Documents\GitHub\DaT-Parkinson\niftis\yjoaoejv.nii.gz,c:\Users\myben\OneDrive\Documents\GitHub\DaT-Parkinson\preproc_cache\yjoaoejv_f84f2b8d5a9e.npy,f84f2b8d5a9e,"{""centroid_threshold_pct"": 0.4, ""crop_size"": 64, ""intensity_p_high"": 99, ""intensity_p_low"": 1, ""target_spacing_mm"": 2.9}",1785260377.7991543,cached,,0.0,1.0,0.23932507634162903,0.24206064641475677,0.8451728820800781,True,high_intensity_touches_boundary:y
9lhalckz,c:\Users\myben\OneDrive\Documents\GitHub\DaT-Parkinson\niftis\9lhalckz.nii.gz,c:\Users\myben\OneDrive\Documents\GitHub\DaT-Parkinson\preproc_cache\9lhalckz_f84f2b8d5a9e.npy,f84f2b8d5a9e,"{""centroid_threshold_pct"": 0.4, ""crop_size"": 64, ""intensity_p_high"": 99, ""intensity_p_low"": 1, ""target_spacing_mm"": 2.9}",1785260364.3026285,cached,,0.0,1.0,0.24482308328151703,0.26192066073417664,0.8514137268066406,True,high_intensity_touches_boundary:y
3vwlo7am,c:\Users\myben\OneDrive\Documents\GitHub\DaT-Parkinson\niftis\3vwlo7am.nii.gz,c:\Users\myben\OneDrive\Documents\GitHub\DaT-Parkinson\preproc_cache\3vwlo7am_f84f2b8d5a9e.npy,f84f2b8d5a9e,"{""centroid_threshold_pct"": 0.4, ""crop_size"": 64, ""intensity_p_high"": 99, ""intensity_p_low"": 1, ""target_spacing_mm"": 2.9}",1785260361.3773296,cached,,0.0,1.0,0.2596043050289154,0.2714745104312897,0.87432861328125,True,high_intensity_touches_boundary:y
mpq0hzyj,c:\Users\myben\OneDrive\Documents\GitHub\DaT-Parkinson\niftis\mpq0hzyj.nii.gz,c:\Users\myben\OneDrive\Documents\GitHub\DaT-Parkinson\preproc_cache\mpq0hzyj_f84f2b8d5a9e.npy,f84f2b8d5a9e,"{""centroid_threshold_pct"": 0.4, ""crop_size"": 64, ""intensity_p_high"": 99, ""intensity_p_low"": 1, ""target_spacing_mm"": 2.9}",1785260371.240913,cached,,0.0,1.0,0.24146997928619385,0.25316137075424194,0.833160400390625,True,high_intensity_touches_boundary:y
b48wumh9,c:\Users\myben\OneDrive\Documents\GitHub\DaT-Parkinson\niftis\b48wumh9.nii.gz,c:\Users\myben\OneDrive\Documents\GitHub\DaT-Parkinson\preproc_cache\b48wumh9_f84f2b8d5a9e.npy,f84f2b8d5a9e,"{""centroid_threshold_pct"": 0.4, ""crop_size"": 64, ""intensity_p_high"": 99, ""intensity_p_low"": 1, ""target_spacing_mm"": 2.9}",1785260364.9307976,cached,,0.0,1.0,0.2522469162940979,0.25474467873573303,0.8514595031738281,True,high_intensity_touches_boundary:y
nklybwgm,c:\Users\myben\OneDrive\Documents\GitHub\DaT-Parkinson\niftis\nklybwgm.nii.gz,c:\Users\myben\OneDrive\Documents\GitHub\DaT-Parkinson\preproc_cache\nklybwgm_f84f2b8d5a9e.npy,f84f2b8d5a9e,"{""centroid_threshold_pct"": 0.4, ""crop_size"": 64, ""intensity_p_high"": 99, ""intensity_p_low"": 1, ""target_spacing_mm"": 2.9}",1785260371.8035495,cached,,0.0,1.0,0.2636330723762512,0.25007733702659607,0.8700180053710938,True,high_intensity_touches_boundary:y
p9a9uri7,c:\Users\myben\OneDrive\Documents\GitHub\DaT-Parkinson\niftis\p9a9uri7.nii.gz,c:\Users\myben\OneDrive\Documents\GitHub\DaT-Parkinson\preproc_cache\p9a9uri7_f84f2b8d5a9e.npy,f84f2b8d5a9e,"{""centroid_threshold_pct"": 0.4, ""crop_size"": 64, ""intensity_p_high"": 99, ""intensity_p_low"": 1, ""target_spacing_mm"": 2.9}",1785260372.7880583,cached,,0.0,1.0,0.27413827180862427,0.2708790898323059,0.8861007690429688,True,high_intensity_touches_boundary:y
ev4dh9ug,c:\Users\myben\OneDrive\Documents\GitHub\DaT-Parkinson\niftis\ev4dh9ug.nii.gz,c:\Users\myben\OneDrive\Documents\GitHub\DaT-Parkinson\preproc_cache\ev4dh9ug_f84f2b8d5a9e.npy,f84f2b8d5a9e,"{""centroid_threshold_pct"": 0.4, ""crop_size"": 64, ""intensity_p_high"": 99, ""intensity_p_low"": 1, ""target_spacing_mm"": 2.9}",1785260367.3937144,cached,,0.0,1.0,0.23707804083824158,0.2820979356765747,0.7876701354980469,True,high_intensity_touches_boundary:y
f10oo1pv,c:\Users\myben\OneDrive\Documents\GitHub\DaT-Parkinson\niftis\f10oo1pv.nii.gz,c:\Users\myben\OneDrive\Documents\GitHub\DaT-Parkinson\preproc_cache\f10oo1pv_f84f2b8d5a9e.npy,f84f2b8d5a9e,"{""centroid_threshold_pct"": 0.4, ""crop_size"": 64, ""intensity_p_high"": 99, ""intensity_p_low"": 1, ""target_spacing_mm"": 2.9}",1785260367.4377706,cached,,0.0,1.0,0.2547973394393921,0.23905198276042938,0.880096435546875,True,high_intensity_touches_boundary:y
lnd581lt,c:\Users\myben\OneDrive\Documents\GitHub\DaT-Parkinson\niftis\lnd581lt.nii.gz,c:\Users\myben\OneDrive\Documents\GitHub\DaT-Parkinson\preproc_cache\lnd581lt_f84f2b8d5a9e.npy,f84f2b8d5a9e,"{""centroid_threshold_pct"": 0.4, ""crop_size"": 64, ""intensity_p_high"": 99, ""intensity_p_low"": 1, ""target_spacing_mm"": 2.9}",1785260370.8192506,cached,,0.0,1.0,0.2695479989051819,0.27131569385528564,0.8616905212402344,True,high_intensity_touches_boundary:y
o4rq3q7g,c:\Users\myben\OneDrive\Documents\GitHub\DaT-Parkinson\niftis\o4rq3q7g.nii.gz,c:\Users\myben\OneDrive\Documents\GitHub\DaT-Parkinson\preproc_cache\o4rq3q7g_f84f2b8d5a9e.npy,f84f2b8d5a9e,"{""centroid_threshold_pct"": 0.4, ""crop_size"": 64, ""intensity_p_high"": 99, ""intensity_p_low"": 1, ""target_spacing_mm"": 2.9}",1785260372.132987,cached,,0.0,1.0,0.24747371673583984,0.24350425601005554,0.8848533630371094,True,high_intensity_touches_boundary:y
ktmqg6nx,c:\Users\myben\OneDrive\Documents\GitHub\DaT-Parkinson\niftis\ktmqg6nx.nii.gz,c:\Users\myben\OneDrive\Documents\GitHub\DaT-Parkinson\preproc_cache\ktmqg6nx_f84f2b8d5a9e.npy,f84f2b8d5a9e,"{""centroid_threshold_pct"": 0.4, ""crop_size"": 64, ""intensity_p_high"": 99, ""intensity_p_low"": 1, ""target_spacing_mm"": 2.9}",1785260370.5252519,cached,,0.0,1.0,0.23570135235786438,0.26098543405532837,0.8275146484375,True,high_intensity_touches_boundary:y
9owwew9v,c:\Users\myben\OneDrive\Documents\GitHub\DaT-Parkinson\niftis\9owwew9v.nii.gz,c:\Users\myben\OneDrive\Documents\GitHub\DaT-Parkinson\preproc_cache\9owwew9v_f84f2b8d5a9e.npy,f84f2b8d5a9e,"{""centroid_threshold_pct"": 0.4, ""crop_size"": 64, ""intensity_p_high"": 99, ""intensity_p_low"": 1, ""target_spacing_mm"": 2.9}",1785260364.386186,cached,,0.0,1.0,0.20769689977169037,0.2473360151052475,0.8668594360351562,True,
08liuqdn,c:\Users\myben\OneDrive\Documents\GitHub\DaT-Parkinson\niftis\08liuqdn.nii.gz,c:\Users\myben\OneDrive\Documents\GitHub\DaT-Parkinson\preproc_cache\08liuqdn_f84f2b8d5a9e.npy,f84f2b8d5a9e,"{""centroid_threshold_pct"": 0.4, ""crop_size"": 64, ""intensity_p_high"": 99, ""intensity_p_low"": 1, ""target_spacing_mm"": 2.9}",1785260359.2721882,cached,,0.0,1.0,0.2623136043548584,0.24840521812438965,0.8686561584472656,True,high_intensity_touches_boundary:y
05xt54fn,c:\Users\myben\OneDrive\Documents\GitHub\DaT-Parkinson\niftis\05xt54fn.nii.gz,c:\Users\myben\OneDrive\Documents\GitHub\DaT-Parkinson\preproc_cache\05xt54fn_f84f2b8d5a9e.npy,f84f2b8d5a9e,"{""centroid_threshold_pct"": 0.4, ""crop_size"": 64, ""intensity_p_high"": 99, ""intensity_p_low"": 1, ""target_spacing_mm"": 2.9}",1785260359.1883419,cached,,0.0,1.0,0.2517191767692566,0.2687811553478241,0.8533744812011719,True,high_intensity_touches_boundary:y
5g77lk6h,c:\Users\myben\OneDrive\Documents\GitHub\DaT-Parkinson\niftis\5g77lk6h.nii.gz,c:\Users\myben\OneDrive\Documents\GitHub\DaT-Parkinson\preproc_cache\5g77lk6h_f84f2b8d5a9e.npy,f84f2b8d5a9e,"{""centroid_threshold_pct"": 0.4, ""crop_size"": 64, ""intensity_p_high"": 99, ""intensity_p_low"": 1, ""target_spacing_mm"": 2.9}",1785260362.318627,cached,,0.0,1.0,0.2452785074710846,0.28546592593193054,0.8345451354980469,True,high_intensity_touches_boundary:y
qiv929se,c:\Users\myben\OneDrive\Documents\GitHub\DaT-Parkinson\niftis\qiv929se.nii.gz,c:\Users\myben\OneDrive\Documents\GitHub\DaT-Parkinson\preproc_cache\qiv929se_f84f2b8d5a9e.npy,f84f2b8d5a9e,"{""centroid_threshold_pct"": 0.4, ""crop_size"": 64, ""intensity_p_high"": 99, ""intensity_p_low"": 1, ""target_spacing_mm"": 2.9}",1785260373.4335778,cached,,0.0,1.0,0.2820594906806946,0.2523237466812134,0.8738632202148438,True,"high_intensity_touches_boundary:y,z"
vl7fq8ab,c:\Users\myben\OneDrive\Documents\GitHub\DaT-Parkinson\niftis\vl7fq8ab.nii.gz,c:\Users\myben\OneDrive\Documents\GitHub\DaT-Parkinson\preproc_cache\vl7fq8ab_f84f2b8d5a9e.npy,f84f2b8d5a9e,"{""centroid_threshold_pct"": 0.4, ""crop_size"": 64, ""intensity_p_high"": 99, ""intensity_p_low"": 1, ""target_spacing_mm"": 2.9}",1785260376.2110322,cached,,0.0,1.0,0.2975649833679199,0.2642029821872711,0.8761863708496094,True,high_intensity_touches_boundary:y
y595cpjz,c:\Users\myben\OneDrive\Documents\GitHub\DaT-Parkinson\niftis\y595cpjz.nii.gz,c:\Users\myben\OneDrive\Documents\GitHub\DaT-Parkinson\preproc_cache\y595cpjz_f84f2b8d5a9e.npy,f84f2b8d5a9e,"{""centroid_threshold_pct"": 0.4, ""crop_size"": 64, ""intensity_p_high"": 99, ""intensity_p_low"": 1, ""target_spacing_mm"": 2.9}",1785260377.5985804,cached,,0.0,1.0,0.27055150270462036,0.23588833212852478,0.9034843444824219,True,high_intensity_touches_boundary:y
e1xtar0k,c:\Users\myben\OneDrive\Documents\GitHub\DaT-Parkinson\niftis\e1xtar0k.nii.gz,c:\Users\myben\OneDrive\Documents\GitHub\DaT-Parkinson\preproc_cache\e1xtar0k_f84f2b8d5a9e.npy,f84f2b8d5a9e,"{""centroid_threshold_pct"": 0.4, ""crop_size"": 64, ""intensity_p_high"": 99, ""intensity_p_low"": 1, ""target_spacing_mm"": 2.9}",1785260366.6745203,cached,,0.0,1.0,0.21061551570892334,0.26014870405197144,0.7883262634277344,True,high_intensity_touches_boundary:y
o31nzsxp,c:\Users\myben\OneDrive\Documents\GitHub\DaT-Parkinson\niftis\o31nzsxp.nii.gz,c:\Users\myben\OneDrive\Documents\GitHub\DaT-Parkinson\preproc_cache\o31nzsxp_f84f2b8d5a9e.npy,f84f2b8d5a9e,"{""centroid_threshold_pct"": 0.4, ""crop_size"": 64, ""intensity_p_high"": 99, ""intensity_p_low"": 1, ""target_spacing_mm"": 2.9}",1785260372.0984306,cached,,0.0,1.0,0.2792150378227234,0.23588736355304718,0.9277610778808594,True,high_intensity_touches_boundary:y
efj31ego,c:\Users\myben\OneDrive\Documents\GitHub\DaT-Parkinson\niftis\efj31ego.nii.gz,c:\Users\myben\OneDrive\Documents\GitHub\DaT-Parkinson\preproc_cache\efj31ego_f84f2b8d5a9e.npy,f84f2b8d5a9e,"{""centroid_threshold_pct"": 0.4, ""crop_size"": 64, ""intensity_p_high"": 99, ""intensity_p_low"": 1, ""target_spacing_mm"": 2.9}",1785260366.943637,cached,,0.0,1.0,0.2624744772911072,0.2589702308177948,0.8729209899902344,True,high_intensity_touches_boundary:y
m62hdxc6,c:\Users\myben\OneDrive\Documents\GitHub\DaT-Parkinson\niftis\m62hdxc6.nii.gz,c:\Users\myben\OneDrive\Documents\GitHub\DaT-Parkinson\preproc_cache\m62hdxc6_f84f2b8d5a9e.npy,f84f2b8d5a9e,"{""centroid_threshold_pct"": 0.4, ""crop_size"": 64, ""intensity_p_high"": 99, ""intensity_p_low"": 1, ""target_spacing_mm"": 2.9}",1785260371.0492282,cached,,0.0,1.0,0.26251932978630066,0.2390947788953781,0.9217872619628906,True,high_intensity_touches_boundary:y
rijkq2zu,c:\Users\myben\OneDrive\Documents\GitHub\DaT-Parkinson\niftis\rijkq2zu.nii.gz,c:\Users\myben\OneDrive\Documents\GitHub\DaT-Parkinson\preproc_cache\rijkq2zu_f84f2b8d5a9e.npy,f84f2b8d5a9e,"{""centroid_threshold_pct"": 0.4, ""crop_size"": 64, ""intensity_p_high"": 99, ""intensity_p_low"": 1, ""target_spacing_mm"": 2.9}",1785260373.9525044,cached,,0.0,1.0,0.26362287998199463,0.24650003015995026,0.8609199523925781,True,high_intensity_touches_boundary:y
v1fkhnnk,c:\Users\myben\OneDrive\Documents\GitHub\DaT-Parkinson\niftis\v1fkhnnk.nii.gz,c:\Users\myben\OneDrive\Documents\GitHub\DaT-Parkinson\preproc_cache\v1fkhnnk_f84f2b8d5a9e.npy,f84f2b8d5a9e,"{""centroid_threshold_pct"": 0.4, ""crop_size"": 64, ""intensity_p_high"": 99, ""intensity_p_low"": 1, ""target_spacing_mm"": 2.9}",1785260375.798282,cached,,0.0,1.0,0.2091185599565506,0.21361471712589264,0.8422355651855469,True,high_intensity_touches_boundary:y
8fwrpk0z,c:\Users\myben\OneDrive\Documents\GitHub\DaT-Parkinson\niftis\8fwrpk0z.nii.gz,c:\Users\myben\OneDrive\Documents\GitHub\DaT-Parkinson\preproc_cache\8fwrpk0z_f84f2b8d5a9e.npy,f84f2b8d5a9e,"{""centroid_threshold_pct"": 0.4, ""crop_size"": 64, ""intensity_p_high"": 99, ""intensity_p_low"": 1, ""target_spacing_mm"": 2.9}",1785260363.7668054,cached,,0.0,1.0,0.20747143030166626,0.23621709644794464,0.8853302001953125,True,high_intensity_touches_boundary:y
fknwbhkv,c:\Users\myben\OneDrive\Documents\GitHub\DaT-Parkinson\niftis\fknwbhkv.nii.gz,c:\Users\myben\OneDrive\Documents\GitHub\DaT-Parkinson\preproc_cache\fknwbhkv_f84f2b8d5a9e.npy,f84f2b8d5a9e,"{""centroid_threshold_pct"": 0.4, ""crop_size"": 64, ""intensity_p_high"": 99, ""intensity_p_low"": 1, ""target_spacing_mm"": 2.9}",1785260367.707384,cached,,0.0,1.0,0.2521193027496338,0.2738398313522339,0.8363876342773438,True,high_intensity_touches_boundary:y
jz09owgm,c:\Users\myben\OneDrive\Documents\GitHub\DaT-Parkinson\niftis\jz09owgm.nii.gz,c:\Users\myben\OneDrive\Documents\GitHub\DaT-Parkinson\preproc_cache\jz09owgm_f84f2b8d5a9e.npy,f84f2b8d5a9e,"{""centroid_threshold_pct"": 0.4, ""crop_size"": 64, ""intensity_p_high"": 99, ""intensity_p_low"": 1, ""target_spacing_mm"": 2.9}",1785260369.9039106,cached,,0.0,1.0,0.24865910410881042,0.21935103833675385,0.8660049438476562,True,"high_intensity_touches_boundary:x,y,z"
f4ln5rgs,c:\Users\myben\OneDrive\Documents\GitHub\DaT-Parkinson\niftis\f4ln5rgs.nii.gz,c:\Users\myben\OneDrive\Documents\GitHub\DaT-Parkinson\preproc_cache\f4ln5rgs_f84f2b8d5a9e.npy,f84f2b8d5a9e,"{""centroid_threshold_pct"": 0.4, ""crop_size"": 64, ""intensity_p_high"": 99, ""intensity_p_low"": 1, ""target_spacing_mm"": 2.9}",1785260367.490333,cached,,0.0,1.0,0.2722724974155426,0.2737226188182831,0.8950080871582031,True,high_intensity_touches_boundary:y
g6a8mlik,c:\Users\myben\OneDrive\Documents\GitHub\DaT-Parkinson\niftis\g6a8mlik.nii.gz,c:\Users\myben\OneDrive\Documents\GitHub\DaT-Parkinson\preproc_cache\g6a8mlik_f84f2b8d5a9e.npy,f84f2b8d5a9e,"{""centroid_threshold_pct"": 0.4, ""crop_size"": 64, ""intensity_p_high"": 99, ""intensity_p_low"": 1, ""target_spacing_mm"": 2.9}",1785260368.0132115,cached,,0.0,1.0,0.2935437560081482,0.2640340030193329,0.8819923400878906,True,high_intensity_touches_boundary:y
22xmq664,c:\Users\myben\OneDrive\Documents\GitHub\DaT-Parkinson\niftis\22xmq664.nii.gz,c:\Users\myben\OneDrive\Documents\GitHub\DaT-Parkinson\preproc_cache\22xmq664_f84f2b8d5a9e.npy,f84f2b8d5a9e,"{""centroid_threshold_pct"": 0.4, ""crop_size"": 64, ""intensity_p_high"": 99, ""intensity_p_low"": 1, ""target_spacing_mm"": 2.9}",1785260360.3421278,cached,,0.0,1.0,0.2574363350868225,0.26569390296936035,0.8790397644042969,True,high_intensity_touches_boundary:y
42sihxod,c:\Users\myben\OneDrive\Documents\GitHub\DaT-Parkinson\niftis\42sihxod.nii.gz,c:\Users\myben\OneDrive\Documents\GitHub\DaT-Parkinson\preproc_cache\42sihxod_f84f2b8d5a9e.npy,f84f2b8d5a9e,"{""centroid_threshold_pct"": 0.4, ""crop_size"": 64, ""intensity_p_high"": 99, ""intensity_p_low"": 1, ""target_spacing_mm"": 2.9}",1785260361.4770372,cached,,0.0,1.0,0.24684283137321472,0.27269086241722107,0.8431510925292969,True,high_intensity_touches_boundary:y
lctt058c,c:\Users\myben\OneDrive\Documents\GitHub\DaT-Parkinson\niftis\lctt058c.nii.gz,c:\Users\myben\OneDrive\Documents\GitHub\DaT-Parkinson\preproc_cache\lctt058c_f84f2b8d5a9e.npy,f84f2b8d5a9e,"{""centroid_threshold_pct"": 0.4, ""crop_size"": 64, ""intensity_p_high"": 99, ""intensity_p_low"": 1, ""target_spacing_mm"": 2.9}",1785260370.713795,cached,,0.0,1.0,0.24489864706993103,0.26593950390815735,0.8347053527832031,True,high_intensity_touches_boundary:y
uij0yxiy,c:\Users\myben\OneDrive\Documents\GitHub\DaT-Parkinson\niftis\uij0yxiy.nii.gz,c:\Users\myben\OneDrive\Documents\GitHub\DaT-Parkinson\preproc_cache\uij0yxiy_f84f2b8d5a9e.npy,f84f2b8d5a9e,"{""centroid_threshold_pct"": 0.4, ""crop_size"": 64, ""intensity_p_high"": 99, ""intensity_p_low"": 1, ""target_spacing_mm"": 2.9}",1785260375.5361261,cached,,0.0,1.0,0.23733073472976685,0.2571173310279846,0.85455322265625,True,high_intensity_touches_boundary:y
qbvtdg3c,c:\Users\myben\OneDrive\Documents\GitHub\DaT-Parkinson\niftis\qbvtdg3c.nii.gz,c:\Users\myben\OneDrive\Documents\GitHub\DaT-Parkinson\preproc_cache\qbvtdg3c_f84f2b8d5a9e.npy,f84f2b8d5a9e,"{""centroid_threshold_pct"": 0.4, ""crop_size"": 64, ""intensity_p_high"": 99, ""intensity_p_low"": 1, ""target_spacing_mm"": 2.9}",1785260373.3168907,cached,,0.0,1.0,0.26092100143432617,0.24716222286224365,0.9178962707519531,True,high_intensity_touches_boundary:y
6scivuqt,c:\Users\myben\OneDrive\Documents\GitHub\DaT-Parkinson\niftis\6scivuqt.nii.gz,c:\Users\myben\OneDrive\Documents\GitHub\DaT-Parkinson\preproc_cache\6scivuqt_f84f2b8d5a9e.npy,f84f2b8d5a9e,"{""centroid_threshold_pct"": 0.4, ""crop_size"": 64, ""intensity_p_high"": 99, ""intensity_p_low"": 1, ""target_spacing_mm"": 2.9}",1785260362.963215,cached,,0.0,1.0,0.30454832315444946,0.2622472643852234,0.9338264465332031,True,high_intensity_touches_boundary:y
2lwhedht,c:\Users\myben\OneDrive\Documents\GitHub\DaT-Parkinson\niftis\2lwhedht.nii.gz,c:\Users\myben\OneDrive\Documents\GitHub\DaT-Parkinson\preproc_cache\2lwhedht_f84f2b8d5a9e.npy,f84f2b8d5a9e,"{""centroid_threshold_pct"": 0.4, ""crop_size"": 64, ""intensity_p_high"": 99, ""intensity_p_low"": 1, ""target_spacing_mm"": 2.9}",1785260360.6095903,cached,,0.0,1.0,0.23356637358665466,0.25663357973098755,0.8463897705078125,True,high_intensity_touches_boundary:y
hruu5e51,c:\Users\myben\OneDrive\Documents\GitHub\DaT-Parkinson\niftis\hruu5e51.nii.gz,c:\Users\myben\OneDrive\Documents\GitHub\DaT-Parkinson\preproc_cache\hruu5e51_f84f2b8d5a9e.npy,f84f2b8d5a9e,"{""centroid_threshold_pct"": 0.4, ""crop_size"": 64, ""intensity_p_high"": 99, ""intensity_p_low"": 1, ""target_spacing_mm"": 2.9}",1785260368.7793033,cached,,0.0,1.0,0.25517579913139343,0.24728071689605713,0.83465576171875,True,high_intensity_touches_boundary:y
h3wqa1vr,c:\Users\myben\OneDrive\Documents\GitHub\DaT-Parkinson\niftis\h3wqa1vr.nii.gz,c:\Users\myben\OneDrive\Documents\GitHub\DaT-Parkinson\preproc_cache\h3wqa1vr_f84f2b8d5a9e.npy,f84f2b8d5a9e,"{""centroid_threshold_pct"": 0.4, ""crop_size"": 64, ""intensity_p_high"": 99, ""intensity_p_low"": 1, ""target_spacing_mm"": 2.9}",1785260368.587669,cached,,0.0,1.0,0.2515961527824402,0.25063735246658325,0.8391609191894531,True,high_intensity_touches_boundary:y
gss8k5ij,c:\Users\myben\OneDrive\Documents\GitHub\DaT-Parkinson\niftis\gss8k5ij.nii.gz,c:\Users\myben\OneDrive\Documents\GitHub\DaT-Parkinson\preproc_cache\gss8k5ij_f84f2b8d5a9e.npy,f84f2b8d5a9e,"{""centroid_threshold_pct"": 0.4, ""crop_size"": 64, ""intensity_p_high"": 99, ""intensity_p_low"": 1, ""target_spacing_mm"": 2.9}",1785260368.417276,cached,,0.0,1.0,0.2051430344581604,0.21784436702728271,0.8730697631835938,True,
ulp98rl9,c:\Users\myben\OneDrive\Documents\GitHub\DaT-Parkinson\niftis\ulp98rl9.nii.gz,c:\Users\myben\OneDrive\Documents\GitHub\DaT-Parkinson\preproc_cache\ulp98rl9_f84f2b8d5a9e.npy,f84f2b8d5a9e,"{""centroid_threshold_pct"": 0.4, ""crop_size"": 64, ""intensity_p_high"": 99, ""intensity_p_low"": 1, ""target_spacing_mm"": 2.9}",1785260375.5987542,cached,,0.0,1.0,0.25896257162094116,0.25659969449043274,0.9202156066894531,True,high_intensity_touches_boundary:y
qfcpk7pw,c:\Users\myben\OneDrive\Documents\GitHub\DaT-Parkinson\niftis\qfcpk7pw.nii.gz,c:\Users\myben\OneDrive\Documents\GitHub\DaT-Parkinson\preproc_cache\qfcpk7pw_f84f2b8d5a9e.npy,f84f2b8d5a9e,"{""centroid_threshold_pct"": 0.4, ""crop_size"": 64, ""intensity_p_high"": 99, ""intensity_p_low"": 1, ""target_spacing_mm"": 2.9}",1785260373.3844416,cached,,0.0,1.0,0.2618899345397949,0.26700687408447266,0.8378753662109375,True,high_intensity_touches_boundary:y
tg21hslt,c:\Users\myben\OneDrive\Documents\GitHub\DaT-Parkinson\niftis\tg21hslt.nii.gz,c:\Users\myben\OneDrive\Documents\GitHub\DaT-Parkinson\preproc_cache\tg21hslt_f84f2b8d5a9e.npy,f84f2b8d5a9e,"{""centroid_threshold_pct"": 0.4, ""crop_size"": 64, ""intensity_p_high"": 99, ""intensity_p_low"": 1, ""target_spacing_mm"": 2.9}",1785260374.9830413,cached,,0.0,1.0,0.2817304730415344,0.2847238779067993,0.8658256530761719,True,high_intensity_touches_boundary:y
dkvuff12,c:\Users\myben\OneDrive\Documents\GitHub\DaT-Parkinson\niftis\dkvuff12.nii.gz,c:\Users\myben\OneDrive\Documents\GitHub\DaT-Parkinson\preproc_cache\dkvuff12_f84f2b8d5a9e.npy,f84f2b8d5a9e,"{""centroid_threshold_pct"": 0.4, ""crop_size"": 64, ""intensity_p_high"": 99, ""intensity_p_low"": 1, ""target_spacing_mm"": 2.9}",1785260366.4679792,cached,,0.0,1.0,0.24736782908439636,0.25774601101875305,0.8890800476074219,True,high_intensity_touches_boundary:y
4vf89x22,c:\Users\myben\OneDrive\Documents\GitHub\DaT-Parkinson\niftis\4vf89x22.nii.gz,c:\Users\myben\OneDrive\Documents\GitHub\DaT-Parkinson\preproc_cache\4vf89x22_f84f2b8d5a9e.npy,f84f2b8d5a9e,"{""centroid_threshold_pct"": 0.4, ""crop_size"": 64, ""intensity_p_high"": 99, ""intensity_p_low"": 1, ""target_spacing_mm"": 2.9}",1785260362.011388,cached,,0.0,1.0,0.26230621337890625,0.25385570526123047,0.8448677062988281,True,"high_intensity_touches_boundary:y,z"
j7q4kfmm,c:\Users\myben\OneDrive\Documents\GitHub\DaT-Parkinson\niftis\j7q4kfmm.nii.gz,c:\Users\myben\OneDrive\Documents\GitHub\DaT-Parkinson\preproc_cache\j7q4kfmm_f84f2b8d5a9e.npy,f84f2b8d5a9e,"{""centroid_threshold_pct"": 0.4, ""crop_size"": 64, ""intensity_p_high"": 99, ""intensity_p_low"": 1, ""target_spacing_mm"": 2.9}",1785260369.4522934,cached,,0.0,1.0,0.22942012548446655,0.2557506561279297,0.8446578979492188,True,high_intensity_touches_boundary:y
0qpop1o8,c:\Users\myben\OneDrive\Documents\GitHub\DaT-Parkinson\niftis\0qpop1o8.nii.gz,c:\Users\myben\OneDrive\Documents\GitHub\DaT-Parkinson\preproc_cache\0qpop1o8_f84f2b8d5a9e.npy,f84f2b8d5a9e,"{""centroid_threshold_pct"": 0.4, ""crop_size"": 64, ""intensity_p_high"": 99, ""intensity_p_low"": 1, ""target_spacing_mm"": 2.9}",1785260359.578951,cached,,0.0,1.0,0.2802638113498688,0.24887773394584656,0.8829536437988281,True,"high_intensity_touches_boundary:y,z"
m291azhz,c:\Users\myben\OneDrive\Documents\GitHub\DaT-Parkinson\niftis\m291azhz.nii.gz,c:\Users\myben\OneDrive\Documents\GitHub\DaT-Parkinson\preproc_cache\m291azhz_f84f2b8d5a9e.npy,f84f2b8d5a9e,"{""centroid_threshold_pct"": 0.4, ""crop_size"": 64, ""intensity_p_high"": 99, ""intensity_p_low"": 1, ""target_spacing_mm"": 2.9}",1785260371.014783,cached,,0.0,1.0,0.2294674813747406,0.2406730204820633,0.8272476196289062,True,high_intensity_touches_boundary:y
knl2luhh,c:\Users\myben\OneDrive\Documents\GitHub\DaT-Parkinson\niftis\knl2luhh.nii.gz,c:\Users\myben\OneDrive\Documents\GitHub\DaT-Parkinson\preproc_cache\knl2luhh_f84f2b8d5a9e.npy,f84f2b8d5a9e,"{""centroid_threshold_pct"": 0.4, ""crop_size"": 64, ""intensity_p_high"": 99, ""intensity_p_low"": 1, ""target_spacing_mm"": 2.9}",1785260370.442631,cached,,0.0,1.0,0.28026282787323,0.25464072823524475,0.900177001953125,True,high_intensity_touches_boundary:y
s4dilrzq,c:\Users\myben\OneDrive\Documents\GitHub\DaT-Parkinson\niftis\s4dilrzq.nii.gz,c:\Users\myben\OneDrive\Documents\GitHub\DaT-Parkinson\preproc_cache\s4dilrzq_f84f2b8d5a9e.npy,f84f2b8d5a9e,"{""centroid_threshold_pct"": 0.4, ""crop_size"": 64, ""intensity_p_high"": 99, ""intensity_p_low"": 1, ""target_spacing_mm"": 2.9}",1785260374.3526986,cached,,0.0,1.0,0.2818787693977356,0.2717137932777405,0.87152099609375,True,high_intensity_touches_boundary:y
8bxy6rkv,c:\Users\myben\OneDrive\Documents\GitHub\DaT-Parkinson\niftis\8bxy6rkv.nii.gz,c:\Users\myben\OneDrive\Documents\GitHub\DaT-Parkinson\preproc_cache\8bxy6rkv_f84f2b8d5a9e.npy,f84f2b8d5a9e,"{""centroid_threshold_pct"": 0.4, ""crop_size"": 64, ""intensity_p_high"": 99, ""intensity_p_low"": 1, ""target_spacing_mm"": 2.9}",1785260363.6780343,cached,,0.0,1.0,0.27404528856277466,0.2497667819261551,0.9005584716796875,True,high_intensity_touches_boundary:y
ndxjn7de,c:\Users\myben\OneDrive\Documents\GitHub\DaT-Parkinson\niftis\ndxjn7de.nii.gz,c:\Users\myben\OneDrive\Documents\GitHub\DaT-Parkinson\preproc_cache\ndxjn7de_f84f2b8d5a9e.npy,f84f2b8d5a9e,"{""centroid_threshold_pct"": 0.4, ""crop_size"": 64, ""intensity_p_high"": 99, ""intensity_p_low"": 1, ""target_spacing_mm"": 2.9}",1785260371.6279123,cached,,0.0,1.0,0.26351839303970337,0.2534462511539459,0.858062744140625,True,high_intensity_touches_boundary:y
0l1offkh,c:\Users\myben\OneDrive\Documents\GitHub\DaT-Parkinson\niftis\0l1offkh.nii.gz,c:\Users\myben\OneDrive\Documents\GitHub\DaT-Parkinson\preproc_cache\0l1offkh_f84f2b8d5a9e.npy,f84f2b8d5a9e,"{""centroid_threshold_pct"": 0.4, ""crop_size"": 64, ""intensity_p_high"": 99, ""intensity_p_low"": 1, ""target_spacing_mm"": 2.9}",1785260359.5288005,cached,,0.0,1.0,0.26027143001556396,0.25699904561042786,0.9057884216308594,True,high_intensity_touches_boundary:y
diu1jtka,c:\Users\myben\OneDrive\Documents\GitHub\DaT-Parkinson\niftis\diu1jtka.nii.gz,c:\Users\myben\OneDrive\Documents\GitHub\DaT-Parkinson\preproc_cache\diu1jtka_f84f2b8d5a9e.npy,f84f2b8d5a9e,"{""centroid_threshold_pct"": 0.4, ""crop_size"": 64, ""intensity_p_high"": 99, ""intensity_p_low"": 1, ""target_spacing_mm"": 2.9}",1785260366.434145,cached,,0.0,1.0,0.2327907383441925,0.26528558135032654,0.8222694396972656,True,high_intensity_touches_boundary:y
1c2zl46q,c:\Users\myben\OneDrive\Documents\GitHub\DaT-Parkinson\niftis\1c2zl46q.nii.gz,c:\Users\myben\OneDrive\Documents\GitHub\DaT-Parkinson\preproc_cache\1c2zl46q_f84f2b8d5a9e.npy,f84f2b8d5a9e,"{""centroid_threshold_pct"": 0.4, ""crop_size"": 64, ""intensity_p_high"": 99, ""intensity_p_low"": 1, ""target_spacing_mm"": 2.9}",1785260359.9434407,cached,,0.0,1.0,0.24064865708351135,0.2601156532764435,0.8171653747558594,True,high_intensity_touches_boundary:y
5gqqlyzj,c:\Users\myben\OneDrive\Documents\GitHub\DaT-Parkinson\niftis\5gqqlyzj.nii.gz,c:\Users\myben\OneDrive\Documents\GitHub\DaT-Parkinson\preproc_cache\5gqqlyzj_f84f2b8d5a9e.npy,f84f2b8d5a9e,"{""centroid_threshold_pct"": 0.4, ""crop_size"": 64, ""intensity_p_high"": 99, ""intensity_p_low"": 1, ""target_spacing_mm"": 2.9}",1785260362.3342848,cached,,0.0,1.0,0.2281992882490158,0.25401902198791504,0.8425216674804688,True,high_intensity_touches_boundary:y
0aeoorbt,c:\Users\myben\OneDrive\Documents\GitHub\DaT-Parkinson\niftis\0aeoorbt.nii.gz,c:\Users\myben\OneDrive\Documents\GitHub\DaT-Parkinson\preproc_cache\0aeoorbt_f84f2b8d5a9e.npy,f84f2b8d5a9e,"{""centroid_threshold_pct"": 0.4, ""crop_size"": 64, ""intensity_p_high"": 99, ""intensity_p_low"": 1, ""target_spacing_mm"": 2.9}",1785260359.33082,cached,,0.0,1.0,0.3155525326728821,0.255354106426239,0.9374275207519531,True,high_intensity_touches_boundary:y
6sapbs22,c:\Users\myben\OneDrive\Documents\GitHub\DaT-Parkinson\niftis\6sapbs22.nii.gz,c:\Users\myben\OneDrive\Documents\GitHub\DaT-Parkinson\preproc_cache\6sapbs22_f84f2b8d5a9e.npy,f84f2b8d5a9e,"{""centroid_threshold_pct"": 0.4, ""crop_size"": 64, ""intensity_p_high"": 99, ""intensity_p_low"": 1, ""target_spacing_mm"": 2.9}",1785260362.9430845,cached,,0.0,1.0,0.2833126187324524,0.2681974172592163,0.8761405944824219,True,high_intensity_touches_boundary:y
ruw0u92t,c:\Users\myben\OneDrive\Documents\GitHub\DaT-Parkinson\niftis\ruw0u92t.nii.gz,c:\Users\myben\OneDrive\Documents\GitHub\DaT-Parkinson\preproc_cache\ruw0u92t_f84f2b8d5a9e.npy,f84f2b8d5a9e,"{""centroid_threshold_pct"": 0.4, ""crop_size"": 64, ""intensity_p_high"": 99, ""intensity_p_low"": 1, ""target_spacing_mm"": 2.9}",1785260374.1484296,cached,,0.0,1.0,0.2742859125137329,0.24439647793769836,0.8699798583984375,True,high_intensity_touches_boundary:y
24d7v911,c:\Users\myben\OneDrive\Documents\GitHub\DaT-Parkinson\niftis\24d7v911.nii.gz,c:\Users\myben\OneDrive\Documents\GitHub\DaT-Parkinson\preproc_cache\24d7v911_f84f2b8d5a9e.npy,f84f2b8d5a9e,"{""centroid_threshold_pct"": 0.4, ""crop_size"": 64, ""intensity_p_high"": 99, ""intensity_p_low"": 1, ""target_spacing_mm"": 2.9}",1785260360.3595734,cached,,0.0,1.0,0.24414846301078796,0.23474261164665222,0.8311004638671875,True,high_intensity_touches_boundary:y
pjq50xcx,c:\Users\myben\OneDrive\Documents\GitHub\DaT-Parkinson\niftis\pjq50xcx.nii.gz,c:\Users\myben\OneDrive\Documents\GitHub\DaT-Parkinson\preproc_cache\pjq50xcx_f84f2b8d5a9e.npy,f84f2b8d5a9e,"{""centroid_threshold_pct"": 0.4, ""crop_size"": 64, ""intensity_p_high"": 99, ""intensity_p_low"": 1, ""target_spacing_mm"": 2.9}",1785260372.9306872,cached,,0.0,1.0,0.21531227231025696,0.2513275146484375,0.83935546875,True,high_intensity_touches_boundary:y
msy3paua,c:\Users\myben\OneDrive\Documents\GitHub\DaT-Parkinson\niftis\msy3paua.nii.gz,c:\Users\myben\OneDrive\Documents\GitHub\DaT-Parkinson\preproc_cache\msy3paua_f84f2b8d5a9e.npy,f84f2b8d5a9e,"{""centroid_threshold_pct"": 0.4, ""crop_size"": 64, ""intensity_p_high"": 99, ""intensity_p_low"": 1, ""target_spacing_mm"": 2.9}",1785260371.2787342,cached,,0.0,1.0,0.24549061059951782,0.25487378239631653,0.799713134765625,True,high_intensity_touches_boundary:y
3aipjiyl,c:\Users\myben\OneDrive\Documents\GitHub\DaT-Parkinson\niftis\3aipjiyl.nii.gz,c:\Users\myben\OneDrive\Documents\GitHub\DaT-Parkinson\preproc_cache\3aipjiyl_f84f2b8d5a9e.npy,f84f2b8d5a9e,"{""centroid_threshold_pct"": 0.4, ""crop_size"": 64, ""intensity_p_high"": 99, ""intensity_p_low"": 1, ""target_spacing_mm"": 2.9}",1785260360.9792478,cached,,0.0,1.0,0.22815203666687012,0.21587395668029785,0.8415641784667969,True,high_intensity_touches_boundary:y
qx1um55f,c:\Users\myben\OneDrive\Documents\GitHub\DaT-Parkinson\niftis\qx1um55f.nii.gz,c:\Users\myben\OneDrive\Documents\GitHub\DaT-Parkinson\preproc_cache\qx1um55f_f84f2b8d5a9e.npy,f84f2b8d5a9e,"{""centroid_threshold_pct"": 0.4, ""crop_size"": 64, ""intensity_p_high"": 99, ""intensity_p_low"": 1, ""target_spacing_mm"": 2.9}",1785260373.663723,cached,,0.0,1.0,0.23573637008666992,0.25935080647468567,0.7970390319824219,True,
1hgav42t,c:\Users\myben\OneDrive\Documents\GitHub\DaT-Parkinson\niftis\1hgav42t.nii.gz,c:\Users\myben\OneDrive\Documents\GitHub\DaT-Parkinson\preproc_cache\1hgav42t_f84f2b8d5a9e.npy,f84f2b8d5a9e,"{""centroid_threshold_pct"": 0.4, ""crop_size"": 64, ""intensity_p_high"": 99, ""intensity_p_low"": 1, ""target_spacing_mm"": 2.9}",1785260360.0635953,cached,,0.0,1.0,0.2820846736431122,0.2755562365055084,0.8612899780273438,True,high_intensity_touches_boundary:y
8llihkpj,c:\Users\myben\OneDrive\Documents\GitHub\DaT-Parkinson\niftis\8llihkpj.nii.gz,c:\Users\myben\OneDrive\Documents\GitHub\DaT-Parkinson\preproc_cache\8llihkpj_f84f2b8d5a9e.npy,f84f2b8d5a9e,"{""centroid_threshold_pct"": 0.4, ""crop_size"": 64, ""intensity_p_high"": 99, ""intensity_p_low"": 1, ""target_spacing_mm"": 2.9}",1785260363.8620846,cached,,0.0,1.0,0.2973973751068115,0.24062415957450867,0.9360198974609375,True,high_intensity_touches_boundary:y
7hme6p4n,c:\Users\myben\OneDrive\Documents\GitHub\DaT-Parkinson\niftis\7hme6p4n.nii.gz,c:\Users\myben\OneDrive\Documents\GitHub\DaT-Parkinson\preproc_cache\7hme6p4n_f84f2b8d5a9e.npy,f84f2b8d5a9e,"{""centroid_threshold_pct"": 0.4, ""crop_size"": 64, ""intensity_p_high"": 99, ""intensity_p_low"": 1, ""target_spacing_mm"": 2.9}",1785260363.2804186,cached,,0.0,1.0,0.23687607049942017,0.26362764835357666,0.8208274841308594,True,high_intensity_touches_boundary:y
p00nqohn,c:\Users\myben\OneDrive\Documents\GitHub\DaT-Parkinson\niftis\p00nqohn.nii.gz,c:\Users\myben\OneDrive\Documents\GitHub\DaT-Parkinson\preproc_cache\p00nqohn_f84f2b8d5a9e.npy,f84f2b8d5a9e,"{""centroid_threshold_pct"": 0.4, ""crop_size"": 64, ""intensity_p_high"": 99, ""intensity_p_low"": 1, ""target_spacing_mm"": 2.9}",1785260372.6852162,cached,,0.0,1.0,0.22468048334121704,0.2647823989391327,0.7909698486328125,True,high_intensity_touches_boundary:y
3dg60e1e,c:\Users\myben\OneDrive\Documents\GitHub\DaT-Parkinson\niftis\3dg60e1e.nii.gz,c:\Users\myben\OneDrive\Documents\GitHub\DaT-Parkinson\preproc_cache\3dg60e1e_f84f2b8d5a9e.npy,f84f2b8d5a9e,"{""centroid_threshold_pct"": 0.4, ""crop_size"": 64, ""intensity_p_high"": 99, ""intensity_p_low"": 1, ""target_spacing_mm"": 2.9}",1785260361.0503922,cached,,0.0,1.0,0.23168936371803284,0.22352904081344604,0.8528976440429688,True,high_intensity_touches_boundary:y
rv0lg92m,c:\Users\myben\OneDrive\Documents\GitHub\DaT-Parkinson\niftis\rv0lg92m.nii.gz,c:\Users\myben\OneDrive\Documents\GitHub\DaT-Parkinson\preproc_cache\rv0lg92m_f84f2b8d5a9e.npy,f84f2b8d5a9e,"{""centroid_threshold_pct"": 0.4, ""crop_size"": 64, ""intensity_p_high"": 99, ""intensity_p_low"": 1, ""target_spacing_mm"": 2.9}",1785260374.165136,cached,,0.0,1.0,0.2581360340118408,0.27446454763412476,0.8099365234375,True,high_intensity_touches_boundary:y
jeqa2o4m,c:\Users\myben\OneDrive\Documents\GitHub\DaT-Parkinson\niftis\jeqa2o4m.nii.gz,c:\Users\myben\OneDrive\Documents\GitHub\DaT-Parkinson\preproc_cache\jeqa2o4m_f84f2b8d5a9e.npy,f84f2b8d5a9e,"{""centroid_threshold_pct"": 0.4, ""crop_size"": 64, ""intensity_p_high"": 99, ""intensity_p_low"": 1, ""target_spacing_mm"": 2.9}",1785260369.6219518,cached,,0.0,1.0,0.2341378927230835,0.2770693898200989,0.811981201171875,True,
84p4k9dx,c:\Users\myben\OneDrive\Documents\GitHub\DaT-Parkinson\niftis\84p4k9dx.nii.gz,c:\Users\myben\OneDrive\Documents\GitHub\DaT-Parkinson\preproc_cache\84p4k9dx_f84f2b8d5a9e.npy,f84f2b8d5a9e,"{""centroid_threshold_pct"": 0.4, ""crop_size"": 64, ""intensity_p_high"": 99, ""intensity_p_low"": 1, ""target_spacing_mm"": 2.9}",1785260363.5588906,cached,,0.0,1.0,0.21313270926475525,0.22922788560390472,0.8680152893066406,True,high_intensity_touches_boundary:y
oq8jxlfi,c:\Users\myben\OneDrive\Documents\GitHub\DaT-Parkinson\niftis\oq8jxlfi.nii.gz,c:\Users\myben\OneDrive\Documents\GitHub\DaT-Parkinson\preproc_cache\oq8jxlfi_f84f2b8d5a9e.npy,f84f2b8d5a9e,"{""centroid_threshold_pct"": 0.4, ""crop_size"": 64, ""intensity_p_high"": 99, ""intensity_p_low"": 1, ""target_spacing_mm"": 2.9}",1785260372.5144813,cached,,0.0,1.0,0.2213437259197235,0.2623079717159271,0.8144493103027344,True,high_intensity_touches_boundary:y
uefz1c25,c:\Users\myben\OneDrive\Documents\GitHub\DaT-Parkinson\niftis\uefz1c25.nii.gz,c:\Users\myben\OneDrive\Documents\GitHub\DaT-Parkinson\preproc_cache\uefz1c25_f84f2b8d5a9e.npy,f84f2b8d5a9e,"{""centroid_threshold_pct"": 0.4, ""crop_size"": 64, ""intensity_p_high"": 99, ""intensity_p_low"": 1, ""target_spacing_mm"": 2.9}",1785260375.4388545,cached,,0.0,1.0,0.23795466125011444,0.24532461166381836,0.8279266357421875,True,"high_intensity_touches_boundary:x,y"
xnofg780,c:\Users\myben\OneDrive\Documents\GitHub\DaT-Parkinson\niftis\xnofg780.nii.gz,c:\Users\myben\OneDrive\Documents\GitHub\DaT-Parkinson\preproc_cache\xnofg780_f84f2b8d5a9e.npy,f84f2b8d5a9e,"{""centroid_threshold_pct"": 0.4, ""crop_size"": 64, ""intensity_p_high"": 99, ""intensity_p_low"": 1, ""target_spacing_mm"": 2.9}",1785260377.2141593,cached,,0.0,1.0,0.2453806847333908,0.2636970579624176,0.8656005859375,True,high_intensity_touches_boundary:y
3g5dfrlw,c:\Users\myben\OneDrive\Documents\GitHub\DaT-Parkinson\niftis\3g5dfrlw.nii.gz,c:\Users\myben\OneDrive\Documents\GitHub\DaT-Parkinson\preproc_cache\3g5dfrlw_f84f2b8d5a9e.npy,f84f2b8d5a9e,"{""centroid_threshold_pct"": 0.4, ""crop_size"": 64, ""intensity_p_high"": 99, ""intensity_p_low"": 1, ""target_spacing_mm"": 2.9}",1785260361.111957,cached,,0.0,1.0,0.2889861464500427,0.2500571012496948,0.9008216857910156,True,high_intensity_touches_boundary:y
6jl2l5b5,c:\Users\myben\OneDrive\Documents\GitHub\DaT-Parkinson\niftis\6jl2l5b5.nii.gz,c:\Users\myben\OneDrive\Documents\GitHub\DaT-Parkinson\preproc_cache\6jl2l5b5_f84f2b8d5a9e.npy,f84f2b8d5a9e,"{""centroid_threshold_pct"": 0.4, ""crop_size"": 64, ""intensity_p_high"": 99, ""intensity_p_low"": 1, ""target_spacing_mm"": 2.9}",1785260362.7694368,cached,,0.0,1.0,0.2509905695915222,0.23506294190883636,0.8712692260742188,True,high_intensity_touches_boundary:y
6bnvsfa6,c:\Users\myben\OneDrive\Documents\GitHub\DaT-Parkinson\niftis\6bnvsfa6.nii.gz,c:\Users\myben\OneDrive\Documents\GitHub\DaT-Parkinson\preproc_cache\6bnvsfa6_f84f2b8d5a9e.npy,f84f2b8d5a9e,"{""centroid_threshold_pct"": 0.4, ""crop_size"": 64, ""intensity_p_high"": 99, ""intensity_p_low"": 1, ""target_spacing_mm"": 2.9}",1785260362.6766264,cached,,0.0,1.0,0.2699960470199585,0.2636682689189911,0.848968505859375,True,high_intensity_touches_boundary:y
d9er94te,c:\Users\myben\OneDrive\Documents\GitHub\DaT-Parkinson\niftis\d9er94te.nii.gz,c:\Users\myben\OneDrive\Documents\GitHub\DaT-Parkinson\preproc_cache\d9er94te_f84f2b8d5a9e.npy,f84f2b8d5a9e,"{""centroid_threshold_pct"": 0.4, ""crop_size"": 64, ""intensity_p_high"": 99, ""intensity_p_low"": 1, ""target_spacing_mm"": 2.9}",1785260366.2847445,cached,,0.0,1.0,0.27407658100128174,0.2775542140007019,0.8979301452636719,True,high_intensity_touches_boundary:y
vwlq6exn,c:\Users\myben\OneDrive\Documents\GitHub\DaT-Parkinson\niftis\vwlq6exn.nii.gz,c:\Users\myben\OneDrive\Documents\GitHub\DaT-Parkinson\preproc_cache\vwlq6exn_f84f2b8d5a9e.npy,f84f2b8d5a9e,"{""centroid_threshold_pct"": 0.4, ""crop_size"": 64, ""intensity_p_high"": 99, ""intensity_p_low"": 1, ""target_spacing_mm"": 2.9}",1785260376.3223681,cached,,0.0,1.0,0.2512039542198181,0.25910234451293945,0.8149375915527344,True,high_intensity_touches_boundary:y
wzr04hhe,c:\Users\myben\OneDrive\Documents\GitHub\DaT-Parkinson\niftis\wzr04hhe.nii.gz,c:\Users\myben\OneDrive\Documents\GitHub\DaT-Parkinson\preproc_cache\wzr04hhe_f84f2b8d5a9e.npy,f84f2b8d5a9e,"{""centroid_threshold_pct"": 0.4, ""crop_size"": 64, ""intensity_p_high"": 99, ""intensity_p_low"": 1, ""target_spacing_mm"": 2.9}",1785260376.8669486,cached,,0.0,1.0,0.24074161052703857,0.2559930086135864,0.8074302673339844,True,high_intensity_touches_boundary:y
7icdo5di,c:\Users\myben\OneDrive\Documents\GitHub\DaT-Parkinson\niftis\7icdo5di.nii.gz,c:\Users\myben\OneDrive\Documents\GitHub\DaT-Parkinson\preproc_cache\7icdo5di_f84f2b8d5a9e.npy,f84f2b8d5a9e,"{""centroid_threshold_pct"": 0.4, ""crop_size"": 64, ""intensity_p_high"": 99, ""intensity_p_low"": 1, ""target_spacing_mm"": 2.9}",1785260363.2962985,cached,,0.0,1.0,0.2854529917240143,0.2617669403553009,0.8669166564941406,True,high_intensity_touches_boundary:y
gxl9ysu5,c:\Users\myben\OneDrive\Documents\GitHub\DaT-Parkinson\niftis\gxl9ysu5.nii.gz,c:\Users\myben\OneDrive\Documents\GitHub\DaT-Parkinson\preproc_cache\gxl9ysu5_f84f2b8d5a9e.npy,f84f2b8d5a9e,"{""centroid_threshold_pct"": 0.4, ""crop_size"": 64, ""intensity_p_high"": 99, ""intensity_p_low"": 1, ""target_spacing_mm"": 2.9}",1785260368.4978585,cached,,0.0,1.0,0.2253698706626892,0.2611275017261505,0.8045005798339844,True,high_intensity_touches_boundary:y
1epxu7b6,c:\Users\myben\OneDrive\Documents\GitHub\DaT-Parkinson\niftis\1epxu7b6.nii.gz,c:\Users\myben\OneDrive\Documents\GitHub\DaT-Parkinson\preproc_cache\1epxu7b6_f84f2b8d5a9e.npy,f84f2b8d5a9e,"{""centroid_threshold_pct"": 0.4, ""crop_size"": 64, ""intensity_p_high"": 99, ""intensity_p_low"": 1, ""target_spacing_mm"": 2.9}",1785260359.98932,cached,,0.0,1.0,0.2467128038406372,0.24861940741539001,0.8195419311523438,True,high_intensity_touches_boundary:y
nbhgfb2f,c:\Users\myben\OneDrive\Documents\GitHub\DaT-Parkinson\niftis\nbhgfb2f.nii.gz,c:\Users\myben\OneDrive\Documents\GitHub\DaT-Parkinson\preproc_cache\nbhgfb2f_f84f2b8d5a9e.npy,f84f2b8d5a9e,"{""centroid_threshold_pct"": 0.4, ""crop_size"": 64, ""intensity_p_high"": 99, ""intensity_p_low"": 1, ""target_spacing_mm"": 2.9}",1785260371.5971277,cached,,0.0,1.0,0.27816328406333923,0.26053735613822937,0.8554725646972656,True,high_intensity_touches_boundary:y
lurmw3uq,c:\Users\myben\OneDrive\Documents\GitHub\DaT-Parkinson\niftis\lurmw3uq.nii.gz,c:\Users\myben\OneDrive\Documents\GitHub\DaT-Parkinson\preproc_cache\lurmw3uq_f84f2b8d5a9e.npy,f84f2b8d5a9e,"{""centroid_threshold_pct"": 0.4, ""crop_size"": 64, ""intensity_p_high"": 99, ""intensity_p_low"": 1, ""target_spacing_mm"": 2.9}",1785260370.9231987,cached,,0.0,1.0,0.21284523606300354,0.2368040829896927,0.7944602966308594,True,high_intensity_touches_boundary:y
hwtek17m,c:\Users\myben\OneDrive\Documents\GitHub\DaT-Parkinson\niftis\hwtek17m.nii.gz,c:\Users\myben\OneDrive\Documents\GitHub\DaT-Parkinson\preproc_cache\hwtek17m_f84f2b8d5a9e.npy,f84f2b8d5a9e,"{""centroid_threshold_pct"": 0.4, ""crop_size"": 64, ""intensity_p_high"": 99, ""intensity_p_low"": 1, ""target_spacing_mm"": 2.9}",1785260368.9012263,cached,,0.0,1.0,0.25792819261550903,0.2660693824291229,0.9366569519042969,True,high_intensity_touches_boundary:z
6j3rtxym,c:\Users\myben\OneDrive\Documents\GitHub\DaT-Parkinson\niftis\6j3rtxym.nii.gz,c:\Users\myben\OneDrive\Documents\GitHub\DaT-Parkinson\preproc_cache\6j3rtxym_f84f2b8d5a9e.npy,f84f2b8d5a9e,"{""centroid_threshold_pct"": 0.4, ""crop_size"": 64, ""intensity_p_high"": 99, ""intensity_p_low"": 1, ""target_spacing_mm"": 2.9}",1785260362.7537334,cached,,0.0,1.0,0.2779734432697296,0.2571883201599121,0.9321441650390625,True,high_intensity_touches_boundary:y
scnx8eiq,c:\Users\myben\OneDrive\Documents\GitHub\DaT-Parkinson\niftis\scnx8eiq.nii.gz,c:\Users\myben\OneDrive\Documents\GitHub\DaT-Parkinson\preproc_cache\scnx8eiq_f84f2b8d5a9e.npy,f84f2b8d5a9e,"{""centroid_threshold_pct"": 0.4, ""crop_size"": 64, ""intensity_p_high"": 99, ""intensity_p_low"": 1, ""target_spacing_mm"": 2.9}",1785260374.46158,cached,,0.0,1.0,0.2541089951992035,0.267469197511673,0.8620185852050781,True,high_intensity_touches_boundary:y
etk5lp9c,c:\Users\myben\OneDrive\Documents\GitHub\DaT-Parkinson\niftis\etk5lp9c.nii.gz,c:\Users\myben\OneDrive\Documents\GitHub\DaT-Parkinson\preproc_cache\etk5lp9c_f84f2b8d5a9e.npy,f84f2b8d5a9e,"{""centroid_threshold_pct"": 0.4, ""crop_size"": 64, ""intensity_p_high"": 99, ""intensity_p_low"": 1, ""target_spacing_mm"": 2.9}",1785260367.32226,cached,,0.0,1.0,0.20501664280891418,0.24752900004386902,0.8276252746582031,True,
5so79h4h,c:\Users\myben\OneDrive\Documents\GitHub\DaT-Parkinson\niftis\5so79h4h.nii.gz,c:\Users\myben\OneDrive\Documents\GitHub\DaT-Parkinson\preproc_cache\5so79h4h_f84f2b8d5a9e.npy,f84f2b8d5a9e,"{""centroid_threshold_pct"": 0.4, ""crop_size"": 64, ""intensity_p_high"": 99, ""intensity_p_low"": 1, ""target_spacing_mm"": 2.9}",1785260362.4645884,cached,,0.0,1.0,0.24405893683433533,0.2742587625980377,0.8468589782714844,True,high_intensity_touches_boundary:y
a0mvf4s2,c:\Users\myben\OneDrive\Documents\GitHub\DaT-Parkinson\niftis\a0mvf4s2.nii.gz,c:\Users\myben\OneDrive\Documents\GitHub\DaT-Parkinson\preproc_cache\a0mvf4s2_f84f2b8d5a9e.npy,f84f2b8d5a9e,"{""centroid_threshold_pct"": 0.4, ""crop_size"": 64, ""intensity_p_high"": 99, ""intensity_p_low"": 1, ""target_spacing_mm"": 2.9}",1785260364.5267146,cached,,0.0,1.0,0.29193413257598877,0.24546854197978973,0.9144363403320312,True,high_intensity_touches_boundary:y
ni8tndfw,c:\Users\myben\OneDrive\Documents\GitHub\DaT-Parkinson\niftis\ni8tndfw.nii.gz,c:\Users\myben\OneDrive\Documents\GitHub\DaT-Parkinson\preproc_cache\ni8tndfw_f84f2b8d5a9e.npy,f84f2b8d5a9e,"{""centroid_threshold_pct"": 0.4, ""crop_size"": 64, ""intensity_p_high"": 99, ""intensity_p_low"": 1, ""target_spacing_mm"": 2.9}",1785260371.7253523,cached,,0.0,1.0,0.22540289163589478,0.2753812372684479,0.8011512756347656,True,
w41f7v4k,c:\Users\myben\OneDrive\Documents\GitHub\DaT-Parkinson\niftis\w41f7v4k.nii.gz,c:\Users\myben\OneDrive\Documents\GitHub\DaT-Parkinson\preproc_cache\w41f7v4k_f84f2b8d5a9e.npy,f84f2b8d5a9e,"{""centroid_threshold_pct"": 0.4, ""crop_size"": 64, ""intensity_p_high"": 99, ""intensity_p_low"": 1, ""target_spacing_mm"": 2.9}",1785260376.4790428,cached,,0.0,1.0,0.2684469223022461,0.25864437222480774,0.9337158203125,True,high_intensity_touches_boundary:y
88k686qe,c:\Users\myben\OneDrive\Documents\GitHub\DaT-Parkinson\niftis\88k686qe.nii.gz,c:\Users\myben\OneDrive\Documents\GitHub\DaT-Parkinson\preproc_cache\88k686qe_f84f2b8d5a9e.npy,f84f2b8d5a9e,"{""centroid_threshold_pct"": 0.4, ""crop_size"": 64, ""intensity_p_high"": 99, ""intensity_p_low"": 1, ""target_spacing_mm"": 2.9}",1785260363.6175883,cached,,0.0,1.0,0.22845840454101562,0.26019561290740967,0.8545455932617188,True,
7ajul7w8,c:\Users\myben\OneDrive\Documents\GitHub\DaT-Parkinson\niftis\7ajul7w8.nii.gz,c:\Users\myben\OneDrive\Documents\GitHub\DaT-Parkinson\preproc_cache\7ajul7w8_f84f2b8d5a9e.npy,f84f2b8d5a9e,"{""centroid_threshold_pct"": 0.4, ""crop_size"": 64, ""intensity_p_high"": 99, ""intensity_p_low"": 1, ""target_spacing_mm"": 2.9}",1785260363.2184944,cached,,0.0,1.0,0.2509833872318268,0.24829064309597015,0.85955810546875,True,high_intensity_touches_boundary:y
cof3138i,c:\Users\myben\OneDrive\Documents\GitHub\DaT-Parkinson\niftis\cof3138i.nii.gz,c:\Users\myben\OneDrive\Documents\GitHub\DaT-Parkinson\preproc_cache\cof3138i_f84f2b8d5a9e.npy,f84f2b8d5a9e,"{""centroid_threshold_pct"": 0.4, ""crop_size"": 64, ""intensity_p_high"": 99, ""intensity_p_low"": 1, ""target_spacing_mm"": 2.9}",1785260365.7581282,cached,,0.0,1.0,0.25514939427375793,0.25085708498954773,0.8480186462402344,True,high_intensity_touches_boundary:y
2xog4c8j,c:\Users\myben\OneDrive\Documents\GitHub\DaT-Parkinson\niftis\2xog4c8j.nii.gz,c:\Users\myben\OneDrive\Documents\GitHub\DaT-Parkinson\preproc_cache\2xog4c8j_f84f2b8d5a9e.npy,f84f2b8d5a9e,"{""centroid_threshold_pct"": 0.4, ""crop_size"": 64, ""intensity_p_high"": 99, ""intensity_p_low"": 1, ""target_spacing_mm"": 2.9}",1785260360.780109,cached,,0.0,1.0,0.25061219930648804,0.2751205265522003,0.8194732666015625,True,high_intensity_touches_boundary:y
6e07fpy1,c:\Users\myben\OneDrive\Documents\GitHub\DaT-Parkinson\niftis\6e07fpy1.nii.gz,c:\Users\myben\OneDrive\Documents\GitHub\DaT-Parkinson\preproc_cache\6e07fpy1_f84f2b8d5a9e.npy,f84f2b8d5a9e,"{""centroid_threshold_pct"": 0.4, ""crop_size"": 64, ""intensity_p_high"": 99, ""intensity_p_low"": 1, ""target_spacing_mm"": 2.9}",1785260362.707719,cached,,0.0,1.0,0.21078312397003174,0.23732934892177582,0.8809013366699219,True,
aeldwqxk,c:\Users\myben\OneDrive\Documents\GitHub\DaT-Parkinson\niftis\aeldwqxk.nii.gz,c:\Users\myben\OneDrive\Documents\GitHub\DaT-Parkinson\preproc_cache\aeldwqxk_f84f2b8d5a9e.npy,f84f2b8d5a9e,"{""centroid_threshold_pct"": 0.4, ""crop_size"": 64, ""intensity_p_high"": 99, ""intensity_p_low"": 1, ""target_spacing_mm"": 2.9}",1785260364.673248,cached,,0.0,1.0,0.25165876746177673,0.2695407271385193,0.8284645080566406,True,high_intensity_touches_boundary:y
e0qc96mj,c:\Users\myben\OneDrive\Documents\GitHub\DaT-Parkinson\niftis\e0qc96mj.nii.gz,c:\Users\myben\OneDrive\Documents\GitHub\DaT-Parkinson\preproc_cache\e0qc96mj_f84f2b8d5a9e.npy,f84f2b8d5a9e,"{""centroid_threshold_pct"": 0.4, ""crop_size"": 64, ""intensity_p_high"": 99, ""intensity_p_low"": 1, ""target_spacing_mm"": 2.9}",1785260366.6436405,cached,,0.0,1.0,0.28471025824546814,0.2649453282356262,0.9050178527832031,True,"high_intensity_touches_boundary:y,z"
9n6eqv5y,c:\Users\myben\OneDrive\Documents\GitHub\DaT-Parkinson\niftis\9n6eqv5y.nii.gz,c:\Users\myben\OneDrive\Documents\GitHub\DaT-Parkinson\preproc_cache\9n6eqv5y_f84f2b8d5a9e.npy,f84f2b8d5a9e,"{""centroid_threshold_pct"": 0.4, ""crop_size"": 64, ""intensity_p_high"": 99, ""intensity_p_low"": 1, ""target_spacing_mm"": 2.9}",1785260364.3578405,cached,,0.0,1.0,0.21552446484565735,0.24465662240982056,0.8235855102539062,True,high_intensity_touches_boundary:y
21id9vvn,c:\Users\myben\OneDrive\Documents\GitHub\DaT-Parkinson\niftis\21id9vvn.nii.gz,c:\Users\myben\OneDrive\Documents\GitHub\DaT-Parkinson\preproc_cache\21id9vvn_f84f2b8d5a9e.npy,f84f2b8d5a9e,"{""centroid_threshold_pct"": 0.4, ""crop_size"": 64, ""intensity_p_high"": 99, ""intensity_p_low"": 1, ""target_spacing_mm"": 2.9}",1785260360.296641,cached,,0.0,1.0,0.24535506963729858,0.25399091839790344,0.8561172485351562,True,high_intensity_touches_boundary:y
5x48pw5k,c:\Users\myben\OneDrive\Documents\GitHub\DaT-Parkinson\niftis\5x48pw5k.nii.gz,c:\Users\myben\OneDrive\Documents\GitHub\DaT-Parkinson\preproc_cache\5x48pw5k_f84f2b8d5a9e.npy,f84f2b8d5a9e,"{""centroid_threshold_pct"": 0.4, ""crop_size"": 64, ""intensity_p_high"": 99, ""intensity_p_low"": 1, ""target_spacing_mm"": 2.9}",1785260362.5089138,cached,,0.0,1.0,0.28786396980285645,0.2764672338962555,0.8402748107910156,True,high_intensity_touches_boundary:y
0jjsp49c,c:\Users\myben\OneDrive\Documents\GitHub\DaT-Parkinson\niftis\0jjsp49c.nii.gz,c:\Users\myben\OneDrive\Documents\GitHub\DaT-Parkinson\preproc_cache\0jjsp49c_f84f2b8d5a9e.npy,f84f2b8d5a9e,"{""centroid_threshold_pct"": 0.4, ""crop_size"": 64, ""intensity_p_high"": 99, ""intensity_p_low"": 1, ""target_spacing_mm"": 2.9}",1785260359.495279,cached,,0.0,1.0,0.22820031642913818,0.2679334878921509,0.7897377014160156,True,high_intensity_touches_boundary:y
d3irvxd2,c:\Users\myben\OneDrive\Documents\GitHub\DaT-Parkinson\niftis\d3irvxd2.nii.gz,c:\Users\myben\OneDrive\Documents\GitHub\DaT-Parkinson\preproc_cache\d3irvxd2_f84f2b8d5a9e.npy,f84f2b8d5a9e,"{""centroid_threshold_pct"": 0.4, ""crop_size"": 64, ""intensity_p_high"": 99, ""intensity_p_low"": 1, ""target_spacing_mm"": 2.9}",1785260366.1761887,cached,,0.0,1.0,0.25483840703964233,0.258537620306015,0.8464584350585938,True,high_intensity_touches_boundary:y
zu4ns7nv,c:\Users\myben\OneDrive\Documents\GitHub\DaT-Parkinson\niftis\zu4ns7nv.nii.gz,c:\Users\myben\OneDrive\Documents\GitHub\DaT-Parkinson\preproc_cache\zu4ns7nv_f84f2b8d5a9e.npy,f84f2b8d5a9e,"{""centroid_threshold_pct"": 0.4, ""crop_size"": 64, ""intensity_p_high"": 99, ""intensity_p_low"": 1, ""target_spacing_mm"": 2.9}",1785260378.3953938,cached,,0.0,1.0,0.2581981420516968,0.24319443106651306,0.9138298034667969,True,high_intensity_touches_boundary:y
v28ue1my,c:\Users\myben\OneDrive\Documents\GitHub\DaT-Parkinson\niftis\v28ue1my.nii.gz,c:\Users\myben\OneDrive\Documents\GitHub\DaT-Parkinson\preproc_cache\v28ue1my_f84f2b8d5a9e.npy,f84f2b8d5a9e,"{""centroid_threshold_pct"": 0.4, ""crop_size"": 64, ""intensity_p_high"": 99, ""intensity_p_low"": 1, ""target_spacing_mm"": 2.9}",1785260375.851813,cached,,0.0,1.0,0.2270461916923523,0.248123899102211,0.8128166198730469,True,high_intensity_touches_boundary:y
6po0m24u,c:\Users\myben\OneDrive\Documents\GitHub\DaT-Parkinson\niftis\6po0m24u.nii.gz,c:\Users\myben\OneDrive\Documents\GitHub\DaT-Parkinson\preproc_cache\6po0m24u_f84f2b8d5a9e.npy,f84f2b8d5a9e,"{""centroid_threshold_pct"": 0.4, ""crop_size"": 64, ""intensity_p_high"": 99, ""intensity_p_low"": 1, ""target_spacing_mm"": 2.9}",1785260362.862441,cached,,0.0,1.0,0.2523747980594635,0.250762403011322,0.8332481384277344,True,high_intensity_touches_boundary:y
s73w1yau,c:\Users\myben\OneDrive\Documents\GitHub\DaT-Parkinson\niftis\s73w1yau.nii.gz,c:\Users\myben\OneDrive\Documents\GitHub\DaT-Parkinson\preproc_cache\s73w1yau_f84f2b8d5a9e.npy,f84f2b8d5a9e,"{""centroid_threshold_pct"": 0.4, ""crop_size"": 64, ""intensity_p_high"": 99, ""intensity_p_low"": 1, ""target_spacing_mm"": 2.9}",1785260374.3872733,cached,,0.0,1.0,0.3204843997955322,0.27054399251937866,0.89263916015625,True,high_intensity_touches_boundary:y
a8d7204j,c:\Users\myben\OneDrive\Documents\GitHub\DaT-Parkinson\niftis\a8d7204j.nii.gz,c:\Users\myben\OneDrive\Documents\GitHub\DaT-Parkinson\preproc_cache\a8d7204j_f84f2b8d5a9e.npy,f84f2b8d5a9e,"{""centroid_threshold_pct"": 0.4, ""crop_size"": 64, ""intensity_p_high"": 99, ""intensity_p_low"": 1, ""target_spacing_mm"": 2.9}",1785260364.632398,cached,,0.0,1.0,0.2631557583808899,0.24632444977760315,0.89306640625,True,high_intensity_touches_boundary:y
3m9iqbq9,c:\Users\myben\OneDrive\Documents\GitHub\DaT-Parkinson\niftis\3m9iqbq9.nii.gz,c:\Users\myben\OneDrive\Documents\GitHub\DaT-Parkinson\preproc_cache\3m9iqbq9_f84f2b8d5a9e.npy,f84f2b8d5a9e,"{""centroid_threshold_pct"": 0.4, ""crop_size"": 64, ""intensity_p_high"": 99, ""intensity_p_low"": 1, ""target_spacing_mm"": 2.9}",1785260361.253008,cached,,0.0,1.0,0.21064311265945435,0.2546218931674957,0.8156623840332031,True,high_intensity_touches_boundary:y
j2h1tlom,c:\Users\myben\OneDrive\Documents\GitHub\DaT-Parkinson\niftis\j2h1tlom.nii.gz,c:\Users\myben\OneDrive\Documents\GitHub\DaT-Parkinson\preproc_cache\j2h1tlom_f84f2b8d5a9e.npy,f84f2b8d5a9e,"{""centroid_threshold_pct"": 0.4, ""crop_size"": 64, ""intensity_p_high"": 99, ""intensity_p_low"": 1, ""target_spacing_mm"": 2.9}",1785260369.317155,cached,,0.0,1.0,0.2120981216430664,0.25695303082466125,0.8167572021484375,True,high_intensity_touches_boundary:y
344mw04i,c:\Users\myben\OneDrive\Documents\GitHub\DaT-Parkinson\niftis\344mw04i.nii.gz,c:\Users\myben\OneDrive\Documents\GitHub\DaT-Parkinson\preproc_cache\344mw04i_f84f2b8d5a9e.npy,f84f2b8d5a9e,"{""centroid_threshold_pct"": 0.4, ""crop_size"": 64, ""intensity_p_high"": 99, ""intensity_p_low"": 1, ""target_spacing_mm"": 2.9}",1785260360.9072554,cached,,0.0,1.0,0.22567307949066162,0.2593599557876587,0.8022842407226562,True,high_intensity_touches_boundary:y
3dzxlrgn,c:\Users\myben\OneDrive\Documents\GitHub\DaT-Parkinson\niftis\3dzxlrgn.nii.gz,c:\Users\myben\OneDrive\Documents\GitHub\DaT-Parkinson\preproc_cache\3dzxlrgn_f84f2b8d5a9e.npy,f84f2b8d5a9e,"{""centroid_threshold_pct"": 0.4, ""crop_size"": 64, ""intensity_p_high"": 99, ""intensity_p_low"": 1, ""target_spacing_mm"": 2.9}",1785260361.0687006,cached,,0.0,1.0,0.23258115351200104,0.23966842889785767,0.8471488952636719,True,high_intensity_touches_boundary:y
jzm3618l,c:\Users\myben\OneDrive\Documents\GitHub\DaT-Parkinson\niftis\jzm3618l.nii.gz,c:\Users\myben\OneDrive\Documents\GitHub\DaT-Parkinson\preproc_cache\jzm3618l_f84f2b8d5a9e.npy,f84f2b8d5a9e,"{""centroid_threshold_pct"": 0.4, ""crop_size"": 64, ""intensity_p_high"": 99, ""intensity_p_low"": 1, ""target_spacing_mm"": 2.9}",1785260369.9314847,cached,,0.0,1.0,0.21251048147678375,0.24291053414344788,0.8155632019042969,True,high_intensity_touches_boundary:y
eu6zu1to,c:\Users\myben\OneDrive\Documents\GitHub\DaT-Parkinson\niftis\eu6zu1to.nii.gz,c:\Users\myben\OneDrive\Documents\GitHub\DaT-Parkinson\preproc_cache\eu6zu1to_f84f2b8d5a9e.npy,f84f2b8d5a9e,"{""centroid_threshold_pct"": 0.4, ""crop_size"": 64, ""intensity_p_high"": 99, ""intensity_p_low"": 1, ""target_spacing_mm"": 2.9}",1785260367.3387818,cached,,0.0,1.0,0.26233696937561035,0.24887198209762573,0.8887863159179688,True,high_intensity_touches_boundary:y
zhdv5ojz,c:\Users\myben\OneDrive\Documents\GitHub\DaT-Parkinson\niftis\zhdv5ojz.nii.gz,c:\Users\myben\OneDrive\Documents\GitHub\DaT-Parkinson\preproc_cache\zhdv5ojz_f84f2b8d5a9e.npy,f84f2b8d5a9e,"{""centroid_threshold_pct"": 0.4, ""crop_size"": 64, ""intensity_p_high"": 99, ""intensity_p_low"": 1, ""target_spacing_mm"": 2.9}",1785260378.267586,cached,,0.0,1.0,0.2731539011001587,0.2598731815814972,0.8175239562988281,True,high_intensity_touches_boundary:y
to7d835k,c:\Users\myben\OneDrive\Documents\GitHub\DaT-Parkinson\niftis\to7d835k.nii.gz,c:\Users\myben\OneDrive\Documents\GitHub\DaT-Parkinson\preproc_cache\to7d835k_f84f2b8d5a9e.npy,f84f2b8d5a9e,"{""centroid_threshold_pct"": 0.4, ""crop_size"": 64, ""intensity_p_high"": 99, ""intensity_p_low"": 1, ""target_spacing_mm"": 2.9}",1785260375.0995903,cached,,0.0,1.0,0.2881155014038086,0.2537648677825928,0.8906745910644531,True,high_intensity_touches_boundary:y
uc9pbtyj,c:\Users\myben\OneDrive\Documents\GitHub\DaT-Parkinson\niftis\uc9pbtyj.nii.gz,c:\Users\myben\OneDrive\Documents\GitHub\DaT-Parkinson\preproc_cache\uc9pbtyj_f84f2b8d5a9e.npy,f84f2b8d5a9e,"{""centroid_threshold_pct"": 0.4, ""crop_size"": 64, ""intensity_p_high"": 99, ""intensity_p_low"": 1, ""target_spacing_mm"": 2.9}",1785260375.396186,cached,,0.0,1.0,0.2462378442287445,0.2694721817970276,0.8494377136230469,True,
r39iixha,c:\Users\myben\OneDrive\Documents\GitHub\DaT-Parkinson\niftis\r39iixha.nii.gz,c:\Users\myben\OneDrive\Documents\GitHub\DaT-Parkinson\preproc_cache\r39iixha_f84f2b8d5a9e.npy,f84f2b8d5a9e,"{""centroid_threshold_pct"": 0.4, ""crop_size"": 64, ""intensity_p_high"": 99, ""intensity_p_low"": 1, ""target_spacing_mm"": 2.9}",1785260373.7952132,cached,,0.0,1.0,0.2539334297180176,0.26623445749282837,0.8923110961914062,True,high_intensity_touches_boundary:y
iaw4otuo,c:\Users\myben\OneDrive\Documents\GitHub\DaT-Parkinson\niftis\iaw4otuo.nii.gz,c:\Users\myben\OneDrive\Documents\GitHub\DaT-Parkinson\preproc_cache\iaw4otuo_f84f2b8d5a9e.npy,f84f2b8d5a9e,"{""centroid_threshold_pct"": 0.4, ""crop_size"": 64, ""intensity_p_high"": 99, ""intensity_p_low"": 1, ""target_spacing_mm"": 2.9}",1785260369.075985,cached,,0.0,1.0,0.2330627590417862,0.2615678310394287,0.7855339050292969,True,
4uw590z9,c:\Users\myben\OneDrive\Documents\GitHub\DaT-Parkinson\niftis\4uw590z9.nii.gz,c:\Users\myben\OneDrive\Documents\GitHub\DaT-Parkinson\preproc_cache\4uw590z9_f84f2b8d5a9e.npy,f84f2b8d5a9e,"{""centroid_threshold_pct"": 0.4, ""crop_size"": 64, ""intensity_p_high"": 99, ""intensity_p_low"": 1, ""target_spacing_mm"": 2.9}",1785260361.9943132,cached,,0.0,1.0,0.21883977949619293,0.22630298137664795,0.8874588012695312,True,high_intensity_touches_boundary:y
2jn67lm8,c:\Users\myben\OneDrive\Documents\GitHub\DaT-Parkinson\niftis\2jn67lm8.nii.gz,c:\Users\myben\OneDrive\Documents\GitHub\DaT-Parkinson\preproc_cache\2jn67lm8_f84f2b8d5a9e.npy,f84f2b8d5a9e,"{""centroid_threshold_pct"": 0.4, ""crop_size"": 64, ""intensity_p_high"": 99, ""intensity_p_low"": 1, ""target_spacing_mm"": 2.9}",1785260360.5403602,cached,,0.0,1.0,0.2146742045879364,0.2515280842781067,0.8265571594238281,True,
e49ite92,c:\Users\myben\OneDrive\Documents\GitHub\DaT-Parkinson\niftis\e49ite92.nii.gz,c:\Users\myben\OneDrive\Documents\GitHub\DaT-Parkinson\preproc_cache\e49ite92_f84f2b8d5a9e.npy,f84f2b8d5a9e,"{""centroid_threshold_pct"": 0.4, ""crop_size"": 64, ""intensity_p_high"": 99, ""intensity_p_low"": 1, ""target_spacing_mm"": 2.9}",1785260366.7132359,cached,,0.0,1.0,0.23361754417419434,0.257760226726532,0.7694320678710938,True,"high_intensity_touches_boundary:x,y"
srl3vzzx,c:\Users\myben\OneDrive\Documents\GitHub\DaT-Parkinson\niftis\srl3vzzx.nii.gz,c:\Users\myben\OneDrive\Documents\GitHub\DaT-Parkinson\preproc_cache\srl3vzzx_f84f2b8d5a9e.npy,f84f2b8d5a9e,"{""centroid_threshold_pct"": 0.4, ""crop_size"": 64, ""intensity_p_high"": 99, ""intensity_p_low"": 1, ""target_spacing_mm"": 2.9}",1785260374.686963,cached,,0.0,1.0,0.2634543776512146,0.23448491096496582,0.885528564453125,True,high_intensity_touches_boundary:y
t9qubwrp,c:\Users\myben\OneDrive\Documents\GitHub\DaT-Parkinson\niftis\t9qubwrp.nii.gz,c:\Users\myben\OneDrive\Documents\GitHub\DaT-Parkinson\preproc_cache\t9qubwrp_f84f2b8d5a9e.npy,f84f2b8d5a9e,"{""centroid_threshold_pct"": 0.4, ""crop_size"": 64, ""intensity_p_high"": 99, ""intensity_p_low"": 1, ""target_spacing_mm"": 2.9}",1785260374.9396756,cached,,0.0,1.0,0.21109379827976227,0.2037958949804306,0.9086532592773438,True,high_intensity_touches_boundary:y
8guucm5f,c:\Users\myben\OneDrive\Documents\GitHub\DaT-Parkinson\niftis\8guucm5f.nii.gz,c:\Users\myben\OneDrive\Documents\GitHub\DaT-Parkinson\preproc_cache\8guucm5f_f84f2b8d5a9e.npy,f84f2b8d5a9e,"{""centroid_threshold_pct"": 0.4, ""crop_size"": 64, ""intensity_p_high"": 99, ""intensity_p_low"": 1, ""target_spacing_mm"": 2.9}",1785260363.7870214,cached,,0.0,1.0,0.2552014887332916,0.27154144644737244,0.8640480041503906,True,high_intensity_touches_boundary:y
yczu80zr,c:\Users\myben\OneDrive\Documents\GitHub\DaT-Parkinson\niftis\yczu80zr.nii.gz,c:\Users\myben\OneDrive\Documents\GitHub\DaT-Parkinson\preproc_cache\yczu80zr_f84f2b8d5a9e.npy,f84f2b8d5a9e,"{""centroid_threshold_pct"": 0.4, ""crop_size"": 64, ""intensity_p_high"": 99, ""intensity_p_low"": 1, ""target_spacing_mm"": 2.9}",1785260377.68711,cached,,0.0,1.0,0.21782125532627106,0.2522853910923004,0.8300819396972656,True,high_intensity_touches_boundary:y
z79hqtyl,c:\Users\myben\OneDrive\Documents\GitHub\DaT-Parkinson\niftis\z79hqtyl.nii.gz,c:\Users\myben\OneDrive\Documents\GitHub\DaT-Parkinson\preproc_cache\z79hqtyl_f84f2b8d5a9e.npy,f84f2b8d5a9e,"{""centroid_threshold_pct"": 0.4, ""crop_size"": 64, ""intensity_p_high"": 99, ""intensity_p_low"": 1, ""target_spacing_mm"": 2.9}",1785260378.1667507,cached,,0.0,1.0,0.21597032248973846,0.25235915184020996,0.8207435607910156,True,high_intensity_touches_boundary:y
u58ftyla,c:\Users\myben\OneDrive\Documents\GitHub\DaT-Parkinson\niftis\u58ftyla.nii.gz,c:\Users\myben\OneDrive\Documents\GitHub\DaT-Parkinson\preproc_cache\u58ftyla_f84f2b8d5a9e.npy,f84f2b8d5a9e,"{""centroid_threshold_pct"": 0.4, ""crop_size"": 64, ""intensity_p_high"": 99, ""intensity_p_low"": 1, ""target_spacing_mm"": 2.9}",1785260375.2880359,cached,,0.0,1.0,0.26346197724342346,0.2711145281791687,0.8726348876953125,True,high_intensity_touches_boundary:y
vzme9wt0,c:\Users\myben\OneDrive\Documents\GitHub\DaT-Parkinson\niftis\vzme9wt0.nii.gz,c:\Users\myben\OneDrive\Documents\GitHub\DaT-Parkinson\preproc_cache\vzme9wt0_f84f2b8d5a9e.npy,f84f2b8d5a9e,"{""centroid_threshold_pct"": 0.4, ""crop_size"": 64, ""intensity_p_high"": 99, ""intensity_p_low"": 1, ""target_spacing_mm"": 2.9}",1785260376.4106963,cached,,0.0,1.0,0.1893848031759262,0.22343705594539642,0.8610649108886719,True,high_intensity_touches_boundary:y
0iv1ggxr,c:\Users\myben\OneDrive\Documents\GitHub\DaT-Parkinson\niftis\0iv1ggxr.nii.gz,c:\Users\myben\OneDrive\Documents\GitHub\DaT-Parkinson\preproc_cache\0iv1ggxr_f84f2b8d5a9e.npy,f84f2b8d5a9e,"{""centroid_threshold_pct"": 0.4, ""crop_size"": 64, ""intensity_p_high"": 99, ""intensity_p_low"": 1, ""target_spacing_mm"": 2.9}",1785260359.4463086,cached,,0.0,1.0,0.25242161750793457,0.2776060700416565,0.5976219177246094,True,high_intensity_touches_boundary:y
ed8u8noz,c:\Users\myben\OneDrive\Documents\GitHub\DaT-Parkinson\niftis\ed8u8noz.nii.gz,c:\Users\myben\OneDrive\Documents\GitHub\DaT-Parkinson\preproc_cache\ed8u8noz_f84f2b8d5a9e.npy,f84f2b8d5a9e,"{""centroid_threshold_pct"": 0.4, ""crop_size"": 64, ""intensity_p_high"": 99, ""intensity_p_low"": 1, ""target_spacing_mm"": 2.9}",1785260366.888219,cached,,0.0,1.0,0.19377638399600983,0.23284277319908142,0.8527145385742188,True,"high_intensity_touches_boundary:x,y"
emdmz5rg,c:\Users\myben\OneDrive\Documents\GitHub\DaT-Parkinson\niftis\emdmz5rg.nii.gz,c:\Users\myben\OneDrive\Documents\GitHub\DaT-Parkinson\preproc_cache\emdmz5rg_f84f2b8d5a9e.npy,f84f2b8d5a9e,"{""centroid_threshold_pct"": 0.4, ""crop_size"": 64, ""intensity_p_high"": 99, ""intensity_p_low"": 1, ""target_spacing_mm"": 2.9}",1785260367.235893,cached,,0.0,1.0,0.27438053488731384,0.2868932783603668,0.610015869140625,True,"high_intensity_touches_boundary:x,y"
oi9wm1sa,c:\Users\myben\OneDrive\Documents\GitHub\DaT-Parkinson\niftis\oi9wm1sa.nii.gz,c:\Users\myben\OneDrive\Documents\GitHub\DaT-Parkinson\preproc_cache\oi9wm1sa_f84f2b8d5a9e.npy,f84f2b8d5a9e,"{""centroid_threshold_pct"": 0.4, ""crop_size"": 64, ""intensity_p_high"": 99, ""intensity_p_low"": 1, ""target_spacing_mm"": 2.9}",1785260372.3562486,cached,,0.0,1.0,0.2328728884458542,0.2620331346988678,0.8576812744140625,True,
v9cng8ta,c:\Users\myben\OneDrive\Documents\GitHub\DaT-Parkinson\niftis\v9cng8ta.nii.gz,c:\Users\myben\OneDrive\Documents\GitHub\DaT-Parkinson\preproc_cache\v9cng8ta_f84f2b8d5a9e.npy,f84f2b8d5a9e,"{""centroid_threshold_pct"": 0.4, ""crop_size"": 64, ""intensity_p_high"": 99, ""intensity_p_low"": 1, ""target_spacing_mm"": 2.9}",1785260375.9613476,cached,,0.0,1.0,0.22615236043930054,0.24552202224731445,0.8993759155273438,True,high_intensity_touches_boundary:y
na6u48gw,c:\Users\myben\OneDrive\Documents\GitHub\DaT-Parkinson\niftis\na6u48gw.nii.gz,c:\Users\myben\OneDrive\Documents\GitHub\DaT-Parkinson\preproc_cache\na6u48gw_f84f2b8d5a9e.npy,f84f2b8d5a9e,"{""centroid_threshold_pct"": 0.4, ""crop_size"": 64, ""intensity_p_high"": 99, ""intensity_p_low"": 1, ""target_spacing_mm"": 2.9}",1785260371.5308914,cached,,0.0,1.0,0.19641858339309692,0.22927533090114594,0.8623619079589844,True,high_intensity_touches_boundary:y
ghm56vu6,c:\Users\myben\OneDrive\Documents\GitHub\DaT-Parkinson\niftis\ghm56vu6.nii.gz,c:\Users\myben\OneDrive\Documents\GitHub\DaT-Parkinson\preproc_cache\ghm56vu6_f84f2b8d5a9e.npy,f84f2b8d5a9e,"{""centroid_threshold_pct"": 0.4, ""crop_size"": 64, ""intensity_p_high"": 99, ""intensity_p_low"": 1, ""target_spacing_mm"": 2.9}",1785260368.213532,cached,,0.0,1.0,0.21359266340732574,0.24035856127738953,0.8773841857910156,True,high_intensity_touches_boundary:y
z5gf3bbt,c:\Users\myben\OneDrive\Documents\GitHub\DaT-Parkinson\niftis\z5gf3bbt.nii.gz,c:\Users\myben\OneDrive\Documents\GitHub\DaT-Parkinson\preproc_cache\z5gf3bbt_f84f2b8d5a9e.npy,f84f2b8d5a9e,"{""centroid_threshold_pct"": 0.4, ""crop_size"": 64, ""intensity_p_high"": 99, ""intensity_p_low"": 1, ""target_spacing_mm"": 2.9}",1785260378.1076105,cached,,0.0,1.0,0.23733502626419067,0.23768046498298645,0.8801803588867188,True,high_intensity_touches_boundary:y
873lkmgs,c:\Users\myben\OneDrive\Documents\GitHub\DaT-Parkinson\niftis\873lkmgs.nii.gz,c:\Users\myben\OneDrive\Documents\GitHub\DaT-Parkinson\preproc_cache\873lkmgs_f84f2b8d5a9e.npy,f84f2b8d5a9e,"{""centroid_threshold_pct"": 0.4, ""crop_size"": 64, ""intensity_p_high"": 99, ""intensity_p_low"": 1, ""target_spacing_mm"": 2.9}",1785260363.5982647,cached,,0.0,1.0,0.23134364187717438,0.22612708806991577,0.9113235473632812,True,"high_intensity_touches_boundary:y,z"
6rv9777t,c:\Users\myben\OneDrive\Documents\GitHub\DaT-Parkinson\niftis\6rv9777t.nii.gz,c:\Users\myben\OneDrive\Documents\GitHub\DaT-Parkinson\preproc_cache\6rv9777t_f84f2b8d5a9e.npy,f84f2b8d5a9e,"{""centroid_threshold_pct"": 0.4, ""crop_size"": 64, ""intensity_p_high"": 99, ""intensity_p_low"": 1, ""target_spacing_mm"": 2.9}",1785260362.9240026,cached,,0.0,1.0,0.29212719202041626,0.2712589502334595,0.6459426879882812,True,"high_intensity_touches_boundary:x,y"
nqetmni3,c:\Users\myben\OneDrive\Documents\GitHub\DaT-Parkinson\niftis\nqetmni3.nii.gz,c:\Users\myben\OneDrive\Documents\GitHub\DaT-Parkinson\preproc_cache\nqetmni3_f84f2b8d5a9e.npy,f84f2b8d5a9e,"{""centroid_threshold_pct"": 0.4, ""crop_size"": 64, ""intensity_p_high"": 99, ""intensity_p_low"": 1, ""target_spacing_mm"": 2.9}",1785260371.9024298,cached,,0.0,1.0,0.31421396136283875,0.28657767176628113,0.6381340026855469,True,high_intensity_touches_boundary:y
gom6736z,c:\Users\myben\OneDrive\Documents\GitHub\DaT-Parkinson\niftis\gom6736z.nii.gz,c:\Users\myben\OneDrive\Documents\GitHub\DaT-Parkinson\preproc_cache\gom6736z_f84f2b8d5a9e.npy,f84f2b8d5a9e,"{""centroid_threshold_pct"": 0.4, ""crop_size"": 64, ""intensity_p_high"": 99, ""intensity_p_low"": 1, ""target_spacing_mm"": 2.9}",1785260368.3527913,cached,,0.0,1.0,0.21168383955955505,0.22706985473632812,0.8663864135742188,True,"high_intensity_touches_boundary:y,z"
4dsxlsut,c:\Users\myben\OneDrive\Documents\GitHub\DaT-Parkinson\niftis\4dsxlsut.nii.gz,c:\Users\myben\OneDrive\Documents\GitHub\DaT-Parkinson\preproc_cache\4dsxlsut_f84f2b8d5a9e.npy,f84f2b8d5a9e,"{""centroid_threshold_pct"": 0.4, ""crop_size"": 64, ""intensity_p_high"": 99, ""intensity_p_low"": 1, ""target_spacing_mm"": 2.9}",1785260361.6816907,cached,,0.0,1.0,0.19666752219200134,0.22770808637142181,0.8587455749511719,True,"high_intensity_touches_boundary:y,z"
othlqh7p,c:\Users\myben\OneDrive\Documents\GitHub\DaT-Parkinson\niftis\othlqh7p.nii.gz,c:\Users\myben\OneDrive\Documents\GitHub\DaT-Parkinson\preproc_cache\othlqh7p_f84f2b8d5a9e.npy,f84f2b8d5a9e,"{""centroid_threshold_pct"": 0.4, ""crop_size"": 64, ""intensity_p_high"": 99, ""intensity_p_low"": 1, ""target_spacing_mm"": 2.9}",1785260372.5950003,cached,,0.0,1.0,0.2684019207954407,0.29918819665908813,0.5623779296875,True,"high_intensity_touches_boundary:x,y"
pcaduvl9,c:\Users\myben\OneDrive\Documents\GitHub\DaT-Parkinson\niftis\pcaduvl9.nii.gz,c:\Users\myben\OneDrive\Documents\GitHub\DaT-Parkinson\preproc_cache\pcaduvl9_f84f2b8d5a9e.npy,f84f2b8d5a9e,"{""centroid_threshold_pct"": 0.4, ""crop_size"": 64, ""intensity_p_high"": 99, ""intensity_p_low"": 1, ""target_spacing_mm"": 2.9}",1785260372.842911,cached,,0.0,1.0,0.28545865416526794,0.2786698043346405,0.7082366943359375,True,"high_intensity_touches_boundary:x,y,z"
11zsb8lv,c:\Users\myben\OneDrive\Documents\GitHub\DaT-Parkinson\niftis\11zsb8lv.nii.gz,c:\Users\myben\OneDrive\Documents\GitHub\DaT-Parkinson\preproc_cache\11zsb8lv_f84f2b8d5a9e.npy,f84f2b8d5a9e,"{""centroid_threshold_pct"": 0.4, ""crop_size"": 64, ""intensity_p_high"": 99, ""intensity_p_low"": 1, ""target_spacing_mm"": 2.9}",1785260359.7683785,cached,,0.0,1.0,0.27807343006134033,0.2673773467540741,0.7443389892578125,True,high_intensity_touches_boundary:y
6tx0tbkg,c:\Users\myben\OneDrive\Documents\GitHub\DaT-Parkinson\niftis\6tx0tbkg.nii.gz,c:\Users\myben\OneDrive\Documents\GitHub\DaT-Parkinson\preproc_cache\6tx0tbkg_f84f2b8d5a9e.npy,f84f2b8d5a9e,"{""centroid_threshold_pct"": 0.4, ""crop_size"": 64, ""intensity_p_high"": 99, ""intensity_p_low"": 1, ""target_spacing_mm"": 2.9}",1785260362.992353,cached,,0.0,1.0,0.2781454920768738,0.3098711371421814,0.5357627868652344,True,"high_intensity_touches_boundary:x,y"
8b350sgn,c:\Users\myben\OneDrive\Documents\GitHub\DaT-Parkinson\niftis\8b350sgn.nii.gz,c:\Users\myben\OneDrive\Documents\GitHub\DaT-Parkinson\preproc_cache\8b350sgn_f84f2b8d5a9e.npy,f84f2b8d5a9e,"{""centroid_threshold_pct"": 0.4, ""crop_size"": 64, ""intensity_p_high"": 99, ""intensity_p_low"": 1, ""target_spacing_mm"": 2.9}",1785260363.6566393,cached,,0.0,1.0,0.25202134251594543,0.2798513174057007,0.6132545471191406,True,"high_intensity_touches_boundary:x,y"
z6d86zch,c:\Users\myben\OneDrive\Documents\GitHub\DaT-Parkinson\niftis\z6d86zch.nii.gz,c:\Users\myben\OneDrive\Documents\GitHub\DaT-Parkinson\preproc_cache\z6d86zch_f84f2b8d5a9e.npy,f84f2b8d5a9e,"{""centroid_threshold_pct"": 0.4, ""crop_size"": 64, ""intensity_p_high"": 99, ""intensity_p_low"": 1, ""target_spacing_mm"": 2.9}",1785260378.1180618,cached,,0.0,1.0,0.24081894755363464,0.27764010429382324,0.5361671447753906,True,high_intensity_touches_boundary:y
hxa7hy7a,c:\Users\myben\OneDrive\Documents\GitHub\DaT-Parkinson\niftis\hxa7hy7a.nii.gz,c:\Users\myben\OneDrive\Documents\GitHub\DaT-Parkinson\preproc_cache\hxa7hy7a_f84f2b8d5a9e.npy,f84f2b8d5a9e,"{""centroid_threshold_pct"": 0.4, ""crop_size"": 64, ""intensity_p_high"": 99, ""intensity_p_low"": 1, ""target_spacing_mm"": 2.9}",1785260368.9149997,cached,,0.0,1.0,0.23525522649288177,0.24532967805862427,0.8792266845703125,True,high_intensity_touches_boundary:y
i33993n4,c:\Users\myben\OneDrive\Documents\GitHub\DaT-Parkinson\niftis\i33993n4.nii.gz,c:\Users\myben\OneDrive\Documents\GitHub\DaT-Parkinson\preproc_cache\i33993n4_f84f2b8d5a9e.npy,f84f2b8d5a9e,"{""centroid_threshold_pct"": 0.4, ""crop_size"": 64, ""intensity_p_high"": 99, ""intensity_p_low"": 1, ""target_spacing_mm"": 2.9}",1785260368.989337,cached,,0.0,1.0,0.22414281964302063,0.21588800847530365,0.923736572265625,True,"high_intensity_touches_boundary:y,z"
bfiy5pu5,c:\Users\myben\OneDrive\Documents\GitHub\DaT-Parkinson\niftis\bfiy5pu5.nii.gz,c:\Users\myben\OneDrive\Documents\GitHub\DaT-Parkinson\preproc_cache\bfiy5pu5_f84f2b8d5a9e.npy,f84f2b8d5a9e,"{""centroid_threshold_pct"": 0.4, ""crop_size"": 64, ""intensity_p_high"": 99, ""intensity_p_low"": 1, ""target_spacing_mm"": 2.9}",1785260365.1236951,cached,,0.0,1.0,0.31033873558044434,0.2718479037284851,0.7709426879882812,True,"high_intensity_touches_boundary:x,y"
wh50jyoo,c:\Users\myben\OneDrive\Documents\GitHub\DaT-Parkinson\niftis\wh50jyoo.nii.gz,c:\Users\myben\OneDrive\Documents\GitHub\DaT-Parkinson\preproc_cache\wh50jyoo_f84f2b8d5a9e.npy,f84f2b8d5a9e,"{""centroid_threshold_pct"": 0.4, ""crop_size"": 64, ""intensity_p_high"": 99, ""intensity_p_low"": 1, ""target_spacing_mm"": 2.9}",1785260376.6643894,cached,,0.0,1.0,0.17929205298423767,0.2404898852109909,0.824920654296875,True,high_intensity_touches_boundary:y
k63rvwoz,c:\Users\myben\OneDrive\Documents\GitHub\DaT-Parkinson\niftis\k63rvwoz.nii.gz,c:\Users\myben\OneDrive\Documents\GitHub\DaT-Parkinson\preproc_cache\k63rvwoz_f84f2b8d5a9e.npy,f84f2b8d5a9e,"{""centroid_threshold_pct"": 0.4, ""crop_size"": 64, ""intensity_p_high"": 99, ""intensity_p_low"": 1, ""target_spacing_mm"": 2.9}",1785260370.1005363,cached,,0.0,1.0,0.2740195095539093,0.3107806444168091,0.5077629089355469,True,"high_intensity_touches_boundary:x,y"
qxiwe6rg,c:\Users\myben\OneDrive\Documents\GitHub\DaT-Parkinson\niftis\qxiwe6rg.nii.gz,c:\Users\myben\OneDrive\Documents\GitHub\DaT-Parkinson\preproc_cache\qxiwe6rg_f84f2b8d5a9e.npy,f84f2b8d5a9e,"{""centroid_threshold_pct"": 0.4, ""crop_size"": 64, ""intensity_p_high"": 99, ""intensity_p_low"": 1, ""target_spacing_mm"": 2.9}",1785260373.676237,cached,,0.0,1.0,0.28403347730636597,0.2551645040512085,0.6533393859863281,True,"high_intensity_touches_boundary:x,y"
l7jy7otk,c:\Users\myben\OneDrive\Documents\GitHub\DaT-Parkinson\niftis\l7jy7otk.nii.gz,c:\Users\myben\OneDrive\Documents\GitHub\DaT-Parkinson\preproc_cache\l7jy7otk_f84f2b8d5a9e.npy,f84f2b8d5a9e,"{""centroid_threshold_pct"": 0.4, ""crop_size"": 64, ""intensity_p_high"": 99, ""intensity_p_low"": 1, ""target_spacing_mm"": 2.9}",1785260370.6217227,cached,,0.0,1.0,0.23631419241428375,0.24327339231967926,0.8735389709472656,True,
ude358tr,c:\Users\myben\OneDrive\Documents\GitHub\DaT-Parkinson\niftis\ude358tr.nii.gz,c:\Users\myben\OneDrive\Documents\GitHub\DaT-Parkinson\preproc_cache\ude358tr_f84f2b8d5a9e.npy,f84f2b8d5a9e,"{""centroid_threshold_pct"": 0.4, ""crop_size"": 64, ""intensity_p_high"": 99, ""intensity_p_low"": 1, ""target_spacing_mm"": 2.9}",1785260375.4078443,cached,,0.0,1.0,0.3661421537399292,0.2812668979167938,0.7029151916503906,True,"high_intensity_touches_boundary:x,y,z"
e9qdi3g1,c:\Users\myben\OneDrive\Documents\GitHub\DaT-Parkinson\niftis\e9qdi3g1.nii.gz,c:\Users\myben\OneDrive\Documents\GitHub\DaT-Parkinson\preproc_cache\e9qdi3g1_f84f2b8d5a9e.npy,f84f2b8d5a9e,"{""centroid_threshold_pct"": 0.4, ""crop_size"": 64, ""intensity_p_high"": 99, ""intensity_p_low"": 1, ""target_spacing_mm"": 2.9}",1785260366.797202,cached,,0.0,1.0,0.2794567048549652,0.28169310092926025,0.6109504699707031,True,"high_intensity_touches_boundary:x,y"
3iwpfvb7,c:\Users\myben\OneDrive\Documents\GitHub\DaT-Parkinson\niftis\3iwpfvb7.nii.gz,c:\Users\myben\OneDrive\Documents\GitHub\DaT-Parkinson\preproc_cache\3iwpfvb7_f84f2b8d5a9e.npy,f84f2b8d5a9e,"{""centroid_threshold_pct"": 0.4, ""crop_size"": 64, ""intensity_p_high"": 99, ""intensity_p_low"": 1, ""target_spacing_mm"": 2.9}",1785260361.1621315,cached,,0.0,1.0,0.21892406046390533,0.22929887473583221,0.9618568420410156,True,"high_intensity_touches_boundary:y,z"
1ghlu8m8,c:\Users\myben\OneDrive\Documents\GitHub\DaT-Parkinson\niftis\1ghlu8m8.nii.gz,c:\Users\myben\OneDrive\Documents\GitHub\DaT-Parkinson\preproc_cache\1ghlu8m8_f84f2b8d5a9e.npy,f84f2b8d5a9e,"{""centroid_threshold_pct"": 0.4, ""crop_size"": 64, ""intensity_p_high"": 99, ""intensity_p_low"": 1, ""target_spacing_mm"": 2.9}",1785260360.0477219,cached,,0.0,1.0,0.1886022388935089,0.2167377918958664,0.8826217651367188,True,high_intensity_touches_boundary:y
7mhxofkc,c:\Users\myben\OneDrive\Documents\GitHub\DaT-Parkinson\niftis\7mhxofkc.nii.gz,c:\Users\myben\OneDrive\Documents\GitHub\DaT-Parkinson\preproc_cache\7mhxofkc_f84f2b8d5a9e.npy,f84f2b8d5a9e,"{""centroid_threshold_pct"": 0.4, ""crop_size"": 64, ""intensity_p_high"": 99, ""intensity_p_low"": 1, ""target_spacing_mm"": 2.9}",1785260363.3271117,cached,,0.0,1.0,0.2078167051076889,0.2370477020740509,0.8443794250488281,True,high_intensity_touches_boundary:y
ggxp5cit,c:\Users\myben\OneDrive\Documents\GitHub\DaT-Parkinson\niftis\ggxp5cit.nii.gz,c:\Users\myben\OneDrive\Documents\GitHub\DaT-Parkinson\preproc_cache\ggxp5cit_f84f2b8d5a9e.npy,f84f2b8d5a9e,"{""centroid_threshold_pct"": 0.4, ""crop_size"": 64, ""intensity_p_high"": 99, ""intensity_p_low"": 1, ""target_spacing_mm"": 2.9}",1785260368.1755283,cached,,0.0,1.0,0.24019849300384521,0.25283175706863403,0.8944854736328125,True,high_intensity_touches_boundary:y
uf8cyotw,c:\Users\myben\OneDrive\Documents\GitHub\DaT-Parkinson\niftis\uf8cyotw.nii.gz,c:\Users\myben\OneDrive\Documents\GitHub\DaT-Parkinson\preproc_cache\uf8cyotw_f84f2b8d5a9e.npy,f84f2b8d5a9e,"{""centroid_threshold_pct"": 0.4, ""crop_size"": 64, ""intensity_p_high"": 99, ""intensity_p_low"": 1, ""target_spacing_mm"": 2.9}",1785260375.4621627,cached,,0.0,1.0,0.21747933328151703,0.2321610450744629,0.9236335754394531,True,"high_intensity_touches_boundary:y,z"
g7nfdinu,c:\Users\myben\OneDrive\Documents\GitHub\DaT-Parkinson\niftis\g7nfdinu.nii.gz,c:\Users\myben\OneDrive\Documents\GitHub\DaT-Parkinson\preproc_cache\g7nfdinu_f84f2b8d5a9e.npy,f84f2b8d5a9e,"{""centroid_threshold_pct"": 0.4, ""crop_size"": 64, ""intensity_p_high"": 99, ""intensity_p_low"": 1, ""target_spacing_mm"": 2.9}",1785260368.0348203,cached,,0.0,1.0,0.2782355546951294,0.28911927342414856,0.5792121887207031,True,high_intensity_touches_boundary:y
31eiwucx,c:\Users\myben\OneDrive\Documents\GitHub\DaT-Parkinson\niftis\31eiwucx.nii.gz,c:\Users\myben\OneDrive\Documents\GitHub\DaT-Parkinson\preproc_cache\31eiwucx_f84f2b8d5a9e.npy,f84f2b8d5a9e,"{""centroid_threshold_pct"": 0.4, ""crop_size"": 64, ""intensity_p_high"": 99, ""intensity_p_low"": 1, ""target_spacing_mm"": 2.9}",1785260360.8528206,cached,,0.0,1.0,0.2249763011932373,0.22239035367965698,0.90020751953125,True,"high_intensity_touches_boundary:y,z"
67xkwq0y,c:\Users\myben\OneDrive\Documents\GitHub\DaT-Parkinson\niftis\67xkwq0y.nii.gz,c:\Users\myben\OneDrive\Documents\GitHub\DaT-Parkinson\preproc_cache\67xkwq0y_f84f2b8d5a9e.npy,f84f2b8d5a9e,"{""centroid_threshold_pct"": 0.4, ""crop_size"": 64, ""intensity_p_high"": 99, ""intensity_p_low"": 1, ""target_spacing_mm"": 2.9}",1785260362.6310534,cached,,0.0,1.0,0.2890370488166809,0.2800818979740143,0.6171150207519531,True,high_intensity_touches_boundary:y
wm9q7ftm,c:\Users\myben\OneDrive\Documents\GitHub\DaT-Parkinson\niftis\wm9q7ftm.nii.gz,c:\Users\myben\OneDrive\Documents\GitHub\DaT-Parkinson\preproc_cache\wm9q7ftm_f84f2b8d5a9e.npy,f84f2b8d5a9e,"{""centroid_threshold_pct"": 0.4, ""crop_size"": 64, ""intensity_p_high"": 99, ""intensity_p_low"": 1, ""target_spacing_mm"": 2.9}",1785260376.729552,cached,,0.0,1.0,0.220323845744133,0.2385704517364502,0.8932151794433594,True,high_intensity_touches_boundary:y
fwg895na,c:\Users\myben\OneDrive\Documents\GitHub\DaT-Parkinson\niftis\fwg895na.nii.gz,c:\Users\myben\OneDrive\Documents\GitHub\DaT-Parkinson\preproc_cache\fwg895na_f84f2b8d5a9e.npy,f84f2b8d5a9e,"{""centroid_threshold_pct"": 0.4, ""crop_size"": 64, ""intensity_p_high"": 99, ""intensity_p_low"": 1, ""target_spacing_mm"": 2.9}",1785260367.9085934,cached,,0.0,1.0,0.20686031877994537,0.23068739473819733,0.8676261901855469,True,"high_intensity_touches_boundary:x,y"
2fqztio4,c:\Users\myben\OneDrive\Documents\GitHub\DaT-Parkinson\niftis\2fqztio4.nii.gz,c:\Users\myben\OneDrive\Documents\GitHub\DaT-Parkinson\preproc_cache\2fqztio4_f84f2b8d5a9e.npy,f84f2b8d5a9e,"{""centroid_threshold_pct"": 0.4, ""crop_size"": 64, ""intensity_p_high"": 99, ""intensity_p_low"": 1, ""target_spacing_mm"": 2.9}",1785260360.48361,cached,,0.0,1.0,0.24977169930934906,0.24093396961688995,0.8864021301269531,True,high_intensity_touches_boundary:y
m7pp0pnn,c:\Users\myben\OneDrive\Documents\GitHub\DaT-Parkinson\niftis\m7pp0pnn.nii.gz,c:\Users\myben\OneDrive\Documents\GitHub\DaT-Parkinson\preproc_cache\m7pp0pnn_f84f2b8d5a9e.npy,f84f2b8d5a9e,"{""centroid_threshold_pct"": 0.4, ""crop_size"": 64, ""intensity_p_high"": 99, ""intensity_p_low"": 1, ""target_spacing_mm"": 2.9}",1785260371.0744586,cached,,0.0,1.0,0.22564482688903809,0.2513713836669922,0.8735427856445312,True,high_intensity_touches_boundary:y
lo0hhgh5,c:\Users\myben\OneDrive\Documents\GitHub\DaT-Parkinson\niftis\lo0hhgh5.nii.gz,c:\Users\myben\OneDrive\Documents\GitHub\DaT-Parkinson\preproc_cache\lo0hhgh5_f84f2b8d5a9e.npy,f84f2b8d5a9e,"{""centroid_threshold_pct"": 0.4, ""crop_size"": 64, ""intensity_p_high"": 99, ""intensity_p_low"": 1, ""target_spacing_mm"": 2.9}",1785260370.8327568,cached,,0.0,1.0,0.20818528532981873,0.2510077953338623,0.8365058898925781,True,high_intensity_touches_boundary:y
xw6t1oxh,c:\Users\myben\OneDrive\Documents\GitHub\DaT-Parkinson\niftis\xw6t1oxh.nii.gz,c:\Users\myben\OneDrive\Documents\GitHub\DaT-Parkinson\preproc_cache\xw6t1oxh_f84f2b8d5a9e.npy,f84f2b8d5a9e,"{""centroid_threshold_pct"": 0.4, ""crop_size"": 64, ""intensity_p_high"": 99, ""intensity_p_low"": 1, ""target_spacing_mm"": 2.9}",1785260377.4599216,cached,,0.0,1.0,0.289408802986145,0.2926297187805176,0.5650520324707031,True,high_intensity_touches_boundary:y
fdxk31wb,c:\Users\myben\OneDrive\Documents\GitHub\DaT-Parkinson\niftis\fdxk31wb.nii.gz,c:\Users\myben\OneDrive\Documents\GitHub\DaT-Parkinson\preproc_cache\fdxk31wb_f84f2b8d5a9e.npy,f84f2b8d5a9e,"{""centroid_threshold_pct"": 0.4, ""crop_size"": 64, ""intensity_p_high"": 99, ""intensity_p_low"": 1, ""target_spacing_mm"": 2.9}",1785260367.6219437,cached,,0.0,1.0,0.2740878164768219,0.2899690270423889,0.5773582458496094,True,high_intensity_touches_boundary:y
htfnsgpy,c:\Users\myben\OneDrive\Documents\GitHub\DaT-Parkinson\niftis\htfnsgpy.nii.gz,c:\Users\myben\OneDrive\Documents\GitHub\DaT-Parkinson\preproc_cache\htfnsgpy_f84f2b8d5a9e.npy,f84f2b8d5a9e,"{""centroid_threshold_pct"": 0.4, ""crop_size"": 64, ""intensity_p_high"": 99, ""intensity_p_low"": 1, ""target_spacing_mm"": 2.9}",1785260368.8279643,cached,,0.0,1.0,0.28783082962036133,0.2819272577762604,0.6058540344238281,True,high_intensity_touches_boundary:y
8257ge0q,c:\Users\myben\OneDrive\Documents\GitHub\DaT-Parkinson\niftis\8257ge0q.nii.gz,c:\Users\myben\OneDrive\Documents\GitHub\DaT-Parkinson\preproc_cache\8257ge0q_f84f2b8d5a9e.npy,f84f2b8d5a9e,"{""centroid_threshold_pct"": 0.4, ""crop_size"": 64, ""intensity_p_high"": 99, ""intensity_p_low"": 1, ""target_spacing_mm"": 2.9}",1785260363.4703503,cached,,0.0,1.0,0.25918009877204895,0.283927321434021,0.5727996826171875,True,
uz2z0kdn,c:\Users\myben\OneDrive\Documents\GitHub\DaT-Parkinson\niftis\uz2z0kdn.nii.gz,c:\Users\myben\OneDrive\Documents\GitHub\DaT-Parkinson\preproc_cache\uz2z0kdn_f84f2b8d5a9e.npy,f84f2b8d5a9e,"{""centroid_threshold_pct"": 0.4, ""crop_size"": 64, ""intensity_p_high"": 99, ""intensity_p_low"": 1, ""target_spacing_mm"": 2.9}",1785260375.7569435,cached,,0.0,1.0,0.33054307103157043,0.2786853611469269,0.879669189453125,True,
upcj8mo7,c:\Users\myben\OneDrive\Documents\GitHub\DaT-Parkinson\niftis\upcj8mo7.nii.gz,c:\Users\myben\OneDrive\Documents\GitHub\DaT-Parkinson\preproc_cache\upcj8mo7_f84f2b8d5a9e.npy,f84f2b8d5a9e,"{""centroid_threshold_pct"": 0.4, ""crop_size"": 64, ""intensity_p_high"": 99, ""intensity_p_low"": 1, ""target_spacing_mm"": 2.9}",1785260375.6686072,cached,,0.0,1.0,0.2538517713546753,0.18327848613262177,0.8688583374023438,True,"high_intensity_touches_boundary:y,z"
65efuxq9,c:\Users\myben\OneDrive\Documents\GitHub\DaT-Parkinson\niftis\65efuxq9.nii.gz,c:\Users\myben\OneDrive\Documents\GitHub\DaT-Parkinson\preproc_cache\65efuxq9_f84f2b8d5a9e.npy,f84f2b8d5a9e,"{""centroid_threshold_pct"": 0.4, ""crop_size"": 64, ""intensity_p_high"": 99, ""intensity_p_low"": 1, ""target_spacing_mm"": 2.9}",1785260362.5777516,cached,,0.0,1.0,0.33489954471588135,0.25109806656837463,0.8493385314941406,True,high_intensity_touches_boundary:y
njc2goui,c:\Users\myben\OneDrive\Documents\GitHub\DaT-Parkinson\niftis\njc2goui.nii.gz,c:\Users\myben\OneDrive\Documents\GitHub\DaT-Parkinson\preproc_cache\njc2goui_f84f2b8d5a9e.npy,f84f2b8d5a9e,"{""centroid_threshold_pct"": 0.4, ""crop_size"": 64, ""intensity_p_high"": 99, ""intensity_p_low"": 1, ""target_spacing_mm"": 2.9}",1785260371.7706459,cached,,0.0,1.0,0.3175557851791382,0.2174449861049652,0.888580322265625,True,"high_intensity_touches_boundary:y,z"
fezac2ex,c:\Users\myben\OneDrive\Documents\GitHub\DaT-Parkinson\niftis\fezac2ex.nii.gz,c:\Users\myben\OneDrive\Documents\GitHub\DaT-Parkinson\preproc_cache\fezac2ex_f84f2b8d5a9e.npy,f84f2b8d5a9e,"{""centroid_threshold_pct"": 0.4, ""crop_size"": 64, ""intensity_p_high"": 99, ""intensity_p_low"": 1, ""target_spacing_mm"": 2.9}",1785260367.6357503,cached,,0.0,1.0,0.2548181414604187,0.26077935099601746,0.9518890380859375,True,
va5e742g,c:\Users\myben\OneDrive\Documents\GitHub\DaT-Parkinson\niftis\va5e742g.nii.gz,c:\Users\myben\OneDrive\Documents\GitHub\DaT-Parkinson\preproc_cache\va5e742g_f84f2b8d5a9e.npy,f84f2b8d5a9e,"{""centroid_threshold_pct"": 0.4, ""crop_size"": 64, ""intensity_p_high"": 99, ""intensity_p_low"": 1, ""target_spacing_mm"": 2.9}",1785260376.0030365,cached,,0.0,1.0,0.3434126377105713,0.2322552353143692,0.9220085144042969,True,high_intensity_touches_boundary:z
rrdnwt2f,c:\Users\myben\OneDrive\Documents\GitHub\DaT-Parkinson\niftis\rrdnwt2f.nii.gz,c:\Users\myben\OneDrive\Documents\GitHub\DaT-Parkinson\preproc_cache\rrdnwt2f_f84f2b8d5a9e.npy,f84f2b8d5a9e,"{""centroid_threshold_pct"": 0.4, ""crop_size"": 64, ""intensity_p_high"": 99, ""intensity_p_low"": 1, ""target_spacing_mm"": 2.9}",1785260374.087891,cached,,0.0,1.0,0.3216942548751831,0.20641489326953888,0.9686050415039062,True,high_intensity_touches_boundary:z
es5cs9ui,c:\Users\myben\OneDrive\Documents\GitHub\DaT-Parkinson\niftis\es5cs9ui.nii.gz,c:\Users\myben\OneDrive\Documents\GitHub\DaT-Parkinson\preproc_cache\es5cs9ui_f84f2b8d5a9e.npy,f84f2b8d5a9e,"{""centroid_threshold_pct"": 0.4, ""crop_size"": 64, ""intensity_p_high"": 99, ""intensity_p_low"": 1, ""target_spacing_mm"": 2.9}",1785260367.306218,cached,,0.0,1.0,0.36113181710243225,0.2927462160587311,0.8115882873535156,True,high_intensity_touches_boundary:y
14nijcp5,c:\Users\myben\OneDrive\Documents\GitHub\DaT-Parkinson\niftis\14nijcp5.nii.gz,c:\Users\myben\OneDrive\Documents\GitHub\DaT-Parkinson\preproc_cache\14nijcp5_f84f2b8d5a9e.npy,f84f2b8d5a9e,"{""centroid_threshold_pct"": 0.4, ""crop_size"": 64, ""intensity_p_high"": 99, ""intensity_p_low"": 1, ""target_spacing_mm"": 2.9}",1785260359.8095481,cached,,0.0,1.0,0.2658093571662903,0.22252221405506134,0.8325843811035156,True,"high_intensity_touches_boundary:y,z"
2ay7ov50,c:\Users\myben\OneDrive\Documents\GitHub\DaT-Parkinson\niftis\2ay7ov50.nii.gz,c:\Users\myben\OneDrive\Documents\GitHub\DaT-Parkinson\preproc_cache\2ay7ov50_f84f2b8d5a9e.npy,f84f2b8d5a9e,"{""centroid_threshold_pct"": 0.4, ""crop_size"": 64, ""intensity_p_high"": 99, ""intensity_p_low"": 1, ""target_spacing_mm"": 2.9}",1785260360.409278,cached,,0.0,1.0,0.2653505504131317,0.18455353379249573,0.8874664306640625,True,high_intensity_touches_boundary:y
ew25x1fv,c:\Users\myben\OneDrive\Documents\GitHub\DaT-Parkinson\niftis\ew25x1fv.nii.gz,c:\Users\myben\OneDrive\Documents\GitHub\DaT-Parkinson\preproc_cache\ew25x1fv_f84f2b8d5a9e.npy,f84f2b8d5a9e,"{""centroid_threshold_pct"": 0.4, ""crop_size"": 64, ""intensity_p_high"": 99, ""intensity_p_low"": 1, ""target_spacing_mm"": 2.9}",1785260367.4067898,cached,,0.0,1.0,0.3332672417163849,0.24120324850082397,0.887481689453125,True,"high_intensity_touches_boundary:y,z"
k1pbcd6f,c:\Users\myben\OneDrive\Documents\GitHub\DaT-Parkinson\niftis\k1pbcd6f.nii.gz,c:\Users\myben\OneDrive\Documents\GitHub\DaT-Parkinson\preproc_cache\k1pbcd6f_f84f2b8d5a9e.npy,f84f2b8d5a9e,"{""centroid_threshold_pct"": 0.4, ""crop_size"": 64, ""intensity_p_high"": 99, ""intensity_p_low"": 1, ""target_spacing_mm"": 2.9}",1785260369.9880412,cached,,0.0,1.0,0.35807138681411743,0.23865929245948792,0.8823928833007812,True,high_intensity_touches_boundary:y
xnoq37kt,c:\Users\myben\OneDrive\Documents\GitHub\DaT-Parkinson\niftis\xnoq37kt.nii.gz,c:\Users\myben\OneDrive\Documents\GitHub\DaT-Parkinson\preproc_cache\xnoq37kt_f84f2b8d5a9e.npy,f84f2b8d5a9e,"{""centroid_threshold_pct"": 0.4, ""crop_size"": 64, ""intensity_p_high"": 99, ""intensity_p_low"": 1, ""target_spacing_mm"": 2.9}",1785260377.2283785,cached,,0.0,1.0,0.25899356603622437,0.20366115868091583,0.8747100830078125,True,"high_intensity_touches_boundary:y,z"
ll8sn5yz,c:\Users\myben\OneDrive\Documents\GitHub\DaT-Parkinson\niftis\ll8sn5yz.nii.gz,c:\Users\myben\OneDrive\Documents\GitHub\DaT-Parkinson\preproc_cache\ll8sn5yz_f84f2b8d5a9e.npy,f84f2b8d5a9e,"{""centroid_threshold_pct"": 0.4, ""crop_size"": 64, ""intensity_p_high"": 99, ""intensity_p_low"": 1, ""target_spacing_mm"": 2.9}",1785260370.7650945,cached,,0.0,1.0,0.23849691450595856,0.24836419522762299,0.555511474609375,True,high_intensity_touches_boundary:y
7vxuqdrm,c:\Users\myben\OneDrive\Documents\GitHub\DaT-Parkinson\niftis\7vxuqdrm.nii.gz,c:\Users\myben\OneDrive\Documents\GitHub\DaT-Parkinson\preproc_cache\7vxuqdrm_f84f2b8d5a9e.npy,f84f2b8d5a9e,"{""centroid_threshold_pct"": 0.4, ""crop_size"": 64, ""intensity_p_high"": 99, ""intensity_p_low"": 1, ""target_spacing_mm"": 2.9}",1785260363.4353085,cached,,0.0,1.0,0.2797940969467163,0.25705212354660034,0.7914848327636719,True,high_intensity_touches_boundary:y
swjjjksl,c:\Users\myben\OneDrive\Documents\GitHub\DaT-Parkinson\niftis\swjjjksl.nii.gz,c:\Users\myben\OneDrive\Documents\GitHub\DaT-Parkinson\preproc_cache\swjjjksl_f84f2b8d5a9e.npy,f84f2b8d5a9e,"{""centroid_threshold_pct"": 0.4, ""crop_size"": 64, ""intensity_p_high"": 99, ""intensity_p_low"": 1, ""target_spacing_mm"": 2.9}",1785260374.7122355,cached,,0.0,1.0,0.36372289061546326,0.21990327537059784,0.9111595153808594,True,"high_intensity_touches_boundary:y,z"
66uml3so,c:\Users\myben\OneDrive\Documents\GitHub\DaT-Parkinson\niftis\66uml3so.nii.gz,c:\Users\myben\OneDrive\Documents\GitHub\DaT-Parkinson\preproc_cache\66uml3so_f84f2b8d5a9e.npy,f84f2b8d5a9e,"{""centroid_threshold_pct"": 0.4, ""crop_size"": 64, ""intensity_p_high"": 99, ""intensity_p_low"": 1, ""target_spacing_mm"": 2.9}",1785260362.5895703,cached,,0.0,1.0,0.30230605602264404,0.23432619869709015,0.89349365234375,True,"high_intensity_touches_boundary:y,z"
jpx16f1k,c:\Users\myben\OneDrive\Documents\GitHub\DaT-Parkinson\niftis\jpx16f1k.nii.gz,c:\Users\myben\OneDrive\Documents\GitHub\DaT-Parkinson\preproc_cache\jpx16f1k_f84f2b8d5a9e.npy,f84f2b8d5a9e,"{""centroid_threshold_pct"": 0.4, ""crop_size"": 64, ""intensity_p_high"": 99, ""intensity_p_low"": 1, ""target_spacing_mm"": 2.9}",1785260369.7933843,cached,,0.0,1.0,0.30347058176994324,0.1934230625629425,0.9088249206542969,True,high_intensity_touches_boundary:y
yntl2ug0,c:\Users\myben\OneDrive\Documents\GitHub\DaT-Parkinson\niftis\yntl2ug0.nii.gz,c:\Users\myben\OneDrive\Documents\GitHub\DaT-Parkinson\preproc_cache\yntl2ug0_f84f2b8d5a9e.npy,f84f2b8d5a9e,"{""centroid_threshold_pct"": 0.4, ""crop_size"": 64, ""intensity_p_high"": 99, ""intensity_p_low"": 1, ""target_spacing_mm"": 2.9}",1785260377.853782,cached,,0.0,1.0,0.290088415145874,0.22912056744098663,0.8624496459960938,True,"high_intensity_touches_boundary:y,z"
5wh23gxr,c:\Users\myben\OneDrive\Documents\GitHub\DaT-Parkinson\niftis\5wh23gxr.nii.gz,c:\Users\myben\OneDrive\Documents\GitHub\DaT-Parkinson\preproc_cache\5wh23gxr_f84f2b8d5a9e.npy,f84f2b8d5a9e,"{""centroid_threshold_pct"": 0.4, ""crop_size"": 64, ""intensity_p_high"": 99, ""intensity_p_low"": 1, ""target_spacing_mm"": 2.9}",1785260362.4903748,cached,,0.0,1.0,0.3451220989227295,0.2249978631734848,0.8941993713378906,True,high_intensity_touches_boundary:y
irjutfvj,c:\Users\myben\OneDrive\Documents\GitHub\DaT-Parkinson\niftis\irjutfvj.nii.gz,c:\Users\myben\OneDrive\Documents\GitHub\DaT-Parkinson\preproc_cache\irjutfvj_f84f2b8d5a9e.npy,f84f2b8d5a9e,"{""centroid_threshold_pct"": 0.4, ""crop_size"": 64, ""intensity_p_high"": 99, ""intensity_p_low"": 1, ""target_spacing_mm"": 2.9}",1785260369.1945999,cached,,0.0,1.0,0.20464272797107697,0.26764336228370667,0.7439994812011719,True,
839ag77q,c:\Users\myben\OneDrive\Documents\GitHub\DaT-Parkinson\niftis\839ag77q.nii.gz,c:\Users\myben\OneDrive\Documents\GitHub\DaT-Parkinson\preproc_cache\839ag77q_f84f2b8d5a9e.npy,f84f2b8d5a9e,"{""centroid_threshold_pct"": 0.4, ""crop_size"": 64, ""intensity_p_high"": 99, ""intensity_p_low"": 1, ""target_spacing_mm"": 2.9}",1785260363.531211,cached,,0.0,1.0,0.396384060382843,0.27102479338645935,0.8999748229980469,True,"high_intensity_touches_boundary:y,z"
9vjuhbp9,c:\Users\myben\OneDrive\Documents\GitHub\DaT-Parkinson\niftis\9vjuhbp9.nii.gz,c:\Users\myben\OneDrive\Documents\GitHub\DaT-Parkinson\preproc_cache\9vjuhbp9_f84f2b8d5a9e.npy,f84f2b8d5a9e,"{""centroid_threshold_pct"": 0.4, ""crop_size"": 64, ""intensity_p_high"": 99, ""intensity_p_low"": 1, ""target_spacing_mm"": 2.9}",1785260364.4662251,cached,,0.0,1.0,0.2927683889865875,0.25770077109336853,0.7119026184082031,True,high_intensity_touches_boundary:y
vrnegn2b,c:\Users\myben\OneDrive\Documents\GitHub\DaT-Parkinson\niftis\vrnegn2b.nii.gz,c:\Users\myben\OneDrive\Documents\GitHub\DaT-Parkinson\preproc_cache\vrnegn2b_f84f2b8d5a9e.npy,f84f2b8d5a9e,"{""centroid_threshold_pct"": 0.4, ""crop_size"": 64, ""intensity_p_high"": 99, ""intensity_p_low"": 1, ""target_spacing_mm"": 2.9}",1785260376.269398,cached,,0.0,1.0,0.33149453997612,0.3078853189945221,0.7854385375976562,True,high_intensity_touches_boundary:y
4jtj27yh,c:\Users\myben\OneDrive\Documents\GitHub\DaT-Parkinson\niftis\4jtj27yh.nii.gz,c:\Users\myben\OneDrive\Documents\GitHub\DaT-Parkinson\preproc_cache\4jtj27yh_f84f2b8d5a9e.npy,f84f2b8d5a9e,"{""centroid_threshold_pct"": 0.4, ""crop_size"": 64, ""intensity_p_high"": 99, ""intensity_p_low"": 1, ""target_spacing_mm"": 2.9}",1785260361.776363,cached,,0.0,1.0,0.2931468188762665,0.265132874250412,0.9704093933105469,True,
6uamwjpi,c:\Users\myben\OneDrive\Documents\GitHub\DaT-Parkinson\niftis\6uamwjpi.nii.gz,c:\Users\myben\OneDrive\Documents\GitHub\DaT-Parkinson\preproc_cache\6uamwjpi_f84f2b8d5a9e.npy,f84f2b8d5a9e,"{""centroid_threshold_pct"": 0.4, ""crop_size"": 64, ""intensity_p_high"": 99, ""intensity_p_low"": 1, ""target_spacing_mm"": 2.9}",1785260363.0038662,cached,,0.0,1.0,0.37824565172195435,0.24112792313098907,0.9316177368164062,True,"high_intensity_touches_boundary:y,z"
wujt4ftl,c:\Users\myben\OneDrive\Documents\GitHub\DaT-Parkinson\niftis\wujt4ftl.nii.gz,c:\Users\myben\OneDrive\Documents\GitHub\DaT-Parkinson\preproc_cache\wujt4ftl_f84f2b8d5a9e.npy,f84f2b8d5a9e,"{""centroid_threshold_pct"": 0.4, ""crop_size"": 64, ""intensity_p_high"": 99, ""intensity_p_low"": 1, ""target_spacing_mm"": 2.9}",1785260376.8169172,cached,,0.0,1.0,0.33096516132354736,0.22014495730400085,0.8736381530761719,True,"high_intensity_touches_boundary:x,y,z"
h33hw8d0,c:\Users\myben\OneDrive\Documents\GitHub\DaT-Parkinson\niftis\h33hw8d0.nii.gz,c:\Users\myben\OneDrive\Documents\GitHub\DaT-Parkinson\preproc_cache\h33hw8d0_f84f2b8d5a9e.npy,f84f2b8d5a9e,"{""centroid_threshold_pct"": 0.4, ""crop_size"": 64, ""intensity_p_high"": 99, ""intensity_p_low"": 1, ""target_spacing_mm"": 2.9}",1785260368.5713203,cached,,0.0,1.0,0.3251027762889862,0.2515907883644104,0.8651199340820312,True,"high_intensity_touches_boundary:y,z"
9jrd4hqf,c:\Users\myben\OneDrive\Documents\GitHub\DaT-Parkinson\niftis\9jrd4hqf.nii.gz,c:\Users\myben\OneDrive\Documents\GitHub\DaT-Parkinson\preproc_cache\9jrd4hqf_f84f2b8d5a9e.npy,f84f2b8d5a9e,"{""centroid_threshold_pct"": 0.4, ""crop_size"": 64, ""intensity_p_high"": 99, ""intensity_p_low"": 1, ""target_spacing_mm"": 2.9}",1785260364.2622802,cached,,0.0,1.0,0.29641640186309814,0.273626446723938,0.933074951171875,True,high_intensity_touches_boundary:y
ghdiluvn,c:\Users\myben\OneDrive\Documents\GitHub\DaT-Parkinson\niftis\ghdiluvn.nii.gz,c:\Users\myben\OneDrive\Documents\GitHub\DaT-Parkinson\preproc_cache\ghdiluvn_f84f2b8d5a9e.npy,f84f2b8d5a9e,"{""centroid_threshold_pct"": 0.4, ""crop_size"": 64, ""intensity_p_high"": 99, ""intensity_p_low"": 1, ""target_spacing_mm"": 2.9}",1785260368.2003207,cached,,0.0,1.0,0.25833919644355774,0.2802159786224365,0.8552436828613281,True,
hdczp0nw,c:\Users\myben\OneDrive\Documents\GitHub\DaT-Parkinson\niftis\hdczp0nw.nii.gz,c:\Users\myben\OneDrive\Documents\GitHub\DaT-Parkinson\preproc_cache\hdczp0nw_f84f2b8d5a9e.npy,f84f2b8d5a9e,"{""centroid_threshold_pct"": 0.4, ""crop_size"": 64, ""intensity_p_high"": 99, ""intensity_p_low"": 1, ""target_spacing_mm"": 2.9}",1785260368.6752636,cached,,0.0,1.0,0.2748798727989197,0.1966238021850586,0.8755111694335938,True,"high_intensity_touches_boundary:x,y,z"
ntj5r2sl,c:\Users\myben\OneDrive\Documents\GitHub\DaT-Parkinson\niftis\ntj5r2sl.nii.gz,c:\Users\myben\OneDrive\Documents\GitHub\DaT-Parkinson\preproc_cache\ntj5r2sl_f84f2b8d5a9e.npy,f84f2b8d5a9e,"{""centroid_threshold_pct"": 0.4, ""crop_size"": 64, ""intensity_p_high"": 99, ""intensity_p_low"": 1, ""target_spacing_mm"": 2.9}",1785260371.9462874,cached,,0.0,1.0,0.312012255191803,0.2208290547132492,0.9034042358398438,True,"high_intensity_touches_boundary:y,z"
rw4vnzvz,c:\Users\myben\OneDrive\Documents\GitHub\DaT-Parkinson\niftis\rw4vnzvz.nii.gz,c:\Users\myben\OneDrive\Documents\GitHub\DaT-Parkinson\preproc_cache\rw4vnzvz_f84f2b8d5a9e.npy,f84f2b8d5a9e,"{""centroid_threshold_pct"": 0.4, ""crop_size"": 64, ""intensity_p_high"": 99, ""intensity_p_low"": 1, ""target_spacing_mm"": 2.9}",1785260374.1799562,cached,,0.0,1.0,0.3334577679634094,0.25413864850997925,0.8898162841796875,True,high_intensity_touches_boundary:y
n2hloiki,c:\Users\myben\OneDrive\Documents\GitHub\DaT-Parkinson\niftis\n2hloiki.nii.gz,c:\Users\myben\OneDrive\Documents\GitHub\DaT-Parkinson\preproc_cache\n2hloiki_f84f2b8d5a9e.npy,f84f2b8d5a9e,"{""centroid_threshold_pct"": 0.4, ""crop_size"": 64, ""intensity_p_high"": 99, ""intensity_p_low"": 1, ""target_spacing_mm"": 2.9}",1785260371.4469926,cached,,0.0,1.0,0.3721168637275696,0.24092337489128113,0.9000053405761719,True,"high_intensity_touches_boundary:y,z"
vqa7izq2,c:\Users\myben\OneDrive\Documents\GitHub\DaT-Parkinson\niftis\vqa7izq2.nii.gz,c:\Users\myben\OneDrive\Documents\GitHub\DaT-Parkinson\preproc_cache\vqa7izq2_f84f2b8d5a9e.npy,f84f2b8d5a9e,"{""centroid_threshold_pct"": 0.4, ""crop_size"": 64, ""intensity_p_high"": 99, ""intensity_p_low"": 1, ""target_spacing_mm"": 2.9}",1785260376.2555108,cached,,0.0,1.0,0.35286110639572144,0.25223401188850403,0.8905563354492188,True,high_intensity_touches_boundary:y
nmnr06dj,c:\Users\myben\OneDrive\Documents\GitHub\DaT-Parkinson\niftis\nmnr06dj.nii.gz,c:\Users\myben\OneDrive\Documents\GitHub\DaT-Parkinson\preproc_cache\nmnr06dj_f84f2b8d5a9e.npy,f84f2b8d5a9e,"{""centroid_threshold_pct"": 0.4, ""crop_size"": 64, ""intensity_p_high"": 99, ""intensity_p_low"": 1, ""target_spacing_mm"": 2.9}",1785260371.836599,cached,,0.0,1.0,0.38796740770339966,0.2722823917865753,0.9062423706054688,True,high_intensity_touches_boundary:y
in9rg4xv,c:\Users\myben\OneDrive\Documents\GitHub\DaT-Parkinson\niftis\in9rg4xv.nii.gz,c:\Users\myben\OneDrive\Documents\GitHub\DaT-Parkinson\preproc_cache\in9rg4xv_f84f2b8d5a9e.npy,f84f2b8d5a9e,"{""centroid_threshold_pct"": 0.4, ""crop_size"": 64, ""intensity_p_high"": 99, ""intensity_p_low"": 1, ""target_spacing_mm"": 2.9}",1785260369.165269,cached,,0.0,1.0,0.38667500019073486,0.22821296751499176,0.9170036315917969,True,"high_intensity_touches_boundary:y,z"
349n1d6d,c:\Users\myben\OneDrive\Documents\GitHub\DaT-Parkinson\niftis\349n1d6d.nii.gz,c:\Users\myben\OneDrive\Documents\GitHub\DaT-Parkinson\preproc_cache\349n1d6d_f84f2b8d5a9e.npy,f84f2b8d5a9e,"{""centroid_threshold_pct"": 0.4, ""crop_size"": 64, ""intensity_p_high"": 99, ""intensity_p_low"": 1, ""target_spacing_mm"": 2.9}",1785260360.9194598,cached,,0.0,1.0,0.2946828007698059,0.2481476068496704,0.7438087463378906,True,high_intensity_touches_boundary:y
zbc7qk4k,c:\Users\myben\OneDrive\Documents\GitHub\DaT-Parkinson\niftis\zbc7qk4k.nii.gz,c:\Users\myben\OneDrive\Documents\GitHub\DaT-Parkinson\preproc_cache\zbc7qk4k_f84f2b8d5a9e.npy,f84f2b8d5a9e,"{""centroid_threshold_pct"": 0.4, ""crop_size"": 64, ""intensity_p_high"": 99, ""intensity_p_low"": 1, ""target_spacing_mm"": 2.9}",1785260378.1872368,cached,,0.0,1.0,0.3384501338005066,0.24298204481601715,0.8900299072265625,True,high_intensity_touches_boundary:z
6ilsidbx,c:\Users\myben\OneDrive\Documents\GitHub\DaT-Parkinson\niftis\6ilsidbx.nii.gz,c:\Users\myben\OneDrive\Documents\GitHub\DaT-Parkinson\preproc_cache\6ilsidbx_f84f2b8d5a9e.npy,f84f2b8d5a9e,"{""centroid_threshold_pct"": 0.4, ""crop_size"": 64, ""intensity_p_high"": 99, ""intensity_p_low"": 1, ""target_spacing_mm"": 2.9}",1785260362.7362058,cached,,0.0,1.0,0.39458197355270386,0.23787227272987366,0.9309043884277344,True,high_intensity_touches_boundary:y
287gt76i,c:\Users\myben\OneDrive\Documents\GitHub\DaT-Parkinson\niftis\287gt76i.nii.gz,c:\Users\myben\OneDrive\Documents\GitHub\DaT-Parkinson\preproc_cache\287gt76i_f84f2b8d5a9e.npy,f84f2b8d5a9e,"{""centroid_threshold_pct"": 0.4, ""crop_size"": 64, ""intensity_p_high"": 99, ""intensity_p_low"": 1, ""target_spacing_mm"": 2.9}",1785260360.3960035,cached,,0.0,1.0,0.38810449838638306,0.2721763551235199,0.8903770446777344,True,high_intensity_touches_boundary:y
3hzcd3ge,c:\Users\myben\OneDrive\Documents\GitHub\DaT-Parkinson\niftis\3hzcd3ge.nii.gz,c:\Users\myben\OneDrive\Documents\GitHub\DaT-Parkinson\preproc_cache\3hzcd3ge_f84f2b8d5a9e.npy,f84f2b8d5a9e,"{""centroid_threshold_pct"": 0.4, ""crop_size"": 64, ""intensity_p_high"": 99, ""intensity_p_low"": 1, ""target_spacing_mm"": 2.9}",1785260361.121939,cached,,0.0,1.0,0.2798991799354553,0.2882280647754669,0.9252204895019531,True,high_intensity_touches_boundary:y
q10f7ia4,c:\Users\myben\OneDrive\Documents\GitHub\DaT-Parkinson\niftis\q10f7ia4.nii.gz,c:\Users\myben\OneDrive\Documents\GitHub\DaT-Parkinson\preproc_cache\q10f7ia4_f84f2b8d5a9e.npy,f84f2b8d5a9e,"{""centroid_threshold_pct"": 0.4, ""crop_size"": 64, ""intensity_p_high"": 99, ""intensity_p_low"": 1, ""target_spacing_mm"": 2.9}",1785260373.1691844,cached,,0.0,1.0,0.34521394968032837,0.2367565929889679,0.8904190063476562,True,"high_intensity_touches_boundary:y,z"
1sascebf,c:\Users\myben\OneDrive\Documents\GitHub\DaT-Parkinson\niftis\1sascebf.nii.gz,c:\Users\myben\OneDrive\Documents\GitHub\DaT-Parkinson\preproc_cache\1sascebf_f84f2b8d5a9e.npy,f84f2b8d5a9e,"{""centroid_threshold_pct"": 0.4, ""crop_size"": 64, ""intensity_p_high"": 99, ""intensity_p_low"": 1, ""target_spacing_mm"": 2.9}",1785260360.199057,cached,,0.0,1.0,0.26405248045921326,0.25872963666915894,0.9062614440917969,True,high_intensity_touches_boundary:y
e54ukigd,c:\Users\myben\OneDrive\Documents\GitHub\DaT-Parkinson\niftis\e54ukigd.nii.gz,c:\Users\myben\OneDrive\Documents\GitHub\DaT-Parkinson\preproc_cache\e54ukigd_f84f2b8d5a9e.npy,f84f2b8d5a9e,"{""centroid_threshold_pct"": 0.4, ""crop_size"": 64, ""intensity_p_high"": 99, ""intensity_p_low"": 1, ""target_spacing_mm"": 2.9}",1785260366.726745,cached,,0.0,1.0,0.3013390600681305,0.1953989416360855,0.9705238342285156,True,"high_intensity_touches_boundary:y,z"
ix1cnaq2,c:\Users\myben\OneDrive\Documents\GitHub\DaT-Parkinson\niftis\ix1cnaq2.nii.gz,c:\Users\myben\OneDrive\Documents\GitHub\DaT-Parkinson\preproc_cache\ix1cnaq2_f84f2b8d5a9e.npy,f84f2b8d5a9e,"{""centroid_threshold_pct"": 0.4, ""crop_size"": 64, ""intensity_p_high"": 99, ""intensity_p_low"": 1, ""target_spacing_mm"": 2.9}",1785260369.263612,cached,,0.0,1.0,0.2513973116874695,0.29042962193489075,0.8382034301757812,True,high_intensity_touches_boundary:y
yotos87m,c:\Users\myben\OneDrive\Documents\GitHub\DaT-Parkinson\niftis\yotos87m.nii.gz,c:\Users\myben\OneDrive\Documents\GitHub\DaT-Parkinson\preproc_cache\yotos87m_f84f2b8d5a9e.npy,f84f2b8d5a9e,"{""centroid_threshold_pct"": 0.4, ""crop_size"": 64, ""intensity_p_high"": 99, ""intensity_p_low"": 1, ""target_spacing_mm"": 2.9}",1785260377.8787987,cached,,0.0,1.0,0.2567797601222992,0.21252889931201935,0.8177299499511719,True,"high_intensity_touches_boundary:y,z"
vz01sosr,c:\Users\myben\OneDrive\Documents\GitHub\DaT-Parkinson\niftis\vz01sosr.nii.gz,c:\Users\myben\OneDrive\Documents\GitHub\DaT-Parkinson\preproc_cache\vz01sosr_f84f2b8d5a9e.npy,f84f2b8d5a9e,"{""centroid_threshold_pct"": 0.4, ""crop_size"": 64, ""intensity_p_high"": 99, ""intensity_p_low"": 1, ""target_spacing_mm"": 2.9}",1785260376.3866167,cached,,0.0,1.0,0.2098187357187271,0.22820910811424255,0.8832664489746094,True,high_intensity_touches_boundary:y
2hvnkvon,c:\Users\myben\OneDrive\Documents\GitHub\DaT-Parkinson\niftis\2hvnkvon.nii.gz,c:\Users\myben\OneDrive\Documents\GitHub\DaT-Parkinson\preproc_cache\2hvnkvon_f84f2b8d5a9e.npy,f84f2b8d5a9e,"{""centroid_threshold_pct"": 0.4, ""crop_size"": 64, ""intensity_p_high"": 99, ""intensity_p_low"": 1, ""target_spacing_mm"": 2.9}",1785260360.5226333,cached,,0.0,1.0,0.27747777104377747,0.23259024322032928,0.8853111267089844,True,"high_intensity_touches_boundary:x,y"
nlhapwf5,c:\Users\myben\OneDrive\Documents\GitHub\DaT-Parkinson\niftis\nlhapwf5.nii.gz,c:\Users\myben\OneDrive\Documents\GitHub\DaT-Parkinson\preproc_cache\nlhapwf5_f84f2b8d5a9e.npy,f84f2b8d5a9e,"{""centroid_threshold_pct"": 0.4, ""crop_size"": 64, ""intensity_p_high"": 99, ""intensity_p_low"": 1, ""target_spacing_mm"": 2.9}",1785260371.8256035,cached,,0.0,1.0,0.27263879776000977,0.2333613783121109,0.9124641418457031,True,high_intensity_touches_boundary:y
20xkiaip,c:\Users\myben\OneDrive\Documents\GitHub\DaT-Parkinson\niftis\20xkiaip.nii.gz,c:\Users\myben\OneDrive\Documents\GitHub\DaT-Parkinson\preproc_cache\20xkiaip_f84f2b8d5a9e.npy,f84f2b8d5a9e,"{""centroid_threshold_pct"": 0.4, ""crop_size"": 64, ""intensity_p_high"": 99, ""intensity_p_low"": 1, ""target_spacing_mm"": 2.9}",1785260360.262394,cached,,0.0,1.0,0.21771231293678284,0.23253805935382843,0.9376106262207031,True,high_intensity_touches_boundary:y
rqq5qob8,c:\Users\myben\OneDrive\Documents\GitHub\DaT-Parkinson\niftis\rqq5qob8.nii.gz,c:\Users\myben\OneDrive\Documents\GitHub\DaT-Parkinson\preproc_cache\rqq5qob8_f84f2b8d5a9e.npy,f84f2b8d5a9e,"{""centroid_threshold_pct"": 0.4, ""crop_size"": 64, ""intensity_p_high"": 99, ""intensity_p_low"": 1, ""target_spacing_mm"": 2.9}",1785260374.0726562,cached,,0.0,1.0,0.23197349905967712,0.24613435566425323,0.8377647399902344,True,
67kbqnxp,c:\Users\myben\OneDrive\Documents\GitHub\DaT-Parkinson\niftis\67kbqnxp.nii.gz,c:\Users\myben\OneDrive\Documents\GitHub\DaT-Parkinson\preproc_cache\67kbqnxp_f84f2b8d5a9e.npy,f84f2b8d5a9e,"{""centroid_threshold_pct"": 0.4, ""crop_size"": 64, ""intensity_p_high"": 99, ""intensity_p_low"": 1, ""target_spacing_mm"": 2.9}",1785260362.620038,cached,,0.0,1.0,0.2567692995071411,0.1877560019493103,0.8528861999511719,True,"high_intensity_touches_boundary:x,y"
vmsr75rm,c:\Users\myben\OneDrive\Documents\GitHub\DaT-Parkinson\niftis\vmsr75rm.nii.gz,c:\Users\myben\OneDrive\Documents\GitHub\DaT-Parkinson\preproc_cache\vmsr75rm_f84f2b8d5a9e.npy,f84f2b8d5a9e,"{""centroid_threshold_pct"": 0.4, ""crop_size"": 64, ""intensity_p_high"": 99, ""intensity_p_low"": 1, ""target_spacing_mm"": 2.9}",1785260376.2440634,cached,,0.0,1.0,0.3443482220172882,0.2487560510635376,0.8487014770507812,True,high_intensity_touches_boundary:y
g7f9fzja,c:\Users\myben\OneDrive\Documents\GitHub\DaT-Parkinson\niftis\g7f9fzja.nii.gz,c:\Users\myben\OneDrive\Documents\GitHub\DaT-Parkinson\preproc_cache\g7f9fzja_f84f2b8d5a9e.npy,f84f2b8d5a9e,"{""centroid_threshold_pct"": 0.4, ""crop_size"": 64, ""intensity_p_high"": 99, ""intensity_p_low"": 1, ""target_spacing_mm"": 2.9}",1785260368.024157,cached,,0.0,1.0,0.2675001621246338,0.2478403002023697,0.6960029602050781,True,high_intensity_touches_boundary:y
hsao2qwk,c:\Users\myben\OneDrive\Documents\GitHub\DaT-Parkinson\niftis\hsao2qwk.nii.gz,c:\Users\myben\OneDrive\Documents\GitHub\DaT-Parkinson\preproc_cache\hsao2qwk_f84f2b8d5a9e.npy,f84f2b8d5a9e,"{""centroid_threshold_pct"": 0.4, ""crop_size"": 64, ""intensity_p_high"": 99, ""intensity_p_low"": 1, ""target_spacing_mm"": 2.9}",1785260368.7903354,cached,,0.0,1.0,0.21229231357574463,0.2767530083656311,0.4943504333496094,True,
bsepr1b2,c:\Users\myben\OneDrive\Documents\GitHub\DaT-Parkinson\niftis\bsepr1b2.nii.gz,c:\Users\myben\OneDrive\Documents\GitHub\DaT-Parkinson\preproc_cache\bsepr1b2_f84f2b8d5a9e.npy,f84f2b8d5a9e,"{""centroid_threshold_pct"": 0.4, ""crop_size"": 64, ""intensity_p_high"": 99, ""intensity_p_low"": 1, ""target_spacing_mm"": 2.9}",1785260365.302538,cached,,0.0,1.0,0.2233847677707672,0.21615435183048248,0.6909027099609375,True,
0uc87nxp,c:\Users\myben\OneDrive\Documents\GitHub\DaT-Parkinson\niftis\0uc87nxp.nii.gz,c:\Users\myben\OneDrive\Documents\GitHub\DaT-Parkinson\preproc_cache\0uc87nxp_f84f2b8d5a9e.npy,f84f2b8d5a9e,"{""centroid_threshold_pct"": 0.4, ""crop_size"": 64, ""intensity_p_high"": 99, ""intensity_p_low"": 1, ""target_spacing_mm"": 2.9}",1785260359.6187298,cached,,0.0,1.0,0.29963961243629456,0.2771432399749756,0.8063697814941406,True,
0jf6dnob,c:\Users\myben\OneDrive\Documents\GitHub\DaT-Parkinson\niftis\0jf6dnob.nii.gz,c:\Users\myben\OneDrive\Documents\GitHub\DaT-Parkinson\preproc_cache\0jf6dnob_f84f2b8d5a9e.npy,f84f2b8d5a9e,"{""centroid_threshold_pct"": 0.4, ""crop_size"": 64, ""intensity_p_high"": 99, ""intensity_p_low"": 1, ""target_spacing_mm"": 2.9}",1785260359.4793801,cached,,0.0,1.0,0.3015625476837158,0.2318381816148758,0.8395957946777344,True,high_intensity_touches_boundary:y
k8hup3ft,c:\Users\myben\OneDrive\Documents\GitHub\DaT-Parkinson\niftis\k8hup3ft.nii.gz,c:\Users\myben\OneDrive\Documents\GitHub\DaT-Parkinson\preproc_cache\k8hup3ft_f84f2b8d5a9e.npy,f84f2b8d5a9e,"{""centroid_threshold_pct"": 0.4, ""crop_size"": 64, ""intensity_p_high"": 99, ""intensity_p_low"": 1, ""target_spacing_mm"": 2.9}",1785260370.138173,cached,,0.0,1.0,0.3538016974925995,0.26232272386550903,0.9113616943359375,True,"high_intensity_touches_boundary:y,z"
j6ac4jrc,c:\Users\myben\OneDrive\Documents\GitHub\DaT-Parkinson\niftis\j6ac4jrc.nii.gz,c:\Users\myben\OneDrive\Documents\GitHub\DaT-Parkinson\preproc_cache\j6ac4jrc_f84f2b8d5a9e.npy,f84f2b8d5a9e,"{""centroid_threshold_pct"": 0.4, ""crop_size"": 64, ""intensity_p_high"": 99, ""intensity_p_low"": 1, ""target_spacing_mm"": 2.9}",1785260369.416078,cached,,0.0,1.0,0.3674297332763672,0.27737149596214294,0.8542671203613281,True,"high_intensity_touches_boundary:y,z"
q97rcq6w,c:\Users\myben\OneDrive\Documents\GitHub\DaT-Parkinson\niftis\q97rcq6w.nii.gz,c:\Users\myben\OneDrive\Documents\GitHub\DaT-Parkinson\preproc_cache\q97rcq6w_f84f2b8d5a9e.npy,f84f2b8d5a9e,"{""centroid_threshold_pct"": 0.4, ""crop_size"": 64, ""intensity_p_high"": 99, ""intensity_p_low"": 1, ""target_spacing_mm"": 2.9}",1785260373.2686877,cached,,0.0,1.0,0.3337433934211731,0.19352108240127563,0.9462661743164062,True,"high_intensity_touches_boundary:y,z"
948ju63l,c:\Users\myben\OneDrive\Documents\GitHub\DaT-Parkinson\niftis\948ju63l.nii.gz,c:\Users\myben\OneDrive\Documents\GitHub\DaT-Parkinson\preproc_cache\948ju63l_f84f2b8d5a9e.npy,f84f2b8d5a9e,"{""centroid_threshold_pct"": 0.4, ""crop_size"": 64, ""intensity_p_high"": 99, ""intensity_p_low"": 1, ""target_spacing_mm"": 2.9}",1785260364.0891767,cached,,0.0,1.0,0.2921488881111145,0.2431296855211258,0.9442863464355469,True,high_intensity_touches_boundary:y
xsy4vy32,c:\Users\myben\OneDrive\Documents\GitHub\DaT-Parkinson\niftis\xsy4vy32.nii.gz,c:\Users\myben\OneDrive\Documents\GitHub\DaT-Parkinson\preproc_cache\xsy4vy32_f84f2b8d5a9e.npy,f84f2b8d5a9e,"{""centroid_threshold_pct"": 0.4, ""crop_size"": 64, ""intensity_p_high"": 99, ""intensity_p_low"": 1, ""target_spacing_mm"": 2.9}",1785260377.3800554,cached,,0.0,1.0,0.34455591440200806,0.240041121840477,0.8904075622558594,True,"high_intensity_touches_boundary:y,z"
i3pj7k99,c:\Users\myben\OneDrive\Documents\GitHub\DaT-Parkinson\niftis\i3pj7k99.nii.gz,c:\Users\myben\OneDrive\Documents\GitHub\DaT-Parkinson\preproc_cache\i3pj7k99_f84f2b8d5a9e.npy,f84f2b8d5a9e,"{""centroid_threshold_pct"": 0.4, ""crop_size"": 64, ""intensity_p_high"": 99, ""intensity_p_low"": 1, ""target_spacing_mm"": 2.9}",1785260369.0013316,cached,,0.0,1.0,0.36426520347595215,0.2572571039199829,0.8898773193359375,True,"high_intensity_touches_boundary:y,z"
bv2j3t4h,c:\Users\myben\OneDrive\Documents\GitHub\DaT-Parkinson\niftis\bv2j3t4h.nii.gz,c:\Users\myben\OneDrive\Documents\GitHub\DaT-Parkinson\preproc_cache\bv2j3t4h_f84f2b8d5a9e.npy,f84f2b8d5a9e,"{""centroid_threshold_pct"": 0.4, ""crop_size"": 64, ""intensity_p_high"": 99, ""intensity_p_low"": 1, ""target_spacing_mm"": 2.9}",1785260365.364647,cached,,0.0,1.0,0.3194774389266968,0.2578529119491577,0.850921630859375,True,"high_intensity_touches_boundary:y,z"
8qfdtn0p,c:\Users\myben\OneDrive\Documents\GitHub\DaT-Parkinson\niftis\8qfdtn0p.nii.gz,c:\Users\myben\OneDrive\Documents\GitHub\DaT-Parkinson\preproc_cache\8qfdtn0p_f84f2b8d5a9e.npy,f84f2b8d5a9e,"{""centroid_threshold_pct"": 0.4, ""crop_size"": 64, ""intensity_p_high"": 99, ""intensity_p_low"": 1, ""target_spacing_mm"": 2.9}",1785260363.9678888,cached,,0.0,1.0,0.28422051668167114,0.256805419921875,0.7149505615234375,True,"high_intensity_touches_boundary:y,z"
lcfr7cl6,c:\Users\myben\OneDrive\Documents\GitHub\DaT-Parkinson\niftis\lcfr7cl6.nii.gz,c:\Users\myben\OneDrive\Documents\GitHub\DaT-Parkinson\preproc_cache\lcfr7cl6_f84f2b8d5a9e.npy,f84f2b8d5a9e,"{""centroid_threshold_pct"": 0.4, ""crop_size"": 64, ""intensity_p_high"": 99, ""intensity_p_low"": 1, ""target_spacing_mm"": 2.9}",1785260370.699242,cached,,0.0,1.0,0.3916577994823456,0.2193349301815033,0.9628791809082031,True,"high_intensity_touches_boundary:y,z"
p3frb7ei,c:\Users\myben\OneDrive\Documents\GitHub\DaT-Parkinson\niftis\p3frb7ei.nii.gz,c:\Users\myben\OneDrive\Documents\GitHub\DaT-Parkinson\preproc_cache\p3frb7ei_f84f2b8d5a9e.npy,f84f2b8d5a9e,"{""centroid_threshold_pct"": 0.4, ""crop_size"": 64, ""intensity_p_high"": 99, ""intensity_p_low"": 1, ""target_spacing_mm"": 2.9}",1785260372.696874,cached,,0.0,1.0,0.4001210927963257,0.27712076902389526,0.8902511596679688,True,"high_intensity_touches_boundary:y,z"
5r8vo4kv,c:\Users\myben\OneDrive\Documents\GitHub\DaT-Parkinson\niftis\5r8vo4kv.nii.gz,c:\Users\myben\OneDrive\Documents\GitHub\DaT-Parkinson\preproc_cache\5r8vo4kv_f84f2b8d5a9e.npy,f84f2b8d5a9e,"{""centroid_threshold_pct"": 0.4, ""crop_size"": 64, ""intensity_p_high"": 99, ""intensity_p_low"": 1, ""target_spacing_mm"": 2.9}",1785260362.4481475,cached,,0.0,1.0,0.32222869992256165,0.26074880361557007,0.9786338806152344,True,high_intensity_touches_boundary:y
fflncc2a,c:\Users\myben\OneDrive\Documents\GitHub\DaT-Parkinson\niftis\fflncc2a.nii.gz,c:\Users\myben\OneDrive\Documents\GitHub\DaT-Parkinson\preproc_cache\fflncc2a_f84f2b8d5a9e.npy,f84f2b8d5a9e,"{""centroid_threshold_pct"": 0.4, ""crop_size"": 64, ""intensity_p_high"": 99, ""intensity_p_low"": 1, ""target_spacing_mm"": 2.9}",1785260367.6486084,cached,,0.0,1.0,0.34500452876091003,0.2758873403072357,0.8243026733398438,True,high_intensity_touches_boundary:y
trd83x9a,c:\Users\myben\OneDrive\Documents\GitHub\DaT-Parkinson\niftis\trd83x9a.nii.gz,c:\Users\myben\OneDrive\Documents\GitHub\DaT-Parkinson\preproc_cache\trd83x9a_f84f2b8d5a9e.npy,f84f2b8d5a9e,"{""centroid_threshold_pct"": 0.4, ""crop_size"": 64, ""intensity_p_high"": 99, ""intensity_p_low"": 1, ""target_spacing_mm"": 2.9}",1785260375.137331,cached,,0.0,1.0,0.27004534006118774,0.2391931563615799,0.9495353698730469,True,high_intensity_touches_boundary:y
ge9ny3mu,c:\Users\myben\OneDrive\Documents\GitHub\DaT-Parkinson\niftis\ge9ny3mu.nii.gz,c:\Users\myben\OneDrive\Documents\GitHub\DaT-Parkinson\preproc_cache\ge9ny3mu_f84f2b8d5a9e.npy,f84f2b8d5a9e,"{""centroid_threshold_pct"": 0.4, ""crop_size"": 64, ""intensity_p_high"": 99, ""intensity_p_low"": 1, ""target_spacing_mm"": 2.9}",1785260368.0913734,cached,,0.0,1.0,0.32336556911468506,0.23204828798770905,0.8600502014160156,True,"high_intensity_touches_boundary:y,z"
b6lbu9w3,c:\Users\myben\OneDrive\Documents\GitHub\DaT-Parkinson\niftis\b6lbu9w3.nii.gz,c:\Users\myben\OneDrive\Documents\GitHub\DaT-Parkinson\preproc_cache\b6lbu9w3_f84f2b8d5a9e.npy,f84f2b8d5a9e,"{""centroid_threshold_pct"": 0.4, ""crop_size"": 64, ""intensity_p_high"": 99, ""intensity_p_low"": 1, ""target_spacing_mm"": 2.9}",1785260364.9561267,cached,,0.0,1.0,0.27623802423477173,0.20062024891376495,0.8550910949707031,True,"high_intensity_touches_boundary:y,z"
ggo9dvws,c:\Users\myben\OneDrive\Documents\GitHub\DaT-Parkinson\niftis\ggo9dvws.nii.gz,c:\Users\myben\OneDrive\Documents\GitHub\DaT-Parkinson\preproc_cache\ggo9dvws_f84f2b8d5a9e.npy,f84f2b8d5a9e,"{""centroid_threshold_pct"": 0.4, ""crop_size"": 64, ""intensity_p_high"": 99, ""intensity_p_low"": 1, ""target_spacing_mm"": 2.9}",1785260368.1497695,cached,,0.0,1.0,0.2896718382835388,0.2293437421321869,0.8147125244140625,True,"high_intensity_touches_boundary:y,z"
3kcvjxzd,c:\Users\myben\OneDrive\Documents\GitHub\DaT-Parkinson\niftis\3kcvjxzd.nii.gz,c:\Users\myben\OneDrive\Documents\GitHub\DaT-Parkinson\preproc_cache\3kcvjxzd_f84f2b8d5a9e.npy,f84f2b8d5a9e,"{""centroid_threshold_pct"": 0.4, ""crop_size"": 64, ""intensity_p_high"": 99, ""intensity_p_low"": 1, ""target_spacing_mm"": 2.9}",1785260361.2347713,cached,,0.0,1.0,0.30548331141471863,0.2288074493408203,0.8543243408203125,True,"high_intensity_touches_boundary:y,z"
vyb4xz3m,c:\Users\myben\OneDrive\Documents\GitHub\DaT-Parkinson\niftis\vyb4xz3m.nii.gz,c:\Users\myben\OneDrive\Documents\GitHub\DaT-Parkinson\preproc_cache\vyb4xz3m_f84f2b8d5a9e.npy,f84f2b8d5a9e,"{""centroid_threshold_pct"": 0.4, ""crop_size"": 64, ""intensity_p_high"": 99, ""intensity_p_low"": 1, ""target_spacing_mm"": 2.9}",1785260376.363851,cached,,0.0,1.0,0.260733962059021,0.2678382396697998,0.6268882751464844,True,high_intensity_touches_boundary:y
